x_1,t_eng_1,t_fil_1,x_2,t_eng_2,t_fil_2,label,bisim,editex,editex_separate_substitutions,editex_separate_insertions,editex_separate_deletions,lcsubstring,lcsuf,levenshtein,levenshtein_consonant,levenshtein_separate_substitutions,levenshtein_separate_insertions,levenshtein_separate_deletions,prefix,visual_weighted,visual_weighted_separate_substitutions,visual_weighted_separate_insertions,visual_weighted_separate_deletions,aline_eng_kondrak_eng,aline_eng_kondrak_fil,aline_ph_mc_eng,aline_ph_mc_fil,len_diff,common_prefix_len,common_suffix_len,consonant_count_diff,syllable_diff,syllable_count_diff,vowel_count_diff,fil_vowel_skeleton_match,fil_penult_vowel_match,fil_onset_match,fil_coda_match,fil_phonetic_equal,n_marked,english_prominence_match
kay ciel,keɪ siːl,kajsjel,kayexalate,keɪɪksæleɪt,kajeksalate,1,0.3,0.6333333,4,3,0,0.3,0.0,0.3,0.39999998,5,2,0,0.3,0.64705884,3,3,0,0.56153846,0.519403,0.54615384,0.44179106,2,3,0,1,3,0,2,1,1,1,0,0,0,1
hydrochlorothiazide,haɪdɹəkloːɹoʊθɪeɪzaɪd,hjdɾoʧloɾothiʔazide,valsartan hydrochlorothiazide,vælsɑːɹtən haɪdɹəkloːɹoʊθɪeɪzaɪd,valsaɾtanhjdɾoʧloɾothiʔazide,0,0.62068963,0.79545456,0,9,0,0.6551724,0.6551724,0.6551724,0.6315789,0,10,0,0.0,0.8064516,0,9,0,0.6742857,0.6761364,0.6742857,0.6761364,10,0,19,6,3,3,3,0,1,0,1,0,2,1
hydrogesic,haɪdɹoʊdʒzɪk,hjdɾogesik,hydroxyzine,haɪdɹɑːksɪziːn,hjdɾoksjzine,1,0.45454547,0.8,4,1,0,0.45454547,0.0,0.5454545,0.5,4,1,0,0.45454547,0.7619048,4,1,0,0.7608108,0.5769231,0.6256757,0.5769231,1,5,0,1,0,0,0,0,0,1,0,0,1,0
miralax,mɜːɹɐlæks,miɾalaks,mirapex,mɜːɹeɪpɛks,miɾapeks,1,0.5714286,0.89285713,2,0,0,0.5714286,0.14285715,0.71428573,0.75,2,0,0,0.5714286,0.85714287,2,0,0,0.7909091,0.836,0.6309091,0.732,0,4,1,0,0,0,0,0,0,1,1,0,0,1
cetirizine,sɛɾɪɹɪziːn,ketiɾizine,sertraline,sɜːtɹəlaɪn,seɾtɾaline,1,0.2,0.8,5,0,0,0.3,0.3,0.5,0.5,5,0,0,0.0,0.74358976,5,0,0,0.74545455,0.6935484,0.5854545,0.62580645,0,0,3,1,1,1,1,0,1,1,1,0,0,1
asacol,ɐsækɑːl,ʔasakol,os cal,oʊɛs kæl,ʔoskal,1,0.0,0.8095238,2,0,1,0.16666667,0.16666667,0.5,0.75,3,0,0,0.0,0.72727275,2,0,1,0.7268293,0.8,0.45365855,0.5767442,0,0,1,0,1,1,1,0,0,0,1,0,1,0
riboflavin,ɹɪbəflævɪn,ɾiboflavjn,griseofulvin,gɹaɪsəfʌlvɪn,gɾiseofulvjn,0,0.33333334,0.76744187,3,2,0,0.25,0.25,0.5833334,0.71428573,3,2,0,0.0,0.77272725,3,2,0,0.6918919,0.69078946,0.6391892,0.69078946,2,0,3,1,0,1,1,0,0,0,1,0,0,1
sumatriptan,suːmɐtɹɪptən,sumatɾiptan,zolmitriptan,zɑːlmɪtɹɪptən,zolmitɾiptan,1,0.5,0.8913044,3,1,0,0.5833333,0.5833333,0.6666666,0.75,3,1,0,0.0,0.82608694,3,1,0,0.8618421,0.8684211,0.7434211,0.8,1,0,7,1,0,0,0,0,1,0,1,0,0,1
sudafed 12 hour,suːdeɪft twɛlv aʊɚ,sudafed12houɾ,sudafed 12 hour pressure pain,suːdeɪft twɛlv aʊɚ pɹɛʃɚ peɪn,sudafed12houɾpɾesjuɾepaʔin,1,0.51724136,0.6612903,1,12,0,0.51724136,0.0,0.51724136,0.5263158,0,14,0,0.51724136,0.64705884,0,12,0,0.6232877,0.4527027,0.6232877,0.4527027,14,15,0,7,4,4,5,0,1,1,0,0,0,0
lantus,læntəs,lantus,latuda,lætuːdə,latuda,1,0.5,0.75,1,1,1,0.33333334,0.0,0.5,0.5,1,1,1,0.33333334,0.75,1,1,1,0.68157893,0.69736844,0.6184211,0.6868421,0,2,0,1,1,1,1,0,1,1,0,0,1,1
clonidine,klɑːnɪdiːn,klonidine,colonaid,kɑːləneɪd,kolonajd,0,0.44444445,0.72727275,2,1,2,0.33333334,0.0,0.44444442,0.8,2,1,2,0.11111111,0.7058823,2,1,2,0.754,0.6181818,0.714,0.5418182,1,1,0,1,1,0,0,0,0,1,0,0,0,1
ceftazidime,sɛftɐzɪdaɪm,keftasidime,ceftriaxone,sɛftɹɪæksoʊn,keftɾiʔaksone,1,0.36363637,0.7906977,6,0,0,0.36363637,0.09090909,0.45454544,0.5,6,0,0,0.36363637,0.7380952,6,0,0,0.7189189,0.6419753,0.6486486,0.5691358,0,4,1,0,1,0,0,0,0,1,0,0,0,1
flumazenil,fluːmeɪznɪl,flumaʔzenil,influenza virus vaccine,ɪnfluːɛnzə vaɪɹəs væksiːn,ʔinflujsaviɾusvakʔineʔ,1,0.13043478,0.55,5,11,0,0.13043478,0.0,0.21739131,0.21428573,5,13,0,0.0,0.4918033,5,11,0,0.3627907,0.27246377,0.28139535,0.25797102,13,0,0,6,4,4,5,0,0,0,0,0,0,1
avandia,ævændiə,ʔavandia,vaniqa,vænɪkə,vaniʔka,0,0.2857143,0.76,2,0,1,0.42857143,0.14285715,0.57142854,0.6666666,2,0,1,0.0,0.7692308,2,0,1,0.6780488,0.5416667,0.6195122,0.47916666,1,0,1,0,0,1,1,0,1,0,0,0,0,1
clindesse,klɪndɛs,klindesse,scenesse,siːnɛs,skjse,0,0.33333334,0.8064516,3,0,1,0.44444445,0.44444445,0.5555556,0.5,3,0,1,0.0,0.78787875,1,1,2,0.52,0.29473683,0.4977778,0.29473683,1,0,4,1,0,1,0,0,1,0,1,0,0,1
lotronex,lɑːtɹoʊnɛks,lotɾoneks,lotemax,loʊtmæks,lotemaks,0,0.375,0.8333333,3,0,1,0.375,0.125,0.5,0.6,3,0,1,0.375,0.76666665,3,0,1,0.62903225,0.80701756,0.61612904,0.722807,1,3,1,1,0,0,0,0,1,1,1,0,1,0
anacin,ænɐsɪn,ʔanasjn,anacin 3,ænɐsɪn θɹiː,ʔanasjn3,1,0.75,1.0,0,0,0,0.75,0.0,0.75,0.6,0,2,0,0.75,1.0,0,0,0,0.6545454,1.0,0.6545454,1.0,2,6,0,0,0,0,0,1,1,1,1,1,0,1
tenex,tɛnɛks,teneks,xanax,zænæks,ksanaʔks,1,0.0,0.8,3,0,0,0.2,0.2,0.39999998,0.6666666,3,0,0,0.0,0.7,3,0,0,0.93421054,0.66346157,0.92368424,0.45576924,0,0,1,0,0,0,0,0,0,0,1,0,2,1
avandia,ævændiə,ʔavandia,prandin,pɹændɪn,pɾandin,1,0.42857143,0.7777778,3,0,0,0.5714286,0.0,0.57142854,0.39999998,3,0,0,0.0,0.78571427,3,0,0,0.65555555,0.62916666,0.5911111,0.5875,0,0,0,2,1,2,2,0,0,0,0,0,0,0
novolog innolet,nɑːvəlɑːg ɪnnɑːlɪt,novologʔinnolet,novolog penfill,nɑːvəlɑːg pɛnfɪl,novologpenfilj,0,0.53333336,0.8148148,4,1,1,0.53333336,0.0,0.6,0.7,6,0,0,0.53333336,0.78846157,6,0,0,0.75116277,0.7096774,0.69418603,0.6892473,0,8,0,1,1,1,1,1,1,1,0,0,1,1
nystatin,nɪstɐtɪn,njstatin,bysanti,baɪsænti,bjsantiʔ,0,0.25,0.73333335,3,0,1,0.25,0.0,0.5,0.5,3,0,1,0.0,0.73333335,3,0,1,0.618,0.60192305,0.504,0.60192305,1,0,0,1,0,0,0,1,1,0,0,0,0,1
ambien,æmbiən,ʔambjen,ambrisentan,æmbɹɪsɛntən,ʔambɾisentan,1,0.36363637,0.6969697,0,5,0,0.27272728,0.09090909,0.5454545,0.4285714,0,5,0,0.27272728,0.7058823,0,5,0,0.4594203,0.5171053,0.40869564,0.5171053,5,3,1,4,2,1,1,0,1,1,1,0,0,1
memantine,mɛmɐntiːn,memantine,methadone,mɛθɐdoʊn,methadone,1,0.33333334,0.8,5,0,0,0.22222222,0.22222222,0.44444442,0.39999998,5,0,0,0.22222222,0.75,3,1,1,0.662,0.6545454,0.622,0.64363635,0,2,2,0,0,0,0,0,1,1,1,0,0,1
fentanyl,fɛntɐnaɪl,fentanjl,eutonyl,juːtənaɪl,ʔewtonjl,0,0.25,0.8275862,2,0,1,0.375,0.375,0.625,0.6666666,2,0,1,0.0,0.8,2,0,1,0.7218182,0.6730769,0.66727275,0.5884615,1,0,3,2,0,0,1,0,0,0,1,0,0,1
lunesta,lʌnɛstə,lunesta,glumetza,gluːmɛtsə,glumetsa,0,0.125,0.76666665,3,1,0,0.25,0.125,0.5,0.19999999,3,1,0,0.0,0.76666665,3,1,0,0.768,0.776,0.74,0.768,1,0,1,1,0,0,0,1,1,0,1,0,0,1
reminyl,ɹɪmɪnaɪl,ɾeminjl,bricanyl,bɹɪkɐnaɪl,bɾikanjl,0,0.25,0.8,3,1,0,0.375,0.375,0.5,0.6666666,3,1,0,0.0,0.73333335,3,1,0,0.7218182,0.7076923,0.6309091,0.6076923,1,0,3,1,0,0,0,0,0,0,1,0,1,0
allegra,ɐlɛgɹə,ʔallegɾa,viagra,vaɪægɹə,vjagɾa,1,0.2857143,0.75,3,0,1,0.42857143,0.42857143,0.4285714,0.5,3,0,1,0.0,0.76,3,0,1,0.7,0.59,0.70487803,0.486,1,0,3,1,1,0,0,0,0,0,0,0,0,1
misoprostol,mɪsɑːpɹɑːstəl,misopɾostol,carisoprodol,kæɹɪsɑːpɹədɑːl,kaɾisopɾodol,0,0.5,0.8043478,2,2,1,0.5,0.16666667,0.5833334,0.4285714,2,2,1,0.0,0.7826087,2,2,1,0.71756756,0.722973,0.6581081,0.71756756,1,0,2,0,1,1,1,0,1,0,1,0,0,1
inspra,ɪnspɹɑː,ʔinspɾa,spiriva,spɪɹɪvə,spiɾiva,1,0.14285715,0.6153846,0,3,2,0.2857143,0.14285715,0.28571427,0.5,0,3,2,0.0,0.6153846,0,3,2,0.5511628,0.53333336,0.44186047,0.44444445,1,0,1,0,1,1,1,0,1,0,0,0,0,1
prazepam,pɹeɪzpæm,pɾasepam,temazepam,tɛmeɪzpæm,temasepam,0,0.5555556,0.8235294,2,1,0,0.6666667,0.6666667,0.6666666,0.6,2,1,0,0.0,0.8235294,2,1,0,0.7218182,0.69272727,0.7290909,0.7,1,0,6,0,1,1,1,0,1,0,1,0,1,0
renografin 60,ɹɪnɑːgɹɐfɪn sɪksti,ɾenogɾafin60,sinografin,sɪnəgɹæfɪn,sinogɾafin,0,0.53846157,0.925,2,0,0,0.61538464,0.0,0.6153846,0.5555556,2,0,3,0.0,0.9,2,0,0,0.581,0.9516129,0.511,0.9354839,3,0,0,0,0,0,0,0,0,0,0,0,1,0
effexor,ɛfɛksɚ,ʔeffeksoɾ,effexor xr,ɛfɛksɚɹ ɛksɑːɹ,ʔeffeksoɾksɾ,1,0.7,0.8666667,0,2,0,0.7,0.1,0.7,0.57142854,0,3,0,0.7,0.8666667,0,2,0,0.4864865,0.7307692,0.4864865,0.7307692,3,7,1,2,0,1,0,0,0,1,1,0,0,1
visicol,vɪsɪkɑːl,vikol,vaprisol,væpɹɪzɑːl,vapɾisol,0,0.375,0.8,3,1,0,0.25,0.25,0.5,0.39999998,3,1,0,0.125,0.73333335,3,1,0,0.684,0.494,0.684,0.494,1,1,2,1,0,0,0,0,1,1,1,0,0,1
restoril,ɹɪstoːɹəl,ɾestoɾil,crestor,kɹɛstɚ,kɾestoɾ,0,0.625,0.8,0,1,2,0.75,0.0,0.625,0.6,0,1,2,0.0,0.8275862,0,1,2,0.566,0.76,0.566,0.76,1,0,0,0,1,1,1,0,1,0,0,0,1,1
tacrolimus,tækɹəlɪməs,takɾolimus,tamsulosin,tæmsuːlɑːsɪn,tamsulosin,1,0.2,0.725,7,0,0,0.2,0.0,0.3,0.3333333,7,0,0,0.2,0.64102566,7,0,0,0.566129,0.5645161,0.516129,0.5435484,0,2,0,0,0,0,0,0,0,1,0,0,0,1
adderall,ædɚɹɔːl,ʔadɾol,adderall xr,ædɚɹɔːl ɛksɑːɹ,ʔadɾolksɾ,1,0.72727275,0.875,1,2,0,0.72727275,0.0,0.72727275,0.625,0,3,0,0.72727275,0.875,0,2,0,0.53731346,0.6440678,0.53731346,0.6440678,3,8,0,2,0,1,0,0,0,1,0,0,0,1
zemplar,zɛmplɚ,zemplaɾ,zemuron,ziːmjʊɹɹən,zemuɾon,1,0.42857143,0.78571427,4,0,0,0.42857143,0.0,0.4285714,0.39999998,4,0,0,0.42857143,0.71428573,4,0,0,0.43157893,0.5822222,0.38947368,0.4977778,0,3,0,1,1,1,1,0,1,1,0,0,0,0
doxorubicin hydrochloride liposomal,dɑːksoːɹuːbɪsɪn haɪdɹəkloːɹaɪd lɪpəsɑːməl,doksoɾubjsjnhjdɾoʧloɾideliposomal,epirubicin hydrochloride,ɛpɪɹuːbɪsɪn haɪdɹəkloːɹaɪd,ʔepiɾubjsjnhjdɾoʧloɾide,0,0.5714286,0.78181815,3,0,10,0.6,0.0,0.6,0.6363636,3,0,11,0.0,0.7706422,3,0,10,0.6442308,0.6435407,0.6278846,0.638756,11,0,0,6,4,6,4,0,1,0,0,0,0,1
albendazole,ælbəndæzoʊl,ʔalbendasole,pediazole,pɛdɪæzoʊl,pediasole,0,0.36363637,0.7692308,3,0,2,0.45454547,0.45454547,0.5454545,0.5,3,0,2,0.0,0.75,3,0,2,0.6970149,0.6351351,0.6522388,0.5810811,2,0,5,2,1,1,0,0,1,0,1,0,0,1
achromycin,ækɹoʊmaɪsɪn,ʔaʧɾomjsjn,rondomycin,ɹɑːndəmaɪsɪn,ɾondomjsjn,0,0.6,0.8,4,0,0,0.6,0.6,0.6,0.57142854,4,0,0,0.0,0.825,4,0,0,0.73731345,0.7257576,0.5970149,0.6530303,0,0,6,0,0,0,0,0,1,0,1,0,0,1
clobazam,kloʊbɐzæm,klobasam,cotazym,kɑːɾeɪzɪm,kotasjm,0,0.25,0.8333333,2,0,1,0.25,0.125,0.625,0.39999998,2,0,1,0.125,0.8,2,0,1,0.71090907,0.596,0.59818184,0.604,1,1,1,0,1,0,1,0,0,1,1,0,0,1
cetirizine,sɛɾɪɹɪziːn,ketiɾizine,stavudine,stævjuːdiːn,stavudine,1,0.2,0.7631579,5,0,1,0.3,0.3,0.39999998,0.39999998,5,0,1,0.0,0.68421054,5,0,1,0.74210525,0.74,0.7105263,0.66333336,1,0,3,0,1,1,1,0,0,1,1,0,0,1
neupogen,nuːpədʒən,neupogen,femogen,fɛmədʒən,femogen,0,0.375,0.8275862,2,0,1,0.5,0.5,0.625,0.5,2,0,1,0.0,0.8,2,0,1,0.744,0.67083335,0.726,0.65208334,1,0,4,0,0,0,1,0,1,0,1,0,0,1
betapace,beɪɾəpeɪs,betapakeʔ,butapap,bjuːɾɐpæp,butapap,0,0.5,0.8333333,2,0,1,0.5,0.0,0.625,0.75,2,0,1,0.125,0.8,2,0,1,0.76792455,0.7090909,0.69245285,0.6909091,1,1,0,0,1,0,1,0,1,1,0,0,0,1
methadone,mɛθɐdoʊn,methadone,metastron,mɛɾəstɹən,metastɾon,0,0.44444445,0.7714286,3,1,1,0.33333334,0.0,0.44444442,0.5,3,1,1,0.33333334,0.7222222,3,1,1,0.64736843,0.65789473,0.5,0.6508772,0,3,0,1,1,0,1,1,1,1,1,0,0,1
hydroxychloroquine,haɪdɹɑːksɪkloːɹoʊkwaɪn,hjdɾoksjʧloɾokine,hydroxyurea,haɪdɹɑːksɪjuːɹiə,hjdɾoksjuɾea,1,0.3888889,0.6981132,3,0,7,0.3888889,0.0,0.44444442,0.5833334,3,0,7,0.3888889,0.6551724,3,0,7,0.63442624,0.63486236,0.5934426,0.59816515,7,7,0,5,2,1,2,0,0,1,0,0,1,0
rabeprazole,ɹeɪbpɹɐzoʊl,ɾabepɾasole,aspirin omeprazole,æspɹɪn oʊmpɹɐzoʊl,ʔaspiɾinʔomepɾasole,0,0.3888889,0.73214287,2,6,0,0.44444445,0.44444445,0.5,0.5,2,7,0,0.0,0.71428573,2,6,0,0.627551,0.4871795,0.627551,0.45128205,7,0,8,3,3,3,3,0,0,0,1,0,0,1
alkeran,ælkɚɹən,ʔalkeɾan,leukeran,luːkɚɹən,leukeɾan,1,0.5,0.8275862,2,1,0,0.625,0.625,0.625,1.0,2,1,0,0.0,0.8,2,1,0,0.8372093,0.704,0.8372093,0.68,1,0,5,0,0,0,1,0,1,0,1,0,0,1
tresiba,tɹɛzɪbə,tɾesiba,cresemba,kɹɛsɛmbə,kɾesembaʔ,0,0.375,0.8333333,2,1,0,0.375,0.25,0.625,0.6,2,1,0,0.0,0.8,2,1,0,0.758,0.68421054,0.75,0.65964913,1,0,2,1,0,0,0,1,1,0,1,0,0,0
zocor,zɑːkɚ,zokoɾ,zyrtec,zɪətɛk,zjɾtek,1,0.16666667,0.6363636,4,1,0,0.16666667,0.0,0.16666669,0.39999998,4,1,0,0.16666667,0.5454545,4,1,0,0.59166664,0.3925,0.42222223,0.3825,1,1,0,2,1,0,1,0,0,1,0,0,1,0
normodyne,noːɹmədaɪn,noɾmodjne,normozide,noːɹməzaɪd,noɾmozide,0,0.5555556,0.8611111,3,0,0,0.5555556,0.11111111,0.6666666,0.5,3,0,0,0.5555556,0.8333333,3,0,0,0.9,0.7157895,0.89272726,0.70877194,0,5,1,1,1,0,1,0,1,1,0,0,0,1
kayexalate,keɪɪksæleɪt,kajeksalate,aerolate,ɛɹoʊleɪt,ʔaeɾolate,0,0.3,0.8181818,2,0,2,0.4,0.4,0.6,0.39999998,2,0,2,0.0,0.7777778,2,0,2,0.58,0.6149254,0.58,0.5432836,2,0,4,2,1,0,0,0,0,0,1,0,0,1
occlusal hp,əkluːzəl eɪtʃpiː,ʔoklusalhp,ocuflox,ɑːkəflɑːks,ʔokufloks,1,0.18181819,0.6969697,3,0,3,0.18181819,0.0,0.36363637,0.25,3,0,4,0.18181819,0.64705884,3,0,3,0.5303798,0.578125,0.3607595,0.578125,4,2,0,3,0,0,0,0,1,1,0,0,0,1
sandimmune,sændɪmjuːn,sandimmune,sandostatin,sændəstætɪn,sandostatin,1,0.36363637,0.73170733,6,1,0,0.36363637,0.0,0.36363637,0.57142854,6,1,0,0.36363637,0.65853655,6,1,0,0.5768116,0.60144925,0.51884055,0.56231886,1,4,0,1,0,1,0,0,0,1,1,0,0,1
lunesta,lʌnɛstə,lunesta,neulasta,nuːlæstə,neulasta,1,0.375,0.7586207,3,1,0,0.375,0.375,0.5,0.5,3,1,0,0.0,0.73333335,3,1,0,0.627907,0.5875,0.627907,0.56666666,1,0,3,0,0,0,1,0,0,0,1,0,0,1
advair,ɐdvɛɹ,ʔadvajɾ,advicor,ɐdvɪkɚ,ʔadvjsoɾ,1,0.42857143,0.84000003,2,1,0,0.42857143,0.14285715,0.57142854,0.75,2,1,0,0.42857143,0.7692308,2,1,0,0.6638889,0.6730769,0.6638889,0.6730769,1,3,1,1,1,1,0,0,1,1,1,0,1,0
activase,æktɪveɪs,ʔaktivase,noctiva,nɑːktɪvə,noktiva,0,0.5,0.76666665,1,1,2,0.625,0.0,0.5,0.5,1,1,2,0.0,0.73333335,1,1,2,0.77708334,0.64,0.57916665,0.56363636,1,0,0,0,1,0,1,0,1,0,0,0,0,1
pralidoxime,pɹælɪdɑːksaɪm,pɾalidoksime,pyridoxine,pɪɹɪdɑːksaɪn,pjɾidoksʔineʔ,1,0.45454547,0.88095236,3,0,1,0.45454547,0.09090909,0.6363636,0.5,3,0,1,0.09090909,0.8292683,3,0,1,0.8337838,0.7180723,0.8391892,0.72289157,1,1,1,0,1,0,1,1,1,1,0,0,0,1
normodyne,noːɹmədaɪn,noɾmodjne,norpramin,noːɹpɹɐmɪn,noɾpɾamin,1,0.33333334,0.7222222,4,1,1,0.33333334,0.0,0.3333333,0.5,6,0,0,0.33333334,0.6666666,6,0,0,0.69649124,0.5947368,0.6421053,0.59122807,0,3,0,0,0,0,0,0,0,1,1,0,0,1
folic acid,fɑːlɪk æsɪd,folikʔasid,folinic acid,fəlɪnɪk æsɪd,folinikʔasid,1,0.8333333,0.9,0,2,0,0.5833333,0.5833333,0.8333333,0.85714287,0,2,0,0.33333334,0.92105263,0,2,0,0.75820893,0.7837838,0.7283582,0.7837838,2,4,7,1,1,1,1,0,1,1,1,0,2,1
celebrex,sɛlɪbɹɛks,kelebɾeks,clobex,kloʊbɛks,klobeks,0,0.25,0.82142854,1,0,2,0.25,0.25,0.625,0.8,1,0,2,0.125,0.78571427,1,0,2,0.66842103,0.70526314,0.66842103,0.70526314,2,1,2,1,1,1,1,0,1,0,1,0,1,0
latanoprost,lætɐnɑːpɹɑːst,latanopɾost,travoprost,tɹævəpɹɑːst,tɾavopɾost,0,0.45454547,0.8095238,3,0,1,0.54545456,0.54545456,0.6363636,0.57142854,3,0,1,0.0,0.8095238,3,0,1,0.7,0.7057971,0.6681159,0.7115942,1,0,6,0,1,1,1,0,1,0,1,0,0,1
celexa,sɛlɛksə,kʔelksaʔ,zyprexa,zɪpɹɛksə,zjpɾeksaʔ,1,0.2857143,0.8076923,3,1,0,0.42857143,0.42857143,0.4285714,0.19999999,3,1,0,0.0,0.6923077,3,1,0,0.758,0.49661016,0.758,0.49661016,1,0,3,2,1,0,1,1,1,0,1,0,0,1
toujeo,taʊdʒɪoʊ,toʔuʤeo,tradjenta,tɹædʒɛntə,tɾadʤenta,1,0.22222222,0.64285713,3,3,0,0.22222222,0.0,0.3333333,0.3333333,3,3,0,0.11111111,0.6,3,3,0,0.5596491,0.35789475,0.47894737,0.26666668,3,1,0,4,1,1,1,0,0,1,0,0,0,0
navane,næveɪn,navaneʔ,norvasc,noːɹvæsk,noɾvk,1,0.2857143,0.72,3,1,0,0.2857143,0.0,0.4285714,0.39999998,3,1,0,0.14285715,0.6923077,3,1,0,0.54,0.40465117,0.5311111,0.29302326,1,1,0,2,1,0,1,0,0,1,0,0,1,1
gabapentin,gæbeɪpɛntɪn,gabapentin,cogentin,koʊdʒəntɪn,kogentin,0,0.4,0.75,3,0,2,0.5,0.5,0.5,0.5,3,0,2,0.0,0.75,3,0,2,0.70597017,0.66129035,0.6671642,0.58387095,2,0,5,1,1,1,1,0,1,0,1,0,0,0
neratinib,nɛɹɐtɪnɪb,neɾatinib,niraparib,nɜːɹɐpæɹɪb,niɾapaɾib,1,0.33333334,0.8333333,4,0,0,0.22222222,0.22222222,0.5555556,0.6,4,0,0,0.11111111,0.7777778,4,0,0,0.8272727,0.84181815,0.8272727,0.74727273,0,1,2,0,0,0,0,0,0,1,1,0,0,1
metoprolol succinate,mɛɾəpɹɑːlɑːl səksɪneɪt,metopɾololsukjnate,metoprolol tartrate,mɛɾəpɹɑːlɑːl tɑːɹtɹeɪt,metopɾololtaɾtɾate,1,0.65,0.8630137,5,0,1,0.55,0.15,0.7,0.6666666,5,0,1,0.55,0.8378378,5,0,1,0.817094,0.84821427,0.7931624,0.80714285,1,11,3,0,1,1,1,0,0,1,1,0,0,0
darvon compound,dɑːɹvɑːn kɑːmpaʊnd,daɾvonko³³pɔ⁴¹und,darvon w asa,dɑːɹvɑːn dʌbəljuː ɐsæ,daɾvonwʔasa,0,0.46666667,0.7173913,4,0,4,0.46666667,0.0,0.46666664,0.5,5,0,3,0.46666667,0.6666666,4,0,4,0.61938775,0.6530864,0.49693877,0.52716047,3,7,0,3,0,0,1,0,0,1,0,0,0,0
abelcet,eɪbəlsɪt,ʔabelket,amphotericin b,æmfoʊtɹɪsɪn biː,ʔamphoteɾajsjnb,1,0.071428575,0.5897436,4,6,0,0.071428575,0.0,0.21428573,0.111111104,4,7,0,0.071428575,0.525,4,6,0,0.38734177,0.31443298,0.378481,0.28762886,7,1,0,4,2,2,2,0,1,0,0,0,0,1
argatroban,ɑːɹgɐtɹɑːbən,ʔaɾgatɾoban,natroba,nætɹoʊbə,natɾoba,0,0.5,0.7647059,1,0,3,0.6,0.0,0.6,0.5,1,0,3,0.0,0.7647059,1,0,3,0.61290324,0.5362319,0.38709676,0.5304348,3,0,0,2,1,1,1,0,0,0,0,0,1,0
healon,hiːlɑːn,healon,halcion,hælʃən,halsjon,0,0.42857143,0.77272725,0,2,1,0.2857143,0.2857143,0.57142854,0.75,0,2,1,0.14285715,0.7692308,0,2,1,0.75789475,0.64444447,0.6789474,0.5555556,1,1,2,1,0,1,0,0,0,1,1,0,2,1
zyrtec,zɪətɛk,zjɾtek,zyrtec d,zɪətɛk diː,zjɾtekd,1,0.75,0.9230769,0,1,0,0.75,0.0,0.75,0.71428573,0,2,0,0.75,0.9230769,0,1,0,0.75,0.85106385,0.75,0.85106385,2,6,0,1,0,0,0,1,1,1,0,0,0,1
dimenhydrinate,daɪmənhaɪdɹɪneɪt,dimenhjdɾinate,diphenhydramine,dɪfənhaɪdɹɐmiːn,diphenhjdɾamine,1,0.53333336,0.8363637,5,1,0,0.4,0.06666667,0.6,0.6,5,1,0,0.13333334,0.82142854,5,1,0,0.79791665,0.7873684,0.68854165,0.7031579,1,2,1,1,0,0,0,0,0,1,0,0,0,1
desmopressin,dɛzməpɹɛsɪn,desmosin,vasopressin,væsəpɹɛsɪn,vsin,1,0.5833333,0.8863636,2,0,1,0.6666667,0.6666667,0.75,0.75,2,0,1,0.0,0.86956525,2,0,1,0.82173914,0.404,0.8275362,0.404,1,0,8,1,0,0,0,0,1,0,1,0,0,1
doxorubicin liposomal,dɑːksoːɹuːbɪsɪn lɪpəsɑːməl,doksoɾubjsjnliposomal,doxorubicin hydrochloride liposomal,dɑːksoːɹuːbɪsɪn haɪdɹəkloːɹaɪd lɪpəsɑːməl,doksoɾubjsjnhjdɾoʧloɾideliposomal,0,0.6,0.7619048,0,13,0,0.34285715,0.2857143,0.6,0.5454545,0,14,0,0.34285715,0.7669903,0,13,0,0.5139423,0.5248804,0.49519232,0.5215311,14,12,10,9,4,6,4,0,1,1,1,0,0,1
bayhep b,beɪhɛp biː,bajhepb,bayrho d,beɪrhoʊ diː,bajɾhoʔd,1,0.375,0.72727275,2,1,1,0.375,0.0,0.5,0.5,4,0,0,0.375,0.75,4,0,0,0.7169811,0.6942308,0.73207545,0.7019231,0,3,0,0,0,0,0,0,1,1,0,0,0,1
hydrochlorothiazide,haɪdɹəkloːɹoʊθɪeɪzaɪd,hjdɾoʧloɾothiʔazide,hydroxyzine,haɪdɹɑːksɪziːn,hjdɾoksjzine,1,0.31578946,0.66071427,3,0,8,0.2631579,0.05263158,0.42105263,0.4166667,3,0,8,0.2631579,0.6333333,3,0,8,0.5186441,0.4579832,0.4779661,0.44117647,8,5,1,4,3,3,4,0,1,1,0,0,1,0
paxil,pæksɪl,paksil,taxol,tæksɑːl,taksol,1,0.2,0.85,2,0,0,0.4,0.2,0.6,0.6666666,2,0,0,0.0,0.78947365,2,0,0,0.9605263,0.94736844,0.83947366,0.93157893,0,0,1,0,0,0,0,0,1,0,1,0,0,1
plavix,plævɪks,plavjks,pradaxa,pɹædæksə,pɾadaksaʔ,1,0.14285715,0.7692308,3,1,0,0.14285715,0.0,0.4285714,0.5,3,1,0,0.14285715,0.6923077,3,1,0,0.812,0.5473684,0.82,0.55438596,1,1,0,0,1,1,1,0,0,1,0,0,1,0
lamotrigine,læmətɹɪdʒɪn,lamotɾigine,levothyroxine,lɛvəθɪɹəksaɪn,levatjɾoksʔineʔ,1,0.30769232,0.80851066,4,2,0,0.23076923,0.23076923,0.53846157,0.5,4,2,0,0.07692308,0.75,4,2,0,0.7113924,0.5768421,0.6240506,0.46105263,2,1,3,2,0,1,0,0,0,1,1,0,0,1
diovan,dɪɑːvæn,diovan,zyban,zaɪbən,zjban,1,0.16666667,0.71428573,3,0,1,0.33333334,0.33333334,0.3333333,0.25,3,0,1,0.0,0.6363636,3,0,1,0.8888889,0.475,0.5555556,0.475,1,0,2,1,1,1,2,0,1,0,1,0,2,1
emflaza,ɛmflɑːzə,ʔemflasa,enflonsia,ɛnflɑːnsiə,ʔenflonsia,0,0.22222222,0.7741935,3,2,0,0.22222222,0.11111111,0.44444442,0.39999998,3,2,0,0.11111111,0.71875,3,2,0,0.7381818,0.7741935,0.7090909,0.63870966,2,1,1,1,0,1,1,0,1,1,0,0,1,0
tanzeum,tænziːəm,tansjum,toujeo,taʊdʒɪoʊ,toʔuʤeo,1,0.14285715,0.6521739,4,0,1,0.14285715,0.0,0.28571427,0.25,4,0,1,0.14285715,0.6153846,4,0,1,0.7195652,0.36666667,0.5195652,0.22444445,1,1,0,2,0,1,1,1,1,1,0,0,1,0
spravato,spɹævɑːɾoʊ,spɾavatoʔ,steglatro,stɛglætɹoʊ,steglatɾo,1,0.22222222,0.7058823,4,1,0,0.22222222,0.11111111,0.44444442,0.3333333,4,1,0,0.11111111,0.7058823,4,1,0,0.5967742,0.55263156,0.60967743,0.48947367,1,1,1,1,0,0,0,0,1,1,1,0,1,1
silodosin,saɪlədɑːsɪn,silodosin,sirolimus,sɪɹəlɪməs,siɾolimus,1,0.22222222,0.75,6,0,0,0.22222222,0.0,0.3333333,0.39999998,6,0,0,0.22222222,0.64705884,6,0,0,0.6716667,0.6036364,0.47833332,0.5709091,0,2,0,0,0,0,0,0,0,1,0,0,0,1
methyltestosterone,mɛθəlɾɪstɑːstɚɹoʊn,methjltestosteɾone,methyldopate hcl,mɛθəldɑːpeɪt eɪtʃsiːɛl,methjldopateʔhkl,0,0.3888889,0.74603176,7,0,3,0.33333334,0.0,0.44444442,0.5,8,0,2,0.33333334,0.6969697,7,0,3,0.63391304,0.6315789,0.5269565,0.6122807,2,6,0,1,2,0,2,0,1,1,0,0,0,1
alkeran,ælkɚɹən,ʔalkeɾan,myleran,maɪlɚɹən,mjleɾan,1,0.42857143,0.82142854,1,1,1,0.5714286,0.5714286,0.57142854,0.39999998,3,0,0,0.0,0.78571427,3,0,0,0.74791664,0.58,0.70625,0.58,0,0,4,1,1,0,1,1,1,0,1,0,0,1
cetacort,sɛɾɐkɔːɹt,ketakoɾt,kenacort,kɛnɐkɔːɹt,kenakoɾt,0,0.5,0.90625,2,0,0,0.625,0.625,0.75,0.6,2,0,0,0.0,0.875,2,0,0,0.78,0.9,0.772,0.9,0,0,5,0,0,0,0,1,1,0,1,0,0,1
viagra,vaɪægɹə,vjagɾa,viadur,vaɪədjʊɹ,viaduɾ,0,0.5,0.72727275,3,0,0,0.5,0.0,0.5,0.6666666,3,0,0,0.5,0.75,3,0,0,0.7708333,0.57894737,0.6375,0.4631579,0,3,0,0,0,0,0,0,1,1,0,0,0,0
duloxetine,duːləksɛtiːn,duloksetine,eloxatin,ɪlɑːksɐtɪn,ʔeloksatin,0,0.4,0.8333333,2,0,2,0.3,0.0,0.6,0.8,2,0,2,0.0,0.7777778,2,0,2,0.86774194,0.80895525,0.7225807,0.7164179,2,0,0,1,1,0,1,0,0,0,1,0,0,1
fortical,fɔːɹɾɪkəl,foɾtikal,farydak,fɑːɹɹɪdæk,faɾjdak,0,0.125,0.73333335,4,0,1,0.125,0.0,0.375,0.39999998,4,0,1,0.125,0.6666666,4,0,1,0.778,0.73,0.61,0.55,1,1,0,0,1,0,1,0,1,1,0,0,0,1
restoril,ɹɪstoːɹəl,ɾestoɾil,risperdal,ɹɪspɜːdəl,ɾispeɾdal,1,0.22222222,0.7941176,4,1,0,0.22222222,0.11111111,0.44444442,0.6666666,4,1,0,0.11111111,0.6969697,4,1,0,0.884,0.81578946,0.884,0.7245614,1,1,1,1,0,0,0,0,1,1,1,0,1,1
sudafed,suːdeɪft,sudafed,histafed,hɪsteɪft,histafed,0,0.375,0.79310346,3,1,0,0.5,0.5,0.5,0.6,3,1,0,0.0,0.73333335,3,1,0,0.7,0.7,0.7,0.7,1,0,4,1,0,0,0,0,1,0,1,0,1,1
malarone,mælɐɹoʊn,malaɾone,mefloquine,mɛfləkwaɪn,meflokine,1,0.2,0.7714286,4,2,0,0.2,0.2,0.39999998,0.6,4,2,0,0.1,0.6666666,4,2,0,0.66612905,0.6890909,0.5564516,0.48909092,2,1,2,1,0,0,1,0,0,1,1,0,0,1
tromethamine,tɹoʊmθɐmiːn,tɾomethamine,promethazine plain,pɹoʊmiːθeɪziːn pleɪn,pɾomethasʔineʔplaʔin,0,0.44444445,0.76363635,2,5,0,0.3888889,0.0,0.5555556,0.45454544,2,6,0,0.0,0.7586207,2,5,0,0.5223301,0.50079364,0.4407767,0.50396824,6,0,0,3,1,2,2,0,1,0,1,0,0,1
duloxetine,duːləksɛtiːn,duloksetine,fluoxetine,fljuːəksɛtiːn,fluʔoksetine,1,0.6,0.84615386,3,0,0,0.7,0.7,0.7,0.8,3,0,0,0.0,0.85,3,0,0,0.7521739,0.71216214,0.7289855,0.71756756,0,0,7,0,1,0,0,1,1,0,1,0,0,1
lanoxin,lænəksɪn,lanoksin,naloxone,næləksoʊn,naloksone,1,0.125,0.76666665,3,1,0,0.25,0.0,0.5,0.5,3,1,0,0.0,0.73333335,3,1,0,0.6290909,0.6036364,0.6290909,0.5854545,1,0,0,0,1,0,1,0,1,0,1,0,0,1
apixaban,ɐpɪksæbən,ʔapiksaban,axitinib,æksɪtɪnɪb,ʔaksitinib,1,0.125,0.6875,6,0,0,0.125,0.0,0.25,0.25,6,0,0,0.125,0.625,6,0,0,0.73636365,0.7064516,0.6890909,0.57741934,0,1,0,0,0,0,0,0,0,1,0,0,0,1
filkri,fɪlkɹi,filkɾiʔ,filspari,fɪlspæɹi,filspaɾiʔ,0,0.5,0.78571427,1,2,0,0.375,0.25,0.625,0.6,1,2,0,0.375,0.7692308,1,2,0,0.626,0.67192984,0.626,0.67192984,2,3,2,1,1,1,1,0,0,1,1,0,0,0
gastrovist,gæstɹəvɪst,gastɾovist,md gastroview,ɛmdiː gæstɹəvjuː,mdgastɾovjew,0,0.53846157,0.8095238,2,2,0,0.61538464,0.0,0.6153846,0.44444442,2,3,0,0.0,0.8181818,2,2,0,0.58395064,0.6448718,0.57160497,0.6320513,3,0,0,1,0,1,1,0,0,0,0,0,0,1
propylthiouracil,pɹoʊpəlθjɚɹæsɪl,pɾopjltjʔawɾasjl,purinethol,pjʊɹɹaɪnθɑːl,puɾinethol,1,0.125,0.625,4,1,7,0.125,0.0625,0.3125,0.5,5,0,6,0.0625,0.5686275,5,0,6,0.50215054,0.2783019,0.40107527,0.22735849,6,1,1,4,0,2,2,0,1,1,1,0,0,1
bidex,baɪdɛks,bideks,videx,vaɪdɛks,vidjks,1,0.6,0.9,1,0,0,0.8,0.8,0.8,0.6666666,1,0,0,0.0,0.9,1,0,0,0.95581394,0.6775,0.95581394,0.6775,0,0,4,0,0,0,0,1,1,0,1,0,0,1
benadryl,bɛnɐdɹɪl,benadɾjl,benazepril,bɛneɪzpɹəl,benasepɾil,1,0.4,0.8055556,2,2,0,0.4,0.1,0.6,0.5,2,2,0,0.4,0.7714286,2,2,0,0.8048387,0.61451614,0.61451614,0.60806453,2,4,1,0,2,1,2,0,0,1,1,0,0,1
alfentanil,ɐlfɛntɐnɪl,ʔalfentanil,sufentanil,suːfəntænɪl,sufentanil,1,0.7,0.9,2,0,0,0.8,0.8,0.8,0.8333333,2,0,0,0.0,0.8947368,2,0,0,0.83870965,0.75652176,0.67096776,0.7246377,0,0,8,0,0,0,0,0,1,0,1,0,0,1
sonata,sənɑːɾə,sonataʔ,sovuna,səvuːnə,sovunaʔ,0,0.5,0.7916667,3,0,0,0.33333334,0.16666667,0.5,0.3333333,3,0,0,0.33333334,0.75,3,0,0,0.60555553,0.7186046,0.49444443,0.6395349,0,2,1,0,0,0,0,1,1,1,1,0,2,1
tiazac,tiːəzæk,tiasak,ziac,zaɪək,ziak,1,0.33333334,0.7222222,1,0,2,0.33333334,0.33333334,0.5,0.6666666,1,0,2,0.0,0.7,1,0,2,0.6722222,0.5972222,0.43611112,0.4888889,2,0,2,1,1,0,1,0,0,0,1,0,1,0
hydrochlorothiazide,haɪdɹəkloːɹoʊθɪeɪzaɪd,hjdɾoʧloɾothiʔazide,telmisartan and hydrochlorothiazide,tɛlmɪsɑːɹtən ænd haɪdɹəkloːɹoʊθɪeɪzaɪd,telmisaɾtanʔandhjdɾoʧloɾothiʔazide,0,0.51428574,0.71428573,0,14,0,0.54285717,0.54285717,0.54285717,0.5217391,0,16,0,0.0,0.7307692,0,14,0,0.57281554,0.55607474,0.57281554,0.55607474,16,0,19,9,5,5,5,0,1,0,1,0,2,1
zegerid,zɛdʒɚɹɪd,zegeɾid,zestril,zɛstɹəl,zestɾil,1,0.42857143,0.78571427,3,0,0,0.2857143,0.0,0.57142854,0.39999998,3,0,0,0.2857143,0.7777778,3,0,0,0.622,0.5555556,0.538,0.5377778,0,2,0,1,1,1,1,0,1,1,0,0,0,0
invega,ɪnviːgə,ʔinvega,invokamet,ɪnvɑːkæmɪt,ʔinvokamet,0,0.33333334,0.7,2,3,0,0.33333334,0.0,0.44444442,0.39999998,2,3,0,0.33333334,0.6666666,2,3,0,0.62545455,0.66451615,0.49818182,0.66451615,3,3,0,2,1,1,1,0,0,1,0,0,1,0
mitomycin,maɪɾəmaɪsɪn,mitomjsjn,robimycin,ɹɑːbɪmaɪsɪn,ɾobimjsjn,0,0.44444445,0.8333333,4,0,0,0.5555556,0.5555556,0.5555556,0.6666666,4,0,0,0.0,0.7777778,4,0,0,0.76153845,0.8169491,0.6615385,0.7898305,0,0,5,0,0,0,0,0,1,0,1,0,0,1
bupropion,bʌpɹoʊpiən,bupɾopjon,nutropin,nʌtɹəpɪn,nutɾopin,0,0.33333334,0.8484849,2,0,1,0.44444445,0.11111111,0.6666666,0.6,2,0,1,0.0,0.8235294,2,0,1,0.77,0.7157895,0.6166667,0.7122807,1,0,1,0,0,1,1,0,0,0,1,0,0,1
glucotrol,gluːkətɹɑːl,glukotɾol,nicotrol,nɪkətɹɑːl,nikotɾol,0,0.5555556,0.85294116,2,0,1,0.6666667,0.6666667,0.6666666,0.6666666,2,0,1,0.0,0.85294116,2,0,1,0.74210525,0.7403509,0.7245614,0.7403509,1,0,6,1,0,0,0,0,1,0,1,0,0,1
fentanyl,fɛntɐnaɪl,fentanjl,sufentanil,suːfəntænɪl,sufentanil,1,0.5,0.8611111,1,2,0,0.6,0.1,0.7,0.6666666,1,2,0,0.0,0.82857144,1,2,0,0.83064514,0.67419356,0.63870966,0.67419356,2,0,1,0,2,1,2,0,1,0,1,0,0,1
novolog mix 70 30 flexpen,nɑːvəlɑːg mɪks sɛvənti θɜːɾi flɛkspən,novologmiks7030flkspen,novolog mix 70 30 penfill,nɑːvəlɑːg mɪks sɛvənti θɜːɾi pɛnfɪl,novologmiks7030penfilj,0,0.8,0.8507463,5,1,1,0.72,0.0,0.72,0.7368421,7,0,0,0.72,0.8030303,5,1,1,0.8260638,0.7284483,0.80797875,0.7284483,0,18,0,0,0,0,0,1,1,1,0,0,0,1
cinoxacin,sɪnəksæsɪn,koksasjn,ciprofloxacin,sɪpɹəflɑːksɐsɪn,kipɾofloksasjn,0,0.53846157,0.77272725,1,4,0,0.46153846,0.46153846,0.6153846,0.5,1,4,0,0.15384616,0.77272725,1,4,0,0.5534091,0.50777775,0.48863637,0.50777775,4,2,6,3,1,1,1,0,1,1,1,0,0,1
kwell,kwɛl,kwell,qwell,kjuːwɛl,kwel,1,0.6,0.9375,1,0,0,0.8,0.8,0.8,0.75,1,0,0,0.0,0.8888889,1,0,0,0.57894737,0.8484849,0.57894737,0.8484849,0,0,4,0,0,0,0,0,0,1,1,0,0,0
celexa,sɛlɛksə,kʔelksaʔ,mycelex g,maɪsɪlɛks dʒiː,mikeʔelksg,0,0.44444445,0.78571427,1,2,0,0.5555556,0.0,0.5555556,0.4285714,1,3,0,0.0,0.78571427,1,2,0,0.5432432,0.59375,0.51216215,0.59375,3,0,0,3,1,0,1,0,1,0,0,0,0,1
norco,noːɹkoʊ,noɾko,psorcon,soːɹkən,soɾkon,0,0.42857143,0.75,1,2,0,0.5714286,0.0,0.57142854,0.39999998,1,2,0,0.0,0.75,1,2,0,0.6657895,0.6447368,0.5394737,0.6342105,2,0,0,2,0,0,0,1,1,0,0,0,0,1
cubicin,kjuːbɪsɪn,kubjsjn,cubicin rf,kjuːbɪsɪn ɑːɹɹɛf,kubjsjnɾf,1,0.7,0.875,0,2,0,0.7,0.0,0.7,0.57142854,0,3,0,0.7,0.875,0,2,0,0.61728394,0.7704918,0.61728394,0.7704918,3,7,0,2,0,0,0,1,1,1,0,0,0,1
deferoxamine mesylate,dɪfɚɹɑːksɐmiːn mɛsɪleɪt,defeɾoksaminemesjlate,phentolamine mesylate,fɛntɑːlɐmiːn mɛsɪleɪt,phentolaminemesjlate,0,0.61904764,0.8607595,6,0,0,0.6666667,0.6666667,0.71428573,0.6153846,6,0,0,0.0,0.85,6,0,0,0.7073771,0.71472865,0.70409834,0.7209302,0,0,14,1,1,1,1,0,1,0,1,0,0,1
rituxan,ɹɪɾʌksən,ɾituksan,rituxan hycela,ɹɪɾʌksən haɪsɛlə,ɾituksanhikeela,1,0.5,0.7179487,0,6,0,0.5,0.0,0.5,0.44444442,0,7,0,0.5,0.7179487,0,6,0,0.5494506,0.5494506,0.5494506,0.5494506,7,7,0,4,2,3,2,0,0,1,0,0,1,0
tacrolimus,tækɹəlɪməs,takɾolimus,pimecrolimus,paɪmkɹəlɪməs,pimekɾolimus,0,0.5833333,0.8409091,2,2,0,0.6666667,0.6666667,0.6666666,0.71428573,2,2,0,0.0,0.8095238,2,2,0,0.8202703,0.7675676,0.77162164,0.7162162,2,0,8,1,1,1,1,0,1,0,1,0,0,1
retrovir,ɹɛtɹoʊvɜː,ɾetɾovjɾ,ritonavir,ɹɪtənævɪɹ,ɾitonavjɾ,1,0.33333334,0.8235294,3,1,0,0.33333334,0.33333334,0.5555556,0.8,3,1,0,0.11111111,0.7647059,3,1,0,0.64363635,0.73157895,0.59636366,0.6666667,1,1,3,0,1,1,1,0,0,1,1,0,0,1
ethosuximide,iːθəsʌksɪmaɪd,ʔethosuksimide,glutethimide,gluːɾɪθɪmaɪd,glutethimide,0,0.5,0.73913044,4,2,2,0.41666666,0.41666666,0.4166667,0.28571427,7,0,0,0.0,0.7083334,7,0,0,0.6652778,0.57790697,0.6375,0.5453488,0,0,5,1,1,1,1,0,1,0,1,0,0,1
bicitra,baɪsɪtɹə,bjsitɾa,minitran,mɪnɪtɹæn,minitɾan,0,0.375,0.8,2,1,0,0.5,0.0,0.625,0.39999998,2,1,0,0.0,0.8,2,1,0,0.684,0.49,0.538,0.482,1,0,0,1,0,0,0,0,1,0,0,0,0,0
cefuroxime,sɛfjʊɹɹɑːksaɪm,kefuɾoksime,sulfasalazine,sʌlfeɪzælɐziːn,sulfasalasʔineʔ,1,0.0,0.7173913,7,3,0,0.07692308,0.07692308,0.23076922,0.14285713,7,3,0,0.0,0.5869565,7,3,0,0.60617286,0.49569893,0.5493827,0.3516129,3,0,1,2,1,1,1,0,0,1,0,0,0,1
clinda derm,klɪndə dɜːm,klindaʔdeɾm,clindagel,klɪndeɪdʒəl,klindagel,0,0.54545456,0.8684211,2,0,1,0.54545456,0.0,0.6363636,0.5,2,0,2,0.54545456,0.8333333,2,0,1,0.7449275,0.7112676,0.6086956,0.7056338,2,6,0,1,0,0,0,1,1,1,0,0,0,1
nilotinib,naɪlətɪnɪb,nilotinib,gefitinib,dʒɛfɪtɪnɪb,gefitinib,0,0.44444445,0.8333333,4,0,0,0.5555556,0.5555556,0.5555556,0.6,4,0,0,0.0,0.7714286,4,0,0,0.7177419,0.7618182,0.62096775,0.7181818,0,0,5,0,0,0,0,0,1,0,1,0,0,1
buprenorphine,bʌpɹənoːɹfiːn,bupɾenoɾphine,probuphine,pɹɑːbəfiːn,pɾobuphine,0,0.46153846,0.77272725,3,0,3,0.3846154,0.3846154,0.53846157,0.625,3,0,3,0.0,0.73913044,3,0,3,0.6086956,0.6666667,0.54202896,0.65925926,3,0,5,2,1,1,1,0,1,0,1,0,0,1
viloxazine hydrochloride,vaɪləksæziːn haɪdɹəkloːɹaɪd,viloksasʔineʔhjdɾoʧloɾide,ziprasidone hydrochloride,zɪpɹɐsɪdoʊn haɪdɹəkloːɹaɪd,zipɾasjdonehjdɾoʧloɾide,0,0.64,0.87777776,7,1,0,0.64,0.64,0.72,0.6875,4,2,1,0.0,0.86021507,4,2,1,0.87945205,0.74968153,0.82260275,0.7407643,1,0,16,1,0,0,0,0,1,0,1,0,0,1
eribulin,ɛɹɪbjʊlɪn,ʔeɾibulin,hedulin,hɛdʒuːlɪn,hedulin,0,0.375,0.79310346,3,0,1,0.5,0.5,0.5,0.5,3,0,1,0.0,0.75,3,0,1,0.7054545,0.66,0.69454545,0.66727275,1,0,4,0,1,1,1,0,1,0,1,0,0,1
clonazepam,klɑːneɪzpæm,klonasepam,clozapine,klɑːzɐpaɪn,klosapine,1,0.3,0.7631579,3,1,2,0.3,0.0,0.39999998,0.6666666,5,0,1,0.3,0.71052635,3,1,2,0.7290323,0.7225807,0.55,0.57741934,1,3,0,1,0,1,0,0,0,1,0,0,0,1
mifepristone,maɪfpɹɪstoʊn,mifepɾistone,misoprostol,mɪsɑːpɹɑːstəl,misopɾostol,1,0.41666666,0.82608694,4,0,1,0.25,0.0,0.5833334,0.71428573,4,0,1,0.16666667,0.7826087,4,0,1,0.76486486,0.8054054,0.58513516,0.7918919,1,2,0,0,1,0,1,0,1,1,0,0,0,1
narcan,nɑːɹkæn,naɾkan,norcuron,noːɹkjʊɹɹən,noɾsuɾon,1,0.25,0.78571427,2,2,0,0.25,0.125,0.5,0.8,2,2,0,0.125,0.71428573,2,2,0,0.459375,0.578,0.371875,0.406,2,1,1,1,1,1,1,0,0,1,1,0,0,0
hydrogesic,haɪdɹoʊdʒzɪk,hjdɾogesik,co gesic,koʊ dʒɛzɪk,kogesik,0,0.4,0.78787875,1,0,3,0.5,0.5,0.5,0.4285714,3,0,2,0.0,0.7647059,1,0,3,0.59864867,0.59375,0.57567567,0.5875,2,0,5,3,0,1,0,0,1,0,1,0,2,1
roxicet,ɹɑːksɪsɪt,ɾoksjset,folicet,fɑːlɪsɪt,foliket,0,0.42857143,0.85714287,2,0,0,0.5714286,0.5714286,0.71428573,0.5,2,0,0,0.0,0.8518518,2,0,0,0.624,0.42692307,0.624,0.41346154,0,0,4,0,0,0,0,1,1,0,1,0,0,1
edetate calcium disodium,ɛdɪteɪt kælsiəm dɪsoʊdiəm,ʔedetatekalsjumdisodjum,edetate disodium,ɛdɪteɪt dɪsoʊdiəm,ʔedetatedisodjum,1,0.6666667,0.81690145,0,0,7,0.375,0.375,0.6666666,0.6153846,0,0,8,0.33333334,0.8108108,0,0,7,0.63065696,0.5874126,0.60145986,0.5874126,8,8,9,4,2,3,3,0,1,1,1,0,0,1
tolbutamide,tɑːlbjuːtæmaɪd,tolbutamide,flutamide,fluːɾɐmaɪd,flutamide,0,0.54545456,0.85,1,0,2,0.6363636,0.6363636,0.72727275,0.6666666,1,0,2,0.0,0.875,1,0,2,0.5972973,0.72686565,0.5243243,0.7328358,2,0,7,1,1,1,1,0,1,0,1,0,0,1
naphcon a,næfkən eɪ,naphkonʔa,naphcon forte,næfkən foːɹɾeɪ,naphkonfoɾte,0,0.61538464,0.775,1,4,0,0.61538464,0.0,0.6153846,0.6666666,1,4,0,0.61538464,0.75,1,4,0,0.58243245,0.63026315,0.58243245,0.59210527,4,8,0,3,1,0,1,0,1,1,0,0,0,0
zantac,zæntæk,zantak,zantac 360,zæntæk θɹiːhʌndɹɪd sɪksti,zantak360,1,0.6,1.0,0,0,0,0.6,0.0,0.6,0.5,0,4,0,0.6,1.0,0,0,0,0.27142859,1.0,0.27142859,1.0,4,6,0,0,0,0,0,1,1,1,1,1,0,1
antacid,æntæsɪd,ʔantakid,atacand,æɾɐkænd,ʔatakand,1,0.42857143,0.82142854,1,1,1,0.42857143,0.14285715,0.57142854,0.5,1,1,1,0.14285715,0.78571427,1,1,1,0.5511628,0.78,0.4255814,0.696,0,1,1,0,0,0,0,0,1,1,1,0,1,0
diprivan,dɪpɹɪvæn,dipɾivan,ditropan,dɪtɹəpæn,ditɾopan,1,0.375,0.875,3,0,0,0.25,0.25,0.625,0.6,3,0,0,0.25,0.8125,3,0,0,0.916,0.902,0.864,0.89,0,2,2,0,0,0,0,0,0,1,1,0,0,1
miralax,mɜːɹɐlæks,miɾalaks,merilog,mɛɹɪlɑːg,meɾilog,0,0.14285715,0.82142854,4,0,0,0.14285715,0.0,0.4285714,0.75,4,0,0,0.14285715,0.7037037,4,0,0,0.826,0.824,0.626,0.624,0,1,0,0,0,0,0,0,0,1,0,0,0,1
cyclophosphamide,saɪkləfɑːsfɐmaɪd,sikelophosphamide,cyclosporine,saɪkləspoːɹiːn,sikelospoɾine,1,0.4375,0.7962963,3,0,4,0.3125,0.0625,0.5625,0.5454545,3,0,4,0.3125,0.75,3,0,4,0.64835167,0.58190477,0.5736264,0.53619045,4,5,1,3,1,1,1,0,0,1,0,0,0,1
tramadol,tɹæmɐdɑːl,tɾamadol,trazodone,tɹæzədoʊn,tɾasodone,1,0.44444445,0.7941176,3,1,0,0.33333334,0.0,0.5555556,0.6,3,1,0,0.33333334,0.7647059,3,1,0,0.6818182,0.6272727,0.5327273,0.54,1,3,0,0,1,0,1,0,0,1,0,0,0,1
nimodipine,nɪmədɪpaɪn,nimodipine,nimotop,nɪmətɑːp,nimotop,0,0.4,0.7647059,2,0,3,0.4,0.0,0.5,0.6,2,0,3,0.4,0.7058823,2,0,3,0.695,0.68666667,0.6116667,0.67,3,4,0,1,2,1,2,0,0,1,0,0,0,1
hmg coa reductase inhibitors,eɪtʃɛmdʒiː koʊɚ ɹɪdʌkteɪs ɪnhɪbɪɾɚz,hmʤikoaɾeduktaseʔinhibitoɾs,nystatin,nɪstɐtɪn,njstatin,1,0.071428575,0.4126984,5,0,17,0.071428575,0.0,0.14285713,0.111111104,4,0,20,0.0,0.390625,4,0,17,0.22673796,0.18742515,0.17754011,0.18023951,20,0,0,9,7,5,8,0,1,0,0,0,0,1
amphotericin b,æmfoʊtɹɪsɪn biː,ʔamphoteɾajsjnb,amphotec,æmfoʊɾək,ʔamphotek,0,0.5,0.75,0,0,5,0.5,0.0,0.57142854,0.5555556,0,0,6,0.5,0.7619048,0,0,5,0.5303798,0.52061856,0.49240506,0.52061856,6,7,0,3,2,2,2,0,0,1,0,0,0,1
abemaciclib,ɐbɛmɐsɪklɪb,ʔabemasjslib,ribociclib,ɹɪbəsɪklɪb,ɾibosjslib,0,0.45454547,0.8095238,4,0,1,0.54545456,0.54545456,0.5454545,0.6666666,4,0,1,0.0,0.75,4,0,1,0.78656715,0.71710527,0.75671643,0.64078945,1,0,6,0,1,1,1,0,1,0,1,0,0,1
femara,fɛmɑːɹɹə,femaɾa,femtrace,fɛmtɹeɪs,femtɾakeʔ,0,0.5,0.78571427,1,2,0,0.375,0.0,0.625,0.6,1,2,0,0.375,0.78571427,1,2,0,0.654,0.47368422,0.548,0.47368422,2,3,0,2,0,1,0,1,1,1,0,0,1,1
mitomycin,maɪɾəmaɪsɪn,mitomjsjn,bristamycin,bɹɪstɐmaɪsɪn,bɾistamjsjn,0,0.36363637,0.825,2,2,0,0.45454547,0.45454547,0.6363636,0.625,2,2,0,0.0,0.8,2,2,0,0.68783784,0.7219178,0.6216216,0.65068495,2,0,5,2,0,0,0,0,1,0,1,0,0,1
amicar,æmɪkɑːɹ,ʔamikaɾ,omacor,ɑːmækɚ,ʔomakoɾ,1,0.0,0.875,3,0,0,0.16666667,0.16666667,0.5,1.0,3,0,0,0.0,0.75,3,0,0,0.73055553,0.96279067,0.525,0.6418605,0,0,1,0,0,0,0,0,0,0,1,0,0,1
buprenorphine,bʌpɹənoːɹfiːn,bupɾenoɾphine,hydromorphone,haɪdɹəmoːɹfoʊn,hjdɾomoɾphone,1,0.30769232,0.8367347,6,0,0,0.30769232,0.15384616,0.53846157,0.5555556,6,0,0,0.0,0.78846157,6,0,0,0.7632911,0.7710843,0.7278481,0.7686747,0,0,2,1,1,0,1,0,1,0,1,0,0,1
syeda,sɪɛdə,sjeda,sylevia,saɪliːviə,sjlevja,0,0.2857143,0.72727275,1,2,0,0.2857143,0.14285715,0.57142854,0.5,1,2,0,0.2857143,0.75,1,2,0,0.6173913,0.56666666,0.47608694,0.57555556,2,2,1,1,0,3,1,0,1,1,0,0,0,1
adderall,ædɚɹɔːl,ʔadɾol,inderal,ɪndɛɹəl,ʔindeɾal,1,0.5,0.85714287,2,0,1,0.625,0.125,0.625,0.6,2,0,1,0.0,0.82142854,2,0,1,0.7232558,0.664,0.6534884,0.484,1,0,1,1,0,0,0,0,1,0,1,0,1,0
cefoxitin,sɛfəksɪtɪn,kefoksitin,cefotan,sɛfɑːtən,kefotan,0,0.44444445,0.84375,1,0,2,0.44444445,0.11111111,0.6666666,0.8,1,0,2,0.44444445,0.8125,1,0,2,0.62580645,0.6048387,0.5112903,0.52903223,2,4,1,1,1,1,1,0,0,1,1,0,0,1
octocaine,ɑːktəkeɪn,ʔokokaʔineʔ,polocaine,pɑːləkeɪn,polokaʔineʔ,0,0.5555556,0.8235294,3,0,0,0.6666667,0.6666667,0.6666666,0.5,3,0,0,0.0,0.8333333,3,0,0,0.6666667,0.76119405,0.65833336,0.76119405,0,0,6,0,0,0,0,1,1,0,1,0,0,1
syndros,sɪndɹoʊz,sjndɾos,synthroid,sɪnθɹɔɪd,sjntɾoid,0,0.44444445,0.8064516,2,2,0,0.33333334,0.0,0.5555556,0.57142854,2,2,0,0.33333334,0.75,2,2,0,0.898,0.8596154,0.898,0.8326923,2,3,0,1,0,0,1,1,1,1,0,0,0,1
dolutegravirlamivudinetenofovir alafenamide,dɑːluːtɛgɹɐvɜːlɐmɪvjuːdaɪntənɑːfəvɪɹ ɐleɪfnɐmaɪd,dolutegɾavjɾlamivudinetenofovjɾʔalafenamide,emtricitabine and tenofovir alafenamide,ɛmtɹɪsɪtæbaɪn ænd tɛnəfɑːvɪɹ ɐleɪfnɐmaɪd,ʔemtɾajsitabineʔandtenofovjɾʔalafenamide,0,0.5116279,0.8235294,10,0,6,0.4883721,0.4883721,0.60465115,0.5652174,11,1,5,0.0,0.7948718,10,0,6,0.7059055,0.70226413,0.61574805,0.67509437,4,0,21,3,3,3,3,0,1,0,1,0,0,1
pamelor,peɪmlɚ,pameloɾ,panlor dc,pænlɚ diːsiː,panloɾdk,1,0.44444445,0.76666665,1,2,1,0.33333334,0.0,0.44444442,0.4285714,1,3,1,0.22222222,0.76666665,1,2,1,0.5763636,0.66923076,0.58363634,0.6769231,2,2,0,2,1,1,1,0,0,1,0,0,0,0
patanol,pætɐnɑːl,patanol,platinol,plætɪnɑːl,platinol,1,0.5,0.9,1,1,0,0.375,0.375,0.75,0.8,1,1,0,0.125,0.8666667,1,1,0,0.818,0.82,0.718,0.736,1,1,3,1,0,0,0,0,0,1,1,0,0,1
rituxan,ɹɪɾʌksən,ɾituksan,crixivan,kɹɪksɪvæn,kɾjksivan,0,0.25,0.76666665,3,1,0,0.25,0.25,0.5,0.39999998,3,1,0,0.0,0.73333335,3,1,0,0.59122807,0.5118644,0.5385965,0.49830508,1,0,2,1,0,0,0,0,0,0,1,0,0,1
seasonale,siːzəneɪl,seasonale,seasonique,siːzəniːk,seasonjkeʔ,0,0.6,0.85714287,2,1,0,0.6,0.1,0.7,0.75,2,1,0,0.6,0.84210527,2,1,0,0.7895833,0.65806454,0.74791664,0.65806454,1,6,1,0,0,0,1,1,1,1,0,0,0,1
humulin,hjuːmjʊlɪn,humulin,novolin,nɑːvəlɪn,novolin,1,0.2857143,0.7777778,4,0,0,0.42857143,0.42857143,0.4285714,0.5,4,0,0,0.0,0.7307692,4,0,0,0.52105266,0.7,0.4754386,0.6534884,0,0,3,0,0,0,0,1,1,0,1,0,0,1
ortho tri cyclen,ɔːɹθoʊ tɹaɪ saɪklən,ʔoɾthoʔtɾisikeln,ortho tri cyclen lo,ɔːɹθoʊ tɹaɪ saɪklən loʊ,ʔoɾthoʔtɾisikelnlo,1,0.84210527,0.9310345,0,2,0,0.84210527,0.0,0.84210527,0.85714287,0,3,0,0.84210527,0.93333334,0,2,0,0.8495575,0.8947368,0.8495575,0.8947368,3,16,0,1,1,1,1,0,0,1,0,0,0,0
grifulvin v,gɹɪfəlvɪn viː,gɾifulvjnv,griseofulvin,gɹaɪsəfʌlvɪn,gɾiseofulvjn,0,0.6666667,0.8372093,0,3,1,0.5,0.0,0.5833334,0.625,0,3,2,0.25,0.8181818,0,3,1,0.7391892,0.7394737,0.6783784,0.7131579,1,3,0,0,1,2,2,0,1,1,0,0,0,1
durasal,dʊɹɹeɪzəl,duɾasal,durezol,dʊɹɹɪzɑːl,duɾesol,1,0.42857143,0.89285713,3,0,0,0.42857143,0.14285715,0.57142854,0.75,3,0,0,0.42857143,0.78571427,3,0,0,0.94,0.98139536,0.90363634,0.74883723,0,3,1,0,0,0,0,0,1,1,1,0,0,1
sotalol,soʊɾɐlɑːl,sotalol,sudafed,suːdeɪft,sudafed,1,0.14285715,0.75,5,0,0,0.14285715,0.0,0.28571427,0.25,5,0,0,0.14285715,0.64285713,5,0,0,0.53541666,0.67209303,0.36875,0.6395349,0,1,0,0,0,1,0,0,0,1,0,0,1,0
ilaris,ɪlɑːɹɹɪs,ʔilaɾis,ilumya,ɪləmɪə,ʔilumja,1,0.33333334,0.73913044,4,0,0,0.33333334,0.0,0.3333333,0.3333333,4,0,0,0.33333334,0.6363636,4,0,0,0.45348838,0.73255813,0.3627907,0.54651165,0,2,0,0,0,0,0,0,0,1,0,0,1,0
fentanyl 12,fɛntɐnaɪl twɛlv,fentanjl12,fentanyl 75,fɛntɐnaɪl sɛvənti faɪv,fentanjl75,0,0.8181818,1.0,0,0,0,0.8181818,0.0,0.8181818,0.7777778,2,0,0,0.8181818,1.0,0,0,0,0.5688525,1.0,0.5581967,1.0,0,9,0,0,0,0,0,1,1,1,1,1,0,1
percocet,pɜːkɑːsɪt,peɾkoket,procet,pɹɑːsɪt,pɾoket,1,0.5,0.85714287,0,0,2,0.5,0.5,0.75,0.8,0,0,2,0.125,0.85714287,0,0,2,0.6744186,0.68,0.6744186,0.68,2,1,4,1,1,1,1,0,0,1,1,0,1,0
pagitane,pædʒɪteɪn,pagitaneʔ,pioglitazone,pɪɑːglɪtæzoʊn,pioglitasone,0,0.33333334,0.7948718,1,4,0,0.25,0.16666667,0.5833334,0.6666666,1,4,0,0.083333336,0.74358976,1,4,0,0.6638889,0.6,0.60833335,0.49722221,4,1,2,2,1,2,2,0,1,1,1,0,0,1
lopressor,lɑːpɹɛsɚ,losoɾ,lyrica,lɪɹɪkə,ljɾajsaʔ,1,0.11111111,0.6896552,4,0,3,0.11111111,0.0,0.22222221,0.3333333,4,0,3,0.11111111,0.5333333,4,0,3,0.6534884,0.34423077,0.46744186,0.2403846,3,1,0,2,1,0,1,0,1,1,0,0,0,1
advicor,ɐdvɪkɚ,ʔadvjsoɾ,altocor,æltɑːkɚ,ʔaltokoɾ,1,0.42857143,0.82142854,3,0,0,0.42857143,0.42857143,0.57142854,0.5,3,0,0,0.14285715,0.78571427,3,0,0,0.7277778,0.5423077,0.46666667,0.5423077,0,1,3,0,0,0,0,0,0,1,1,0,1,0
diflucan,dɪfluːkən,diflukan,diprivan,dɪpɹɪvæn,dipɾivan,1,0.375,0.84375,4,0,0,0.25,0.25,0.5,0.39999998,4,0,0,0.25,0.75,4,0,0,0.798,0.79,0.718,0.79,0,2,2,0,0,0,0,0,0,1,1,0,0,1
salagen,sælədʒən,salagen,selegiline,sɛlɪdʒɪliːn,selegiline,1,0.1,0.7352941,3,3,0,0.1,0.0,0.39999998,0.8,3,3,0,0.1,0.6875,3,3,0,0.7387097,0.65,0.65645164,0.46,3,1,0,1,2,1,2,0,1,1,1,0,0,1
abacavir sulfate and lamivudine,æbɐkævɪɹ sʌlfeɪt ænd læmɪvjuːdiːn,ʔabakavjɾsulfateʔandlamivudine,dolutegravir and lamivudine,dɑːluːtɛgɹɐvɪɹ ænd læmɪvjuːdiːn,dolutegɾavjɾʔandlamivudine,0,0.58064514,0.7714286,12,0,3,0.48387095,0.48387095,0.516129,0.5,11,0,4,0.0,0.745283,11,0,3,0.7244186,0.6349462,0.69186044,0.5827957,4,0,15,1,2,2,2,0,0,0,1,0,0,1
fulvicin p g,fʊlvɪsɪn piː dʒiː,fulvjsjnpg,fulvicin u f,fʊlvɪsɪn juː ɛf,fulvjsjnʔuf,0,0.75,0.9,2,0,0,0.75,0.0,0.8333333,0.7777778,2,0,0,0.75,0.8974359,2,0,0,0.7345679,0.75479454,0.7271605,0.75479454,0,9,0,1,1,1,1,0,1,1,0,0,0,1
anzemet,ænzɛmɪt,ʔanzemet,avandamet,ævɐndæmɪt,ʔavandamet,1,0.44444445,0.78125,2,2,0,0.33333334,0.33333334,0.5555556,0.6,2,2,0,0.11111111,0.75,2,2,0,0.7509091,0.7177419,0.67454547,0.62741935,2,1,3,1,1,1,1,0,0,1,1,0,0,1
betaine,beɪɾəaɪn,betaʔineʔ,betaine hcl,beɪɾəaɪn eɪtʃsiːɛl,betaʔineʔhkl,1,0.6363636,0.8387097,0,3,0,0.6363636,0.0,0.6363636,0.4285714,0,4,0,0.6363636,0.8235294,0,3,0,0.4893617,0.7302632,0.4893617,0.7302632,4,7,0,3,0,2,0,0,0,1,0,0,0,1
erythromycin,ɜːɹɪθɹəmaɪsɪn,ʔeɾjtɾomjsjn,seromycin,sɛɹəmaɪsɪn,seɾomjsjn,0,0.5833333,0.78571427,2,0,3,0.5833333,0.5833333,0.5833334,0.5555556,2,0,3,0.0,0.7619048,2,0,3,0.7569444,0.63125,0.7569444,0.62625,3,0,7,3,0,1,0,0,1,0,1,0,0,1
bayhep b,beɪhɛp biː,bajhepb,bayrab,beɪɹæb,bajɾab,1,0.375,0.7619048,2,0,1,0.375,0.125,0.5,0.5,2,0,2,0.375,0.7692308,2,0,1,0.5729167,0.67333335,0.5729167,0.55777776,2,3,1,1,0,0,0,0,1,1,1,0,0,0
dexamethasone sodium phosphate,dɛksɐmɛθɐsoʊn soʊdiəm fɑːsfeɪt,deksʔamethasonesodjumphosphate,neomycin sulfate dexamethasone sodium phosphate,niːoʊmaɪsɪn sʌlfeɪt dɛksɐmɛθɐsoʊn soʊdiəm fɑːsfeɪt,neomjsjnsulfatedeksʔamethasonesodjumphosphate,0,0.61702126,0.7819549,0,15,0,0.63829786,0.63829786,0.6382979,0.62068963,0,17,0,0.0,0.7887324,0,15,0,0.6212121,0.66431093,0.6212121,0.66431093,17,0,30,9,5,6,6,0,1,0,1,0,0,1
florinef,flɔːɹaɪnəf,floɾinef,florone e,floːɹoʊn iː,floɾoneʔe,0,0.5555556,0.9032258,2,0,0,0.44444445,0.0,0.6666666,0.8,2,1,0,0.44444445,0.875,2,0,0,0.84181815,0.7672727,0.7181818,0.7490909,1,4,0,1,1,0,1,0,0,1,0,0,0,1
orgaran,ɔːɹgæɹən,ʔoɾgaɾan,corgard,kɔːɹgɑːɹd,koɾgaɾd,0,0.5714286,0.78571427,1,1,1,0.71428573,0.0,0.57142854,0.6,1,1,1,0.0,0.78571427,1,1,1,0.7022222,0.7,0.5911111,0.7,0,0,0,1,1,1,1,0,0,0,0,0,0,0
bupropion,bʌpɹoʊpiən,bupɾopjon,buspirone,bʌspaɪɚn,buspiɾone,1,0.44444445,0.71428573,2,2,2,0.22222222,0.0,0.44444442,0.6,1,2,2,0.22222222,0.7222222,1,2,2,0.59,0.6508772,0.445,0.6333333,0,2,0,0,1,1,0,0,0,1,1,0,0,1
colace,kɑːleɪs,kolakeʔ,cholac,tʃɑːlæk,ʧolak,0,0.6666667,0.82608694,0,1,1,0.6666667,0.0,0.6666666,0.75,0,1,1,0.16666667,0.8333333,0,1,1,0.7026316,0.66976744,0.7131579,0.66976744,0,1,0,1,1,0,1,0,0,0,0,0,2,1
adacel,ɐdeɪsəl,ʔadakel,padcev,pædsɛv,padkev,0,0.33333334,0.75,1,1,1,0.33333334,0.0,0.5,0.5,1,1,1,0.0,0.75,1,1,1,0.60243905,0.5511628,0.52926826,0.5511628,0,0,0,1,1,1,1,0,0,0,0,0,0,1
tri legest fe,tɹaɪ liːdʒɪst fiː,tɾilegestfe,tri lo estarylla,tɹaɪ loʊ ɛstɑːɹɹɪlə,tɾiloʔestaɾjllaʔ,0,0.4375,0.7291666,3,4,1,0.3125,0.0,0.5,0.5454545,5,3,0,0.3125,0.673913,3,4,1,0.59583336,0.5480392,0.5520833,0.5137255,3,5,0,2,1,3,1,0,1,1,0,0,0,1
cortef acetate,kɔːɹɾɛf æsɪteɪt,koɾtefʔaketate,octreotide acetate,ɑːktɹɪɑːɾaɪd æsɪteɪt,ʔoktɾeotideʔaketate,0,0.3888889,0.79310346,3,4,0,0.44444445,0.44444445,0.6111111,0.7777778,3,4,0,0.0,0.76666665,3,4,0,0.7029703,0.6165217,0.6277228,0.6078261,4,0,8,1,2,2,3,0,1,0,1,0,0,1
capadex,kæpeɪdɛks,kaks,kapidex,kæpaɪdɛks,kapidjks,1,0.42857143,0.9285714,2,0,0,0.42857143,0.42857143,0.71428573,0.75,2,0,0,0.0,0.85714287,2,0,0,1.0,0.36153847,0.90727276,0.34615386,0,0,3,0,0,1,0,0,0,1,1,0,0,1
saquinavir,sækwɪnævɪɹ,sakinavjɾ,sinequan,saɪŋkwən,sinekan,1,0.2,0.61764705,7,0,2,0.2,0.0,0.19999999,0.39999998,4,1,3,0.1,0.5555556,4,1,3,0.60967743,0.47368422,0.4967742,0.3263158,2,1,0,1,1,1,1,0,0,1,0,0,0,0
triavil 2 10,tɹaɪævəl tuː tɛn,tɾiʔavjl210,triavil 4 50,tɹaɪævəl foːɹ fɪfti,tɾiʔavjl450,0,0.6666667,1.0,0,0,0,0.6666667,0.083333336,0.8333333,0.7777778,2,0,0,0.6666667,1.0,0,0,0,0.6663265,1.0,0.66530615,1.0,0,8,1,0,0,0,0,1,1,1,1,1,0,1
penicillamine,pɛnɪsɪlɐmiːn,penisillamine,penicillin,pɛnɪsɪlɪn,penisillin,1,0.6923077,0.8636364,0,0,3,0.61538464,0.0,0.7692308,0.85714287,0,0,3,0.61538464,0.85365856,0,0,3,0.8014925,0.76962024,0.7447761,0.73417723,3,8,0,1,2,1,2,0,0,1,1,0,1,0
lotronex,lɑːtɹoʊnɛks,lotɾoneks,protonix,pɹoʊtənɪks,pɾotonjks,1,0.25,0.8125,2,1,1,0.25,0.125,0.5,0.39999998,2,1,1,0.0,0.75,2,1,1,0.7758064,0.61864406,0.733871,0.61864406,0,0,1,0,0,0,0,1,1,0,1,0,0,1
acular preservative free,ækjʊlɚ pɹɪzɜːvətɪv fɹiː,ʔakulaɾpɾeseɾvativefeʔ,famotidine preservative free,fæmətɪdiːn pɹɪzɜːvətɪv fɹiː,famotidinepɾeseɾvativefeʔ,0,0.60714287,0.82978725,5,4,0,0.64285713,0.64285713,0.67857146,0.6875,5,4,0,0.0,0.8229167,5,4,0,0.69779414,0.71830064,0.6625,0.6620915,4,0,18,2,2,2,2,0,1,0,1,0,0,1
paxil,pæksɪl,paksil,tepanil,tɛpɐnɪl,tepanil,0,0.2857143,0.75,1,2,0,0.2857143,0.2857143,0.57142854,0.5,1,2,0,0.0,0.72727275,1,2,0,0.5837209,0.5837209,0.5837209,0.5139535,2,0,2,1,1,1,1,0,1,0,1,0,0,0
dexamethasone,dɛksɐmɛθɐsoʊn,deksʔamethasone,exemestane,ɛgzɛmɪsteɪn,ʔeksemestane,0,0.23076923,0.75555557,4,0,3,0.15384616,0.15384616,0.53846157,0.4285714,3,0,3,0.0,0.73913044,3,0,3,0.7506329,0.6150538,0.68227845,0.5043011,3,0,2,2,1,1,1,0,0,0,1,0,0,1
cortef acetate,kɔːɹɾɛf æsɪteɪt,koɾtefʔaketate,lanreotide acetate,lænɹɪɑːɾaɪd æsɪteɪt,lanɾeotideʔaketate,0,0.3888889,0.7758621,4,4,0,0.44444445,0.44444445,0.5555556,0.6666666,4,4,0,0.0,0.73333335,4,4,0,0.65346533,0.61944443,0.5960396,0.60925925,4,0,8,1,2,2,3,0,1,0,1,0,0,1
doribax,doːɹɪbæks,doɾibaks,zovirax,zɑːvɚɹæks,zovjks,1,0.14285715,0.78571427,3,0,0,0.2857143,0.2857143,0.57142854,0.25,3,0,0,0.0,0.78571427,3,0,0,0.75,0.506,0.6420001,0.498,0,0,2,0,0,0,0,1,1,0,1,0,0,1
atrovent,ætɹoʊvənt,ʔatɾovent,natru vent,nætɹuː vɛnt,natɾuvent,1,0.5,0.9117647,1,1,0,0.4,0.4,0.7,0.71428573,1,2,0,0.0,0.88235295,1,1,0,0.90877193,0.877193,0.8210526,0.8596491,2,0,4,1,0,0,0,1,1,0,1,0,0,1
ticlid,tɪklɪd,tiklid,tesuloid,tɛsuːlɔɪd,tesuloid,0,0.25,0.7777778,2,2,0,0.25,0.25,0.5,0.75,2,2,0,0.125,0.7037037,2,2,0,0.70208335,0.70208335,0.70208335,0.66041666,2,1,2,0,1,1,2,0,0,1,1,0,0,0
cyclophosphamide,saɪkləfɑːsfɐmaɪd,sikelophosphamide,cleocin phosphate,klɪɑːsɪn fɑːsfeɪt,kelasjnphosphate,0,0.47058824,0.779661,5,2,2,0.4117647,0.05882353,0.4705882,0.5454545,4,3,2,0.05882353,0.765625,4,2,2,0.63736266,0.6590476,0.4934066,0.61333334,1,1,1,1,0,1,1,0,0,0,0,0,0,0
desyrel,dɪsɪɹəl,desjɾel,seroquel,sɛɹɑːkwəl,seɾokel,1,0.125,0.6896552,4,1,0,0.25,0.25,0.375,0.39999998,4,1,0,0.0,0.6666666,4,1,0,0.668,0.54,0.56,0.5311111,1,0,2,1,1,0,2,0,1,0,1,0,1,0
mucinex,mjuːsaɪnɛks,mukʔeks,mucomyst,mjuːkəmɪst,mukomjst,1,0.375,0.8,4,1,0,0.375,0.0,0.375,0.3333333,4,1,0,0.375,0.7,4,1,0,0.7887097,0.5365385,0.7112903,0.52884614,1,3,0,2,1,0,1,0,0,1,0,0,0,1
cyclosporine,saɪkləspoːɹiːn,sikelospoɾine,cyclosporine modified,saɪkləspoːɹiːn mɑːdɪfaɪd,sikelospoɾinemodifiʔed,1,0.5714286,0.7619048,0,8,0,0.5714286,0.0,0.57142854,0.6153846,0,9,0,0.5714286,0.75,0,8,0,0.6131148,0.5895522,0.61639345,0.5895522,9,12,0,4,3,4,4,0,0,1,0,0,0,1
olanzapine,ɑːlænzɐpaɪn,ʔolansapine,quetiapine,kwɛʃɪæpaɪn,ketiʔapine,1,0.4,0.7631579,5,0,0,0.5,0.5,0.5,0.39999998,5,0,0,0.0,0.75,5,0,0,0.71166664,0.5776119,0.55833334,0.50895524,0,0,5,1,1,1,1,0,1,0,1,0,0,1
rocuronium,ɹɑːkjʊɹɹoʊniəm,ɾokuɾonjum,romazicon,ɹɑːmɐzɪkən,ɾomasjson,1,0.3,0.7027027,7,0,1,0.2,0.0,0.19999999,0.19999999,7,0,1,0.2,0.6052631,7,0,1,0.44810125,0.4967742,0.35949367,0.47419354,1,2,0,0,0,1,1,0,1,1,0,0,0,1
antabuse,æntɐbjuːs,ʔantabuse,antepar,æntɪpɑːɹ,ʔantepaɾ,0,0.375,0.76666665,4,0,1,0.375,0.0,0.375,0.5,4,0,1,0.375,0.6666666,4,0,1,0.72,0.8218182,0.574,0.65818185,1,3,0,0,1,0,1,0,0,1,0,0,0,1
ketotifen fumarate,kɛɾətaɪfən fjuːmæɹət,ketotifenfumaɾate,quetiapine fumarate,kwɛʃɪæpaɪn fjuːmæɹət,ketiʔapinefumaɾate,0,0.5263158,0.85294116,5,2,1,0.47368422,0.47368422,0.6315789,0.7,4,2,1,0.0,0.8,4,2,1,0.89454544,0.85462964,0.77181816,0.79351854,1,0,9,1,0,0,2,0,0,1,1,0,0,1
leucovorin calcium,luːkəvoːɹɪn kælsiəm,leukovʔoɾinkalsjum,fenoprofen calcium,fɛnəpɹoʊfən kælsiəm,fenopɾofenkalsjum,0,0.44444445,0.83076924,5,1,1,0.5,0.5,0.6111111,0.6363636,7,0,0,0.0,0.7941176,7,0,0,0.70272726,0.7,0.6627273,0.6785714,0,0,9,1,0,0,1,0,1,0,1,0,0,1
cefotan,sɛfɑːtən,kefotan,comtan,kəmtæn,komtan,0,0.42857143,0.8076923,2,0,1,0.42857143,0.42857143,0.57142854,0.75,2,0,1,0.14285715,0.7692308,2,0,1,0.5860465,0.6581395,0.44883722,0.6581395,1,1,3,0,1,1,1,0,1,0,1,0,0,1
scandonest l,skændoʊnɪst ɛl,skandonestl,scandonest plain,skændoʊnɪst pleɪn,skandonestplaʔin,0,0.6875,0.85714287,0,4,0,0.6875,0.0,0.75,0.8181818,0,4,0,0.6875,0.84615386,0,4,0,0.748,0.70392156,0.752,0.7078431,4,11,0,2,1,1,2,0,0,1,0,0,0,1
mifepristone,maɪfpɹɪstoʊn,mifepɾistone,mifeprex,maɪfpɹɛks,mifepɾeks,0,0.5,0.75,2,0,4,0.5,0.0,0.5,0.57142854,2,0,4,0.5,0.7,2,0,4,0.70135134,0.7027027,0.6959459,0.68378377,4,6,0,2,2,1,2,0,0,1,0,0,0,0
daraprim,dæɹæpɹɪm,daɾapɾim,duraprep,dʊɹɹɐpɹɛp,duɾapɾep,0,0.5,0.875,3,0,0,0.5,0.0,0.625,0.8,3,0,0,0.125,0.8125,3,0,0,0.80526316,0.884,0.71754384,0.788,0,1,0,0,0,0,0,0,1,1,0,0,0,1
doxorubicin,dɑːksoːɹuːbɪsɪn,doksoɾubjsjn,idarubicin,aɪdɑːɹɹuːbɪsɪn,ʔidaɾubjsjn,1,0.54545456,0.85714287,3,0,1,0.6363636,0.6363636,0.6363636,0.8333333,3,0,1,0.0,0.8095238,3,0,1,0.8027027,0.7551282,0.7364865,0.6705128,1,0,7,1,0,0,0,0,1,0,1,0,0,1
lamisil,læmɪsəl,lamisil,ramipril,ɹæmɪpɹəl,ɾamipɾil,0,0.375,0.8333333,2,1,0,0.375,0.25,0.625,0.39999998,2,1,0,0.0,0.78571427,2,1,0,0.736,0.736,0.736,0.736,1,0,2,1,0,0,0,1,1,0,1,0,0,1
lamivudine,læmɪvjuːdiːn,lamivudine,lamotrigine,læmətɹɪdʒɪn,lamotɾigine,1,0.45454547,0.8095238,4,1,0,0.27272728,0.27272728,0.5454545,0.5,4,1,0,0.27272728,0.7619048,4,1,0,0.81594205,0.78059703,0.74347824,0.7656717,1,3,3,1,0,0,0,0,0,1,1,0,0,1
lasix,læsɪks,lasiks,wakix,wækɪks,wakiks,1,0.2,0.78947365,2,0,0,0.4,0.4,0.6,0.3333333,2,0,0,0.0,0.8,2,0,0,0.8236842,0.8236842,0.8236842,0.8236842,0,0,2,0,0,0,0,1,1,0,1,0,2,1
humalog mix 75 25,hjuːmɐlɑːg mɪks sɛvənti faɪv twɛnti faɪv,humalogmiks7525,humulin 70 30,hjuːmjʊlɪn sɛvənti θɜːɾi,humulin7030,1,0.23529412,0.71875,2,0,3,0.1764706,0.0,0.4705882,0.46153843,5,0,4,0.1764706,0.6969697,2,0,3,0.5097561,0.5536232,0.4395122,0.48985508,4,3,0,2,1,1,1,0,1,1,0,0,0,1
depo provera,dɪpoʊ pɹɑːvɚɹə,depopɾoveɾa,depo subq provera 104,dɪpoʊ sʌbk pɹɑːvɚɹə wʌnhʌndɹɪd foːɹ,deposubkpɾoveɾa104,1,0.5714286,0.84615386,0,4,0,0.3809524,0.0,0.57142854,0.46666664,0,9,0,0.23809524,0.84313726,0,4,0,0.37790054,0.64301074,0.37790054,0.64301074,9,5,0,3,1,1,1,0,1,1,0,0,0,1
lortab,lɔːɹɾæb,loɾtab,oforta,ɑːfɔːɹɾə,ʔofoɾta,0,0.5,0.75,1,1,1,0.6666667,0.0,0.5,0.5,1,1,1,0.0,0.75,1,1,1,0.6447368,0.5744186,0.56578946,0.5744186,0,0,0,1,1,1,1,0,1,0,0,0,0,0
carboplatin,kɑːɹbəplætɪn,kaɾboplatin,cisplatin,sɪsplɐtɪn,kisplatin,1,0.54545456,0.825,2,0,2,0.54545456,0.54545456,0.6363636,0.71428573,2,0,2,0.09090909,0.8,2,0,2,0.6637681,0.7289855,0.54057974,0.6681159,2,1,6,1,1,1,1,0,1,0,1,0,0,1
brilinta,bɹɪlɪntə,bɾilinta,briviact,bɹɪvɪækt,bɾivjakt,1,0.375,0.7741935,2,1,1,0.375,0.0,0.5,0.6,4,0,0,0.375,0.73333335,4,0,0,0.692,0.63076925,0.684,0.5423077,0,3,0,0,1,0,0,0,1,1,0,0,0,1
claritin d,klæɹɪtɪn diː,klaɾitind,claritin d 24,klæɹɪtɪn diː twɛnti foːɹ,klaɾitind24,1,0.7692308,1.0,0,0,0,0.7692308,0.0,0.7692308,0.7,0,3,0,0.7692308,1.0,0,0,0,0.52100843,1.0,0.52100843,1.0,3,10,0,0,0,0,0,1,1,1,1,1,0,1
apresoline,æpɹeɪɑːliːn,ʔapɾesoline,apresazide,æpɹeɪeɪzaɪd,ʔazide,0,0.5,0.875,3,0,0,0.5,0.1,0.7,0.6,3,0,0,0.5,0.84615386,3,0,0,0.7619048,0.43283582,0.64285713,0.4119403,0,5,1,0,0,0,0,0,0,1,0,0,0,0
talwin compound,tælwɪn kɑːmpaʊnd,talwinko³³pɔ⁴¹und,talwin nx,tælwɪn ɛnɛks,talwinnks,0,0.46666667,0.675,1,0,6,0.46666667,0.0,0.5333333,0.6,1,0,6,0.46666667,0.67441857,1,0,6,0.62613636,0.608642,0.51931816,0.608642,6,7,0,3,2,2,3,0,0,1,0,0,0,0
lanoxin,lænəksɪn,lanoksin,lumason,luːmeɪsən,lumason,0,0.14285715,0.82142854,5,0,0,0.14285715,0.14285715,0.28571427,0.5,5,0,0,0.14285715,0.67857146,5,0,0,0.822,0.758,0.63,0.574,0,1,1,0,0,0,0,0,0,1,1,0,0,1
bamlanivimab,bæmlɐnɪvɪmæb,bamlanivimab,belimumab,bɪlɪmjuːmæb,belimumab,1,0.33333334,0.7619048,3,0,3,0.25,0.25,0.5,0.57142854,3,0,3,0.083333336,0.7073171,3,0,3,0.6945946,0.6351351,0.6189189,0.5135135,3,1,3,2,1,1,1,0,0,1,1,0,0,1
hydrocodone,haɪdɹəkɑːdoʊn,hjdɾokodone,oxycodone,ɑːksɪkɑːdoʊn,ʔoksikeodone,1,0.45454547,0.82051283,3,0,2,0.54545456,0.54545456,0.5454545,0.57142854,3,0,2,0.0,0.75,3,0,2,0.75972223,0.70694447,0.6638889,0.6875,2,0,6,2,0,0,0,0,0,0,1,0,1,0
oxcarbazepine,ɑːkskɑːɹbeɪzpaɪn,ʔokskaɾbasepine,dacarbazine,dækɑːɹbæziːn,dakaɾbasʔineʔ,0,0.53846157,0.8333333,2,0,2,0.46153846,0.23076923,0.6923077,0.71428573,2,0,2,0.0,0.8333333,2,0,2,0.6348837,0.5946237,0.572093,0.59032255,2,0,3,1,1,1,1,0,0,0,1,0,0,1
cefotetan,sɛfoʊttən,kefotetan,cefoxitin,sɛfəksɪtɪn,kefoksitin,1,0.44444445,0.8888889,3,0,0,0.44444445,0.11111111,0.6666666,0.8,3,0,0,0.44444445,0.8333333,3,0,0,0.7612903,0.86290324,0.62258065,0.766129,0,4,1,0,0,0,0,0,1,1,1,0,0,1
avandia,ævændiə,ʔavandia,javadin,dʒɑːvɐdɪn,ʤavadin,0,0.42857143,0.7777778,1,1,1,0.42857143,0.0,0.57142854,0.25,1,1,1,0.0,0.78571427,1,1,1,0.564,0.6041667,0.34,0.56666666,0,0,0,1,0,1,1,0,0,0,0,0,0,1
procardia xl,pɹəkɑːɹdiə ɛksɛl,pɾokaɾdiaksl,protain xl,pɹoʊteɪn ɛksɛl,pɾotaʔinksl,1,0.41666666,0.78947365,2,0,2,0.25,0.25,0.6666666,0.625,2,0,2,0.25,0.8,2,0,2,0.7430233,0.69736844,0.6034884,0.6342105,2,3,3,1,1,3,1,0,0,1,1,0,0,1
floranex,floːɹeɪnɛks,floɾaneks,florinef,flɔːɹaɪnəf,floɾinef,1,0.625,0.90625,2,0,0,0.5,0.0,0.75,0.8,2,0,0,0.5,0.875,2,0,0,0.83870965,0.82807016,0.7080645,0.75438595,0,4,0,0,0,0,0,0,0,1,0,0,0,1
cabenuva,keɪbnuːvə,kabenuva,cabotegravir,kæboʊtgɹævɪɹ,kabotegɾavjɾ,1,0.25,0.7,3,4,0,0.25,0.0,0.4166667,0.4285714,3,4,0,0.25,0.65,3,4,0,0.47972974,0.48157895,0.4256757,0.46842104,4,3,0,3,1,1,1,0,0,1,0,0,0,1
yasmin,jæzmɪn,jasmin,yaz,jæz,jas,1,0.33333334,0.5625,1,0,3,0.33333334,0.0,0.3333333,0.25,1,0,3,0.33333334,0.5555556,1,0,3,0.5,0.5,0.5,0.5,3,2,0,2,1,1,1,0,1,1,0,0,0,1
achromycin,ækɹoʊmaɪsɪn,ʔaʧɾomjsjn,vancomycin,væŋkəmaɪsɪn,vankomjsjn,0,0.5,0.8,4,0,0,0.6,0.6,0.6,0.57142854,4,0,0,0.0,0.825,4,0,0,0.74328357,0.6939394,0.65373135,0.6939394,0,0,6,0,0,0,0,1,1,0,1,0,0,1
tanzeum,tænziːəm,tansjum,tradjenta,tɹædʒɛntə,tɾadʤenta,1,0.22222222,0.61290324,4,2,0,0.22222222,0.0,0.3333333,0.16666669,4,2,0,0.11111111,0.625,4,2,0,0.55789477,0.46140352,0.49473685,0.4508772,2,1,0,2,1,0,0,0,0,1,0,0,1,1
nitro bid,naɪtɹoʊ bɪd,nitɾobid,nutropin aq,nʌtɹəpɪn æk,nutɾopinʔak,0,0.27272728,0.7777778,3,2,0,0.27272728,0.0,0.36363637,0.4285714,5,2,0,0.09090909,0.7222222,3,2,0,0.7596774,0.6405797,0.61451614,0.6405797,2,1,0,1,1,1,1,0,0,1,0,0,0,1
quetiapine,kwɛʃɪæpaɪn,ketiʔapine,questran,kwɛstɹæn,kestɾan,0,0.3,0.6969697,4,0,2,0.3,0.0,0.5,0.6,1,1,3,0.3,0.7222222,1,1,3,0.6483333,0.46333334,0.58166665,0.385,2,3,0,1,2,1,3,0,0,1,1,0,0,0
sulfadiazine,sʌlfeɪdɪɐziːn,sulfadiasʔineʔ,sulfatrim,sʌlfætɹɪm,sulfatɾim,0,0.41666666,0.7804878,3,0,3,0.41666666,0.0,0.5,0.5,3,0,3,0.41666666,0.7380952,3,0,3,0.6958333,0.53255814,0.6875,0.53720933,3,5,0,0,2,2,3,0,1,1,0,0,0,1
daunorubicin,dɔːnoːɹuːbɪsɪn,daʔunoɾubjsjn,daunorubicin liposomal,dɔːnoːɹuːbɪsɪn lɪpəsɑːməl,daʔunoɾubjsjnliposomal,1,0.54545456,0.71875,0,9,0,0.54545456,0.0,0.5454545,0.5,0,10,0,0.54545456,0.7384615,0,9,0,0.5491803,0.60144925,0.5491803,0.60144925,10,12,0,5,4,4,4,0,0,1,0,0,0,1
guaifenesin,gwɑːaɪfnɛsɪn,guʔajfenesin,guanfacine,gwɑːnfɐsiːn,guʔanfasjne,1,0.36363637,0.74358976,3,1,2,0.27272728,0.0,0.45454544,0.39999998,3,1,2,0.27272728,0.71428573,3,1,2,0.6761194,0.5648649,0.5895522,0.48918918,1,3,0,0,0,1,1,0,0,1,1,0,0,1
aminosyn 35,ɐmɪnəsɪn θɜːɾi faɪv,ʔaminosjn35,aminosyn ii 7,ɐmɪnəsɪn ɹoʊmən tuː sɛvən,ʔaminosjnʔiiʔ7,0,0.6923077,0.9142857,0,2,0,0.6923077,0.0,0.6923077,0.75,2,2,0,0.6923077,0.9142857,0,2,0,0.61181104,0.7037037,0.57716537,0.7037037,2,9,0,0,1,1,2,0,0,1,0,0,0,0
maxzide,mækszaɪd,makszide,zymaxid,zaɪmɐksɪd,zjmaʔksid,0,0.42857143,0.7407408,0,2,2,0.42857143,0.0,0.4285714,0.39999998,0,2,2,0.0,0.71428573,0,2,2,0.74,0.62711865,0.5781818,0.62711865,0,0,0,1,1,1,1,0,1,0,1,0,0,0
tramadol,tɹæmɐdɑːl,tɾamadol,metromidol,mɛtɹəmɪdɑːl,metɾomidol,0,0.3,0.8333333,2,2,0,0.3,0.3,0.6,0.8333333,2,2,0,0.0,0.7777778,2,2,0,0.8016129,0.7935484,0.67258066,0.6483871,2,0,3,1,1,1,1,0,0,0,1,0,0,1
avandamet,ævɐndæmɪt,ʔavandamet,quadramet,kwɑːdɹæmɪt,kadɾamet,0,0.33333334,0.7714286,4,0,0,0.44444445,0.44444445,0.5555556,0.39999998,4,0,0,0.0,0.7777778,4,0,0,0.68245614,0.6,0.6754386,0.59354836,0,0,4,0,1,1,0,0,1,0,1,0,0,1
neurontin,nʊɹɹɔntɪn,neuɾontin,noroxin,noːɹəksɪn,noɾoksin,1,0.33333334,0.8064516,2,0,2,0.22222222,0.22222222,0.5555556,0.6,2,0,2,0.11111111,0.75,2,0,2,0.7526316,0.7763636,0.68596494,0.74363637,2,1,2,1,0,0,1,1,1,1,1,0,0,1
acetaminophen and codeine phosphate,æsɪtæmɪnɑːfən ænd koʊdaɪn fɑːsfeɪt,ʔaketaminophenʔandkodejnephosphate,acetaminophen and pentazocine hydrochloride,æsɪtæmɪnɑːfən ænd pɛntɐzɑːsiːn haɪdɹəkloːɹaɪd,ʔaketaminophenʔandpentasokʔineʔhjdɾoʧloɾide,0,0.4883721,0.78832114,11,8,0,0.41860464,0.023255814,0.55813956,0.5185185,11,8,0,0.41860464,0.7361111,11,8,0,0.62413794,0.5877323,0.57155174,0.5650558,8,18,1,6,3,4,2,0,0,1,0,0,0,0
neratinib,nɛɹɐtɪnɪb,neɾatinib,erdafitinib,ɜːdɐfɪtɪnɪb,ʔeɾdafitinib,0,0.45454547,0.8,0,3,1,0.45454547,0.45454547,0.6363636,0.5,0,3,1,0.0,0.8,0,3,1,0.7733333,0.6378378,0.6566667,0.56891894,2,0,5,1,1,1,1,0,1,0,1,0,0,1
tri legest 21,tɹaɪ liːdʒɪst twɛnti wʌn,tɾilegest21,tri legest fe,tɹaɪ liːdʒɪst fiː,tɾilegestfe,0,0.84615386,0.9,0,2,0,0.84615386,0.0,0.84615386,0.8,2,0,0,0.84615386,0.9189189,0,2,0,0.62777776,0.82608694,0.6198413,0.8275362,0,11,0,1,1,0,1,1,1,1,0,0,0,1
spiriva,spɪɹɪvə,spiɾiva,spinraza,spɪnɹɑːzə,spinɾasa,0,0.375,0.8333333,2,1,0,0.375,0.125,0.625,0.6,2,1,0,0.375,0.8,2,1,0,0.798,0.784,0.698,0.7,1,3,1,1,0,0,0,0,1,1,1,0,1,0
hydromorphone,haɪdɹəmoːɹfoʊn,hjdɾomoɾphone,oxymorphone,ɑːksɪmoːɹfoʊn,ʔoksjmoɾphone,1,0.53846157,0.84444445,3,0,2,0.61538464,0.61538464,0.6153846,0.6666666,3,0,2,0.0,0.7916667,3,0,2,0.78101265,0.75301206,0.69367087,0.7481928,2,0,8,2,0,0,0,0,1,0,1,0,0,0
aldara,ɔːldɑːɹɹə,ʔaldaɾaʔ,azedra,eɪzdɹə,ʔazedɾa,0,0.33333334,0.75,3,0,0,0.33333334,0.33333334,0.5,0.6666666,3,0,0,0.16666667,0.75,3,0,0,0.627907,0.62,0.627907,0.59,0,1,2,0,0,0,0,0,0,0,1,0,1,1
methadone,mɛθɐdoʊn,methadone,metandren,mɛtəndɹɛn,metandɾen,0,0.33333334,0.7714286,3,1,1,0.33333334,0.0,0.44444442,0.6666666,5,0,0,0.33333334,0.7222222,5,0,0,0.65789473,0.6438596,0.6298246,0.63684213,0,3,0,1,1,0,1,0,1,1,1,0,0,1
hydro reserp,haɪdɹoʊ ɹɪsɜːp,hjdɾoɾeseɾp,hydropres 50,haɪdɹɑːpɚz fɪfti,hjdɾopɾes50,0,0.5833333,0.78947365,0,1,3,0.41666666,0.0,0.6666666,0.6,4,0,0,0.41666666,0.8,0,1,3,0.6848837,0.70422536,0.5918605,0.70422536,0,5,0,1,1,1,1,0,0,1,0,0,0,0
lamotrigine,læmətɹɪdʒɪn,lamotɾigine,levetiracetam,lɛvɪtɜːɹɐsɛɾæm,levetiɾaketam,1,0.15384616,0.6875,8,2,0,0.15384616,0.0,0.23076922,0.4285714,8,2,0,0.07692308,0.5833334,8,2,0,0.66202533,0.66202533,0.5607595,0.46962026,2,1,0,1,1,2,1,0,1,1,0,0,0,1
oxytrol for women,ɑːksɪtɹɑːl fɔːɹ wɪmɪn,ʔoksjtɾolfoɾwomen,rogaine for women,ɹɑːgeɪn fɔːɹ wɪmɪn,ɾogaʔineʔfoɾwomen,0,0.5882353,0.78947365,5,1,1,0.5882353,0.5882353,0.58823526,0.5833334,7,0,0,0.0,0.76666665,7,0,0,0.635,0.50825685,0.619,0.50183487,0,0,10,2,1,0,2,1,1,0,1,0,2,1
hydrap es,haɪdɹæp iːz,hjdɾapʔes,hydro reserp,haɪdɹoʊ ɹɪsɜːp,hjdɾoɾeseɾp,0,0.41666666,0.75,2,3,0,0.33333334,0.0,0.5,0.5555556,3,3,0,0.33333334,0.7368421,2,3,0,0.66805553,0.6126761,0.65416664,0.5450704,3,4,0,2,1,1,1,0,0,1,0,0,0,1
tnkase,tiːɛŋkeɪs,tŋkase,t pa,tiː pɑː,tpaʔ,1,0.16666667,0.5555556,1,0,3,0.16666667,0.0,0.3333333,0.25,2,0,2,0.16666667,0.5555556,1,0,3,0.46041667,0.3631579,0.30833334,0.3631579,2,1,0,2,1,0,1,1,1,1,0,0,0,1
zelapar,zɛlɐpɑːɹ,zelapaɾ,zyprexa zydis,zɪpɹɛksə zaɪdiz,zjpɾeksaʔzjdis,1,0.07692308,0.5526316,4,5,0,0.07692308,0.0,0.23076922,0.3,4,6,0,0.07692308,0.5263158,4,5,0,0.39418605,0.24565217,0.29186046,0.2076087,6,1,0,5,0,2,0,0,1,0,0,0,1,0
methadone,mɛθɐdoʊn,methadone,metolazone,mɛɾəlæzoʊn,metolasone,1,0.5,0.8648649,2,1,0,0.3,0.3,0.7,0.6,2,1,0,0.3,0.84210527,2,1,0,0.65166664,0.65833336,0.6116667,0.65166664,1,3,3,0,1,1,1,0,1,1,1,0,0,1
amikin,æmɪkɪn,ʔamikin,kineret,kaɪnɹɪt,kineɾet,1,0.2857143,0.6153846,6,1,0,0.42857143,0.0,0.0,0.25,6,1,0,0.0,0.5,6,1,0,0.48604652,0.61162794,0.4348837,0.47674417,1,0,0,1,0,0,0,0,0,0,0,0,1,0
lamictal,læmɪktəl,lamiktal,lampit,læmpɪt,lampit,0,0.375,0.71428573,2,0,2,0.375,0.0,0.5,0.6,2,0,2,0.375,0.71428573,2,0,2,0.58,0.58,0.572,0.572,2,3,0,1,1,1,1,0,0,1,0,0,0,0
permitil,pɚmɪɾɪl,peɾmitil,prantal,pɹæntəl,pɾantal,0,0.125,0.76666665,3,0,1,0.125,0.125,0.5,0.8,3,0,1,0.125,0.7241379,3,0,1,0.5777778,0.656,0.51111114,0.58,1,1,1,0,1,1,1,0,0,1,1,0,1,1
android 10,ændɹɔɪd tɛn,ʔandɾoid10,android f,ændɹɔɪd ɛf,ʔandɾoidf,0,0.8,0.9285714,0,1,0,0.8,0.0,0.8,0.71428573,1,0,1,0.8,0.93333334,0,1,0,0.7903226,0.877193,0.7919355,0.877193,1,8,0,1,0,0,0,1,1,1,0,0,0,1
fioricet w codeine,fɪoːɹɪsɪt dʌbəljuː koʊdaɪn,fioɾajsetwkodejne,prometh vc w codeine,pɹoʊmiːθ viːsiː dʌbəljuː koʊdaɪn,pɾometvkwkodejne,0,0.5,0.7936508,7,1,0,0.5,0.5,0.55,0.57142854,7,2,0,0.0,0.75757575,7,1,0,0.75827813,0.6838095,0.7410596,0.61714286,2,0,10,3,1,2,2,0,1,0,1,0,2,1
paroxetine,pæɹəksɛtiːn,paɾoksetine,proketazine,pɹoʊktɐziːn,pɾoketasʔineʔ,0,0.45454547,0.8095238,1,2,1,0.27272728,0.27272728,0.6363636,0.6666666,1,2,1,0.09090909,0.8333333,1,2,1,0.83225805,0.654321,0.64193547,0.5802469,1,1,3,1,0,0,0,0,1,1,1,0,0,1
renvela,ɹɛnvɛlə,ɾenvela,renova,ɹɛnoʊvə,ɾenova,0,0.42857143,0.8076923,2,0,1,0.42857143,0.14285715,0.57142854,0.75,2,0,1,0.42857143,0.7692308,2,0,1,0.67674416,0.6744186,0.67674416,0.6488372,1,3,1,1,0,0,0,1,1,1,1,0,2,1
kadian,keɪdiən,kadiʔan,zykadia,zaɪkeɪdiə,zjkadia,0,0.5714286,0.75,0,2,1,0.71428573,0.0,0.57142854,0.25,0,2,1,0.0,0.7692308,0,2,1,0.6666667,0.627907,0.6666667,0.627907,1,0,0,1,0,1,0,0,1,0,0,0,0,1
alfentanil,ɐlfɛntɐnɪl,ʔalfentanil,gantanol,gæntɐnɑːl,gantanol,0,0.3,0.7777778,3,0,2,0.4,0.1,0.5,0.6666666,3,0,2,0.0,0.71428573,3,0,2,0.716129,0.6362319,0.63548386,0.5463768,2,0,1,1,1,1,1,0,1,0,1,0,0,1
norlestrin 21 25 50,noːɹlɪstɹɪn twɛnti wʌn twɛnti faɪv fɪfti,noɾlestɾin212550,norlestrin 28 1 50,noːɹlɪstɹɪn twɛnti eɪt wʌn fɪfti,noɾlestɾin28150,0,0.7894737,1.0,0,0,0,0.6315789,0.15789473,0.84210527,0.8125,2,0,1,0.6315789,1.0,0,0,0,0.7378505,1.0,0.7196262,1.0,1,12,3,0,0,0,0,1,1,1,1,1,0,1
ketamine,kɛɾɐmiːn,ketamine,ketorolac,kɛɾoːɹɑːlæk,ketoɾolak,1,0.33333334,0.7352941,5,1,0,0.33333334,0.0,0.3333333,0.39999998,5,1,0,0.33333334,0.6764706,5,1,0,0.4690909,0.50363636,0.36,0.3909091,1,3,0,1,0,1,0,0,0,1,0,0,0,1
disopyramide,dɪsɑːpɪɹæmaɪd,disopjɾamide,pyrazinamide,pɪɹeɪzɪnɐmaɪd,pjɾasinamide,0,0.5833333,0.7708333,7,0,0,0.41666666,0.41666666,0.4166667,0.4285714,7,0,0,0.0,0.7083334,7,0,0,0.72337663,0.6148649,0.5974026,0.5675676,0,0,5,0,0,0,0,0,1,0,1,0,0,1
hydralazine,haɪdɹɐlæziːn,hjdɾalasʔineʔ,hydromorphone,haɪdɹəmoːɹfoʊn,hjdɾomoɾphone,1,0.3846154,0.7777778,5,2,0,0.30769232,0.15384616,0.46153843,0.5555556,5,2,0,0.30769232,0.7083334,5,2,0,0.6746836,0.6915663,0.6240506,0.613253,2,4,2,2,0,0,0,0,0,1,1,0,0,1
nexavar,nɛksɐvɑːɹ,neksavaɾ,nexium,niːksiəm,neksjum,1,0.42857143,0.76,3,0,1,0.42857143,0.0,0.4285714,0.5,3,0,1,0.42857143,0.6923077,3,0,1,0.678,0.614,0.542,0.538,1,3,0,1,1,0,0,0,0,1,0,0,0,1
mitomycin,maɪɾəmaɪsɪn,mitomjsjn,netromycin,nɛtɹəmaɪsɪn,netɾomjsjn,0,0.5,0.8947368,2,1,0,0.6,0.6,0.7,0.71428573,2,1,0,0.0,0.8684211,2,1,0,0.8686567,0.8454546,0.8149254,0.8363636,1,0,6,1,0,0,0,0,1,0,1,0,0,1
sulfadiazine,sʌlfeɪdɪɐziːn,sulfadiasʔineʔ,sulfisoxazole,sʌlfɪsɑːksɐzoʊl,sulfisoksasole,1,0.3846154,0.8163265,5,1,0,0.30769232,0.07692308,0.53846157,0.57142854,5,1,0,0.30769232,0.76,5,1,0,0.65581393,0.62906975,0.55930233,0.522093,1,4,1,1,1,0,0,0,1,1,0,0,0,1
ponatinib,pɑːnɐtɪnɪb,ponatinib,phenytoin,fɛnɪtɔɪn,phenjtojn,0,0.22222222,0.7647059,4,1,1,0.22222222,0.0,0.3333333,0.5,4,1,1,0.11111111,0.6666666,4,1,1,0.7618182,0.48135594,0.58,0.4644068,0,1,0,1,2,1,1,0,1,0,0,0,0,1
aminocaproic acid in plastic container,ɐmɪnəkɐpɹoʊɪk æsɪd ɪn plæstɪk kənteɪnɚ,ʔaminokapɾojsʔasidʔinplastikkontaʔineɾ,mannitol 5 in plastic container,mænɪtɑːl faɪv ɪn plæstɪk kənteɪnɚ,mannitol5ʔinplastikkontaʔineɾ,0,0.5263158,0.7982456,5,0,8,0.55263156,0.55263156,0.65789473,0.73913044,6,0,7,0.0,0.7881356,5,0,8,0.7330097,0.62436974,0.69320387,0.60084033,7,0,21,3,4,4,5,0,1,0,1,0,0,1
lantus,læntəs,lantus,lente,lɛnt,lente,1,0.33333334,0.8181818,2,0,1,0.33333334,0.0,0.5,0.75,2,0,1,0.16666667,0.72727275,2,0,1,0.68421054,0.79473686,0.68421054,0.6315789,1,1,0,1,0,1,0,0,0,1,0,0,0,1
phentermine resin 30,fɛntɚmɪn ɹɛzɪn θɜːɾi,phenteɾmineɾesin30,phentermine resin complex,fɛntɚmɪn ɹɛzɪn kɑːmplɛks,phenteɾmineɾesinkompleks,0,0.72,0.81578946,0,7,0,0.72,0.0,0.72,0.7058823,2,5,0,0.72,0.82051283,0,7,0,0.70977443,0.65789473,0.66466165,0.65789473,5,18,0,5,2,2,2,0,1,1,0,0,1,1
cefotetan,sɛfoʊttən,kefotetan,fortesta,fɔːɹɾɛstə,foɾtesta,0,0.33333334,0.7058823,0,2,3,0.22222222,0.0,0.44444442,0.19999999,0,2,3,0.0,0.7058823,0,2,3,0.6272727,0.6272727,0.62,0.62,1,0,0,0,1,1,1,0,1,0,0,0,0,1
cozaar,kəzɑːɹ,kosaʔaɾ,zocor,zɑːkɚ,zokoɾ,1,0.16666667,0.8095238,3,0,1,0.33333334,0.16666667,0.3333333,0.3333333,3,0,1,0.0,0.6363636,3,0,1,0.4064516,0.5674419,0.38709676,0.37209302,1,0,1,0,0,0,1,0,1,0,1,0,1,0
mephyton,mɛfɪtən,mephjton,aquamephyton,ækweɪmfɪtən,ʔakamephjton,0,0.5833333,0.8108108,0,4,0,0.6666667,0.6666667,0.6666666,0.85714287,0,4,0,0.0,0.8,0,4,0,0.53731346,0.68421054,0.53731346,0.68421054,4,0,8,1,2,2,3,0,1,0,1,0,0,1
dextrose 5 sodium chloride 02 and potassium chloride 0224 in plastic container,dɛkstɹoʊz faɪv soʊdiəm kloːɹaɪd ziəɹoʊ tuː ænd pətæsiəm kloːɹaɪd ziəɹoʊtuːtuːfoːɹ ɪn plæstɪk kənteɪnɚ,dekstɾose5sodjumʧloɾide02ʔandpotasumʧloɾide0224ʔinplastikkontaʔineɾ,potassium chloride 015 in dextrose 5 and sodium chloride 011 in plastic container,pətæsiəm kloːɹaɪd ziəɹoʊ fɪftiːn ɪn dɛkstɹoʊz faɪv ænd soʊdiəm kloːɹaɪd ziəɹoʊ ɪlɛvən ɪn plæstɪk kənteɪnɚ,potasumʧloɾide015ʔindekstɾose5ʔandsodjumʧloɾide011ʔinplastikkontaʔineɾ,0,0.61728394,0.85589516,7,7,5,0.25925925,0.25925925,0.60493827,0.58928573,11,12,9,0.0,0.8442623,7,7,5,0.7131086,0.7572152,0.66348314,0.7481013,3,0,21,1,1,1,1,0,1,0,1,0,0,1
prograf,pɹoʊgɹæf,pɾogɾaf,proscar,pɹəskɑːɹ,pɾoskaɾ,1,0.42857143,0.7777778,3,0,0,0.42857143,0.0,0.57142854,0.39999998,3,0,0,0.42857143,0.78571427,3,0,0,0.592,0.6711111,0.456,0.6711111,0,3,0,0,0,0,0,1,1,1,0,0,0,0
levbid,lɛvbɪd,levbid,levo t,liːvoʊ tiː,levoʔt,0,0.5,0.8181818,2,0,1,0.5,0.0,0.5,0.5,3,0,0,0.5,0.72727275,2,0,1,0.7487805,0.71842104,0.72439027,0.69210523,0,3,0,1,0,0,0,0,1,1,0,0,0,0
bactrim ds,bæktɹɪm diːɛs,baktɾimds,bactroban,bæktɹɑːbən,baktɾoban,0,0.5,0.8055556,4,0,0,0.5,0.0,0.5,0.5,4,0,1,0.5,0.7777778,4,0,0,0.70434785,0.6983051,0.5753623,0.6847458,1,5,0,1,1,1,1,0,0,1,0,0,0,1
cefazolin,sɛfɐzɑːlɪn,kʔefasolin,ethamolin,ɛθɐmɑːlɪn,ʔethamolin,0,0.33333334,0.7714286,4,0,0,0.44444445,0.44444445,0.5555556,0.39999998,4,0,0,0.0,0.7941176,2,1,1,0.74363637,0.6935484,0.74363637,0.7,0,0,4,0,0,0,0,1,1,0,1,0,0,1
viokase,vaɪəkeɪs,viokase,viokase 8,vaɪəkeɪs eɪt,viokase8,1,0.7777778,1.0,0,0,0,0.7777778,0.0,0.7777778,0.6,0,2,0,0.7777778,1.0,0,0,0,0.7349206,1.0,0.73015875,1.0,2,7,0,0,0,0,0,1,1,1,1,1,0,1
testoderm,tɛstoʊdɜːm,testodeɾm,testoderm with adhesive,tɛstoʊdɜːm wɪð ɐdhiːsɪv,testodeɾmwitʔadhesive,1,0.39130434,0.6315789,0,12,0,0.39130434,0.0,0.39130437,0.39999998,0,14,0,0.39130434,0.6,0,12,0,0.47008547,0.4351145,0.47008547,0.4351145,14,9,0,7,5,4,5,0,0,1,0,0,1,0
roxanol,ɹɑːksɐnɑːl,ɾoksanol,roxicodone intensol,ɹɑːksɪkɑːdoʊn ɪntɛnsɑːl,ɾoksjsodoneʔintensol,1,0.21052632,0.5510204,1,11,0,0.15789473,0.10526316,0.31578946,0.36363637,1,12,0,0.15789473,0.52,1,11,0,0.31538463,0.27539682,0.26581198,0.23730159,12,3,2,6,5,5,5,0,1,1,1,0,0,0
lexiva,lɛksɪvə,leksiva,pexeva,pɛksɛvə,pekseva,1,0.33333334,0.875,2,0,0,0.33333334,0.33333334,0.6666666,0.6666666,2,0,0,0.0,0.8333333,2,0,0,0.83488375,0.8372093,0.83488375,0.81395346,0,0,2,0,0,0,0,1,1,0,1,0,0,1
steglatro,stɛglætɹoʊ,steglatɾo,statrol,stætɹɑːl,statɾol,0,0.5555556,0.75,0,1,3,0.44444445,0.0,0.5555556,0.5,0,1,3,0.22222222,0.75,0,1,3,0.57419354,0.6,0.4870968,0.5614035,2,2,0,1,1,1,1,0,1,1,0,0,0,1
doribax,doːɹɪbæks,doɾibaks,doryx,doːɹɪks,doɾjks,0,0.42857143,0.7916667,1,0,2,0.42857143,0.14285715,0.57142854,0.75,1,0,2,0.42857143,0.75,1,0,2,0.68,0.592,0.68,0.592,2,3,1,0,2,1,2,0,1,1,1,0,1,0
dynacin,daɪnɐsɪn,djnasjn,dynacirc,daɪnɐsɜːk,djnasjɾs,1,0.75,0.8666667,1,1,0,0.75,0.0,0.75,0.6666666,1,1,0,0.75,0.8666667,1,1,0,0.8520833,0.75555557,0.8520833,0.74814814,1,6,0,1,0,0,0,1,1,1,0,0,0,1
micronase,maɪkɹoʊneɪs,mikɾonase,micronor,maɪkɹoʊnoːɹ,mikɾonoɾ,0,0.6666667,0.85294116,2,0,1,0.6666667,0.0,0.6666666,0.8,2,0,1,0.6666667,0.8235294,2,0,1,0.8769231,0.84,0.8769231,0.75272727,1,6,0,0,1,0,1,0,1,1,0,0,0,1
remeron,ɹɪmɜːɹən,ɾemeɾon,rozerem,ɹoʊzɹəm,ɾozeɾem,1,0.42857143,0.82142854,4,0,0,0.42857143,0.0,0.4285714,0.5,4,0,0,0.14285715,0.75,4,0,0,0.7209302,0.7790698,0.73023254,0.7883721,0,1,0,0,0,0,0,0,0,1,0,0,2,1
ranitidine,ɹænɪtɪdiːn,ɾanitidine,rimantadine,ɹɪmɐntædiːn,ɾimantadine,1,0.45454547,0.85714287,4,1,0,0.36363637,0.36363637,0.6363636,0.8333333,1,2,1,0.09090909,0.8095238,1,2,1,0.83064514,0.8477612,0.7564516,0.6686567,1,1,4,1,0,0,0,0,0,1,1,0,0,1
rifampin,ɹɪfɐmpɪn,ɾifampin,rifaximin,ɹɪfɐksɪmɪn,ɾifaksimin,1,0.5555556,0.8235294,2,1,0,0.44444445,0.22222222,0.6666666,0.6,2,1,0,0.44444445,0.8235294,2,1,0,0.61129034,0.61129034,0.61774194,0.61774194,1,4,2,0,1,1,1,0,0,1,1,0,0,1
amphotericin b,æmfoʊtɹɪsɪn biː,ʔamphoteɾajsjnb,amphotericin b liposomal,æmfoʊtɹɪsɪn biː lɪpəsɑːməl,ʔamphoteɾajsjnbliposomal,1,0.5833333,0.7352941,0,9,0,0.5833333,0.0,0.5833334,0.6,0,10,0,0.5833333,0.7536232,0,9,0,0.5895522,0.6381579,0.5895522,0.6381579,10,14,0,5,4,4,4,0,0,1,0,0,0,1
neulasta,nuːlæstə,neulasta,neumega,nuːmɛgə,neumega,1,0.375,0.75,3,0,1,0.375,0.125,0.5,0.25,3,0,1,0.375,0.73333335,3,0,1,0.4651163,0.5208333,0.45581394,0.40416667,1,3,1,1,0,0,0,0,0,1,1,0,0,1
isotretinoin,aɪsətɹɛtɪnɔɪn,ʔisotɾetinojn,tretinoin,tɹɛtɪnɔɪn,tɾetinojn,1,0.6666667,0.85,0,0,3,0.75,0.75,0.75,0.8333333,0,0,3,0.0,0.85714287,0,0,3,0.71428573,0.7037037,0.71428573,0.7037037,3,0,9,1,2,2,2,0,1,0,1,0,0,1
provera,pɹɑːvɚɹə,pɾoveɾa,frova,fɹoʊvə,fɾova,0,0.2857143,0.7916667,1,0,2,0.42857143,0.14285715,0.57142854,0.5,1,0,2,0.0,0.75,1,0,2,0.6581395,0.67674416,0.48372093,0.5837209,2,0,1,1,1,1,1,0,1,0,1,0,1,0
navane,næveɪn,navaneʔ,dalvance,dælvəns,dalvejnkeʔ,0,0.25,0.78571427,1,2,0,0.375,0.125,0.625,0.39999998,1,2,0,0.0,0.78571427,1,2,0,0.5933333,0.515625,0.46,0.434375,2,0,1,2,0,0,0,0,0,0,0,0,1,1
prograf,pɹoʊgɹæf,pɾogɾaf,prozac,pɹɑːzæk,pɾosak,1,0.42857143,0.7692308,2,0,1,0.42857143,0.0,0.57142854,0.39999998,2,0,1,0.42857143,0.7692308,2,0,1,0.618,0.6377778,0.446,0.6377778,1,3,0,1,0,0,0,0,0,1,0,0,1,1
flonase,flɑːneɪs,flonase,glynase,glaɪneɪs,gljnase,0,0.42857143,0.89285713,2,0,0,0.5714286,0.5714286,0.71428573,0.6,2,0,0,0.0,0.85714287,2,0,0,0.8125,0.65555555,0.7395833,0.65555555,0,0,4,1,1,0,1,1,1,0,1,0,2,1
lipitor,lɪpɪɾɚ,lipitoɾ,loniten,lɑːnaɪʔn,loniten,1,0.2857143,0.78571427,4,0,0,0.2857143,0.0,0.4285714,0.5,4,0,0,0.14285715,0.7037037,4,0,0,0.4511628,0.65581393,0.25348836,0.6418605,0,1,0,0,0,0,0,0,0,1,0,0,0,0
lampit,læmpɪt,lampit,limbitrol,lɪmbɪtɹɑːl,limbitɾol,0,0.22222222,0.73333335,2,3,0,0.22222222,0.0,0.44444442,0.5,2,3,0,0.11111111,0.6551724,2,3,0,0.64736843,0.64912283,0.64736843,0.5754386,3,1,0,2,1,1,1,0,0,1,0,0,0,0
zelboraf,zɛlboːɹæf,zelboɾaf,zilbrysq,zɪlbɹɪsk,zilbɾjsk,0,0.25,0.75,3,1,1,0.25,0.0,0.375,0.57142854,5,0,0,0.125,0.67741936,5,0,0,0.8076923,0.6574074,0.8076923,0.6388889,0,1,0,2,2,1,2,0,0,0,0,0,0,0
novolin,nɑːvəlɪn,novolin,ventolin,vɛntəlɪn,ventolin,0,0.375,0.76666665,3,1,0,0.5,0.5,0.5,0.6,3,1,0,0.0,0.71428573,3,1,0,0.654,0.654,0.662,0.662,1,0,4,1,0,0,0,0,1,0,1,0,0,1
quetiapine,kwɛʃɪæpaɪn,ketiʔapine,quelicin,kwɛlɪsɪn,kejsjn,0,0.4,0.78787875,2,0,2,0.3,0.0,0.6,0.5,2,0,2,0.3,0.7714286,2,0,2,0.74666667,0.25833333,0.675,0.25166667,2,3,0,0,1,0,2,0,0,1,1,0,0,1
baricitinib,bæɹɪsɪtɪnɪb,baɾjsitinib,tofacitinib,tɑːfɐsɪtɪnɪb,tofasjtinib,0,0.54545456,0.8636364,4,0,0,0.6363636,0.6363636,0.6363636,0.6666666,4,0,0,0.0,0.8181818,4,0,0,0.8955224,0.6826087,0.7522388,0.6826087,0,0,7,0,0,0,0,0,1,0,1,0,0,1
ketorolac,kɛɾoːɹɑːlæk,ketoɾolak,detrol la,dɪtɹɑːl læ,detɾolla,0,0.44444445,0.78787875,1,1,2,0.33333334,0.0,0.44444442,0.5,3,1,1,0.0,0.78787875,1,1,2,0.64363635,0.72727275,0.6290909,0.72,0,0,0,0,1,1,1,0,1,0,0,0,0,0
hydroxyurea,haɪdɹɑːksɪjuːɹiə,hjdɾoksjuɾea,hydroxyzine,haɪdɹɑːksɪziːn,hjdɾoksjzine,1,0.6363636,0.85,2,1,1,0.6363636,0.0,0.6363636,0.75,4,0,0,0.6363636,0.8181818,4,0,0,0.74404764,0.8333333,0.74404764,0.78205127,0,7,0,1,0,1,1,0,1,1,0,0,1,0
clarispray,klæɹɪspɹeɪ,klaɾispɾaj,claritin,klæɹɪtɪn,klaɾitin,1,0.5,0.7428571,3,0,2,0.5,0.0,0.5,0.4285714,3,0,2,0.5,0.7222222,3,0,2,0.68064517,0.6296875,0.68064517,0.5828125,2,5,0,2,0,0,0,1,1,1,0,0,0,1
floranex,floːɹeɪnɛks,floɾaneks,fluoroplex,flʊɹɹəplɛks,fluʔoɾopleks,0,0.4,0.8,2,2,0,0.2,0.2,0.6,0.6666666,2,2,0,0.2,0.7777778,2,2,0,0.7394366,0.57894737,0.6605634,0.52105266,2,2,2,1,0,1,1,0,0,1,1,0,0,1
chlordiazepoxide,kloːɹədɪeɪzpɑːksaɪd,ʧloɾdiʔazepokside,chlorpromazine,kloːɹəpɹɑːmɐziːn,ʧloɾpɾomasʔineʔ,1,0.375,0.7627119,7,0,2,0.3125,0.0625,0.4375,0.44444442,7,0,2,0.3125,0.7,7,0,2,0.55145633,0.54,0.4699029,0.49809524,2,5,1,0,1,2,2,0,0,1,0,0,0,0
chlorpromazine,kloːɹəpɹɑːmɐziːn,ʧloɾpɾomasʔineʔ,chlorofair,kloːɹoʊfɛɹ,ʧloɾofajɾ,0,0.42857143,0.7446809,2,0,4,0.35714287,0.0,0.57142854,0.5555556,2,0,4,0.35714287,0.75,2,0,4,0.517284,0.36210525,0.4432099,0.36210525,4,5,0,3,2,1,1,0,0,1,0,0,0,1
abiraterone acetate,æbɚɹæɾɚɹoʊn æsɪteɪt,ʔabiɾateɾoneʔaketate,lanreotide acetate,lænɹɪɑːɾaɪd æsɪteɪt,lanɾeotideʔaketate,0,0.42105263,0.7761194,8,0,1,0.47368422,0.47368422,0.5263158,0.5555556,8,0,1,0.0,0.7428571,8,0,1,0.7216981,0.6875,0.65660375,0.6425,1,0,9,0,2,2,1,0,1,0,1,0,0,1
depo medrol,dɪpoʊ mɛdɹɑːl,depomedɾol,neo medrol,niːoʊ mɛdɹɑːl,neomedɾol,0,0.6363636,0.8918919,1,0,1,0.72727275,0.72727275,0.8181818,0.71428573,1,0,1,0.0,0.8947368,1,0,1,0.80447763,0.7903226,0.7895522,0.7903226,1,0,8,1,1,1,0,0,0,0,1,0,0,1
amantadine,æmɐntædiːn,ʔamantadine,amiodarone,æmɪɑːdɐɹoʊn,ʔamiodaɾone,1,0.3,0.82051283,5,0,0,0.2,0.2,0.5,0.39999998,5,0,0,0.2,0.75,5,0,0,0.7396552,0.80447763,0.5448276,0.6731343,0,2,2,1,0,1,1,0,1,1,1,0,0,1
platinol,plætɪnɑːl,platinol,akrinol,ækɹɪnɑːl,ʔakɾinol,0,0.375,0.73333335,3,0,1,0.5,0.5,0.5,0.39999998,3,0,1,0.0,0.73333335,3,0,1,0.64,0.64,0.632,0.632,1,0,4,1,0,0,0,1,1,0,1,0,0,1
hydromorphone,haɪdɹəmoːɹfoʊn,hjdɾomoɾphone,morphine,mɔːɹfiːn,moɾphine,1,0.3846154,0.74358976,1,0,5,0.3846154,0.15384616,0.53846157,0.5555556,1,0,5,0.0,0.71428573,1,0,5,0.48607594,0.5927711,0.4607595,0.58072287,5,0,2,4,1,2,1,0,1,0,1,0,0,0
influenza virus vaccine,ɪnfluːɛnzə vaɪɹəs væksiːn,ʔinflujsaviɾusvakʔineʔ,tuberculin purified protein derivative,tuːbɚkjʊlɪn pjʊɹɹɪfaɪd pɹoʊtiːn dɪɹɪvətɪv,tubeɾsulinpuɾifiʔedpɾotejndeɾivative,1,0.05263158,0.5648148,12,15,1,0.05263158,0.02631579,0.21052629,0.22727275,13,16,1,0.0,0.5045045,12,15,1,0.37657657,0.36441442,0.35045046,0.33738738,15,0,1,7,6,5,7,0,0,0,0,0,0,1
pavulon,pævjʊlən,pavulon,peptavlon,pɛptævlən,peptavlon,1,0.44444445,0.78125,3,2,0,0.33333334,0.33333334,0.5555556,0.6666666,0,3,1,0.11111111,0.75,0,3,1,0.66842103,0.645614,0.66140354,0.6526316,2,1,3,2,0,0,0,0,0,1,1,0,0,1
abacavir sulfate and lamivudine,æbɐkævɪɹ sʌlfeɪt ænd læmɪvjuːdiːn,ʔabakavjɾsulfateʔandlamivudine,dolutegravir sodium and abacavir sulfate and lamivudine,dɑːluːtɛgɹɐvɪɹ soʊdiəm ænd æbɐkævɪɹ sʌlfeɪt ænd læmɪvjuːdiːn,dolutegɾavjɾsodjumʔandʔabakavjɾsulfateʔandlamivudine,0,0.54545456,0.7284768,0,21,0,0.56363636,0.56363636,0.56363636,0.5454545,0,24,0,0.0,0.72727275,0,21,0,0.5620915,0.5705522,0.5620915,0.5705522,24,0,31,12,8,9,9,0,0,0,1,0,0,1
darvocet,dɑːɹvɑːsɪt,daɾvoket,percocet,pɜːkɑːsɪt,peɾkoket,1,0.375,0.84375,3,0,0,0.5,0.5,0.625,0.6,3,0,0,0.0,0.8125,3,0,0,0.666,0.85,0.574,0.754,0,0,4,0,0,0,0,0,1,0,1,0,0,1
sufentanil,suːfəntænɪl,sufentanil,sutent,suːtənt,sutent,0,0.4,0.6875,1,0,4,0.3,0.0,0.5,0.5,1,0,4,0.2,0.7419355,1,0,4,0.57580644,0.57580644,0.58225805,0.58225805,4,2,0,2,2,2,2,0,0,1,0,0,1,0
lasix,læsɪks,lasiks,luvox,luːvɑːks,luvoks,1,0.2,0.8,3,0,0,0.2,0.2,0.39999998,0.6666666,3,0,0,0.2,0.7,3,0,0,0.92368424,0.91052634,0.76578945,0.7842105,0,1,1,0,0,0,0,0,0,1,1,0,2,1
aldoril 25,ɔːldoːɹəl twɛnti faɪv,ʔaldoɾil25,aldoril d30,ɔːldoːɹəl diː θɜːɾi,ʔaldoɾild30,0,0.72727275,0.93333334,0,1,0,0.72727275,0.0,0.72727275,0.625,2,1,0,0.72727275,0.9285714,0,1,0,0.6666667,0.877193,0.60380954,0.877193,1,8,0,1,0,0,0,0,1,1,0,0,1,0
prenexa,pɹɪnɛksə,pɾeneksaʔ,ranexa,ɹeɪŋksə,ɾaneksaʔ,1,0.42857143,0.88461536,1,0,1,0.5714286,0.5714286,0.71428573,0.75,1,0,1,0.0,0.84615386,1,0,1,0.718,0.877193,0.71,0.7859649,1,0,4,1,0,0,0,0,1,0,0,0,0,1
airduo digihaler,ɛɹdjuːoʊ dɪdʒɪheɪlɚ,ʔaʔiɾduʔodigihaleɾ,proair digihaler,pɹoʊɜː dɪdʒɪheɪlɚ,pɾoajɾdigihaleɾ,0,0.6875,0.8269231,4,1,1,0.625,0.625,0.625,0.7777778,6,0,0,0.0,0.8,6,0,0,0.84158415,0.59090906,0.8356436,0.5327273,0,0,10,1,1,2,1,0,1,0,1,0,0,1
lamisil,læmɪsəl,lamisil,amitril,æmɪtɹəl,ʔamitɾil,0,0.42857143,0.78571427,1,1,1,0.42857143,0.2857143,0.57142854,0.25,1,1,1,0.0,0.7692308,1,1,1,0.76744187,0.67,0.75813955,0.662,0,0,2,0,0,0,0,1,1,0,1,0,0,1
truqap,tɹuːkæp,tɾukap,trusopt,tɹuːsɑːpt,tɾusopt,0,0.42857143,0.8076923,2,1,0,0.42857143,0.0,0.57142854,0.6,2,1,0,0.42857143,0.7692308,2,1,0,0.77555555,0.76666665,0.67333335,0.66888887,1,3,0,1,0,0,0,0,1,1,0,0,1,1
apresoline,æpɹeɪɑːliːn,ʔapɾesoline,pyrolite,paɪɹoʊlaɪt,pjɾolite,0,0.2,0.75,3,0,2,0.3,0.1,0.5,0.39999998,3,0,2,0.0,0.7058823,3,0,2,0.6534483,0.5716418,0.47241378,0.5716418,2,0,1,0,2,1,2,0,1,0,0,0,0,1
folinic acid,fəlɪnɪk æsɪd,folinikʔasid,zoledronic acid,zoʊldɹɑːnɪk æsɪd,zoledɾonjsʔasid,0,0.53333336,0.82,2,3,0,0.53333336,0.53333336,0.6666666,0.6666666,2,3,0,0.0,0.79591835,2,3,0,0.71744186,0.6094737,0.5895349,0.58842105,3,0,8,2,1,0,1,0,0,0,1,0,2,1
vigabatrin,vɪgɐbætɹɪn,vigabatɾin,gabitril,gæbɪtɹəl,gabitɾil,0,0.4,0.8055556,2,0,2,0.3,0.0,0.6,0.6666666,2,0,2,0.0,0.7714286,2,0,2,0.6870968,0.6935484,0.5580645,0.62580645,2,0,0,1,1,1,1,0,0,0,0,0,0,1
colace,kɑːleɪs,kolakeʔ,cozaar,kəzɑːɹ,kosaʔaɾ,1,0.33333334,0.73913044,3,0,0,0.33333334,0.0,0.5,0.3333333,3,0,0,0.33333334,0.75,3,0,0,0.66944444,0.61627907,0.375,0.5,0,2,0,0,1,0,0,0,0,1,0,0,1,0
zyrtec,zɪətɛk,zjɾtek,zyrtec itchy eye drops,zɪətɛk ɪtʃi aɪ dɹɑːps,zjɾtekiʧjʔejedɾops,1,0.27272728,0.5217391,0,13,0,0.27272728,0.0,0.27272725,0.29411763,0,16,0,0.27272728,0.48000002,0,13,0,0.34951457,0.3448276,0.34951457,0.3448276,16,6,0,9,4,4,4,0,1,1,0,0,0,1
lamictal,læmɪktəl,lamiktal,amitril,æmɪtɹəl,ʔamitɾil,0,0.25,0.76666665,3,0,1,0.375,0.125,0.5,0.39999998,3,0,1,0.0,0.7241379,3,0,1,0.72,0.73,0.704,0.63,1,0,1,1,0,0,0,1,1,0,1,0,0,1
neratinib,nɛɹɐtɪnɪb,neɾatinib,nilotinib,naɪlətɪnɪb,nilotinib,1,0.5555556,0.9166667,3,0,0,0.5555556,0.5555556,0.6666666,0.8,3,0,0,0.11111111,0.82857144,3,0,0,0.915,0.94,0.815,0.83454543,0,1,5,0,0,0,0,0,1,1,1,0,0,1
doxorubicin,dɑːksoːɹuːbɪsɪn,doksoɾubjsjn,doxorubicin liposomal,dɑːksoːɹuːbɪsɪn lɪpəsɑːməl,doksoɾubjsjnliposomal,1,0.52380955,0.70967746,0,9,0,0.52380955,0.0,0.52380955,0.5,0,10,0,0.52380955,0.72131145,0,9,0,0.5736434,0.5864662,0.5736434,0.5864662,10,11,0,5,4,4,4,0,0,1,0,0,0,1
quinine,kwɪnaɪn,kinine,quinalan,kwɪnɐlæn,kinalan,0,0.5,0.78571427,3,1,0,0.5,0.0,0.5,0.75,3,1,0,0.5,0.76666665,3,1,0,0.814,0.627907,0.818,0.53023255,1,4,0,1,0,1,0,0,1,1,1,0,1,0
abiraterone acetate,æbɚɹæɾɚɹoʊn æsɪteɪt,ʔabiɾateɾoneʔaketate,cortef acetate,kɔːɹɾɛf æsɪteɪt,koɾtefʔaketate,0,0.42105263,0.75409836,3,0,5,0.42105263,0.42105263,0.57894737,0.6666666,3,0,5,0.0,0.7419355,3,0,5,0.5783019,0.57666665,0.5820755,0.5683333,5,0,8,1,4,4,4,0,1,0,1,0,0,1
fluzone high dose quadrivalent,fluːzoʊn haɪ doʊs kwɑːdɹaɪvələnt,flusonehighdosekadɾivalent,fluzone quadrivalent,fluːzoʊn kwɑːdɹaɪvələnt,flusonekadɾivalent,1,0.6666667,0.8409091,0,0,8,0.46666667,0.46666667,0.6666666,0.6315789,0,0,10,0.26666668,0.82608694,0,0,8,0.6848485,0.5925926,0.67333335,0.5925926,10,8,14,5,3,3,3,0,1,1,1,0,0,1
norepinephrine bitartrate in 09 sodium chloride,noːɹpaɪnfɹiːn baɪtɑːɹtɹeɪt ɪn ziəɹoʊ naɪn soʊdiəm kloːɹaɪd,noɾepinephɾinebitaɾtɾateʔin09sodjumʧloɾide,norepinephrine bitartrate in 5 dextrose,noːɹpaɪnfɹiːn baɪtɑːɹtɹeɪt ɪn faɪv dɛkstɹoʊz,noɾepinephɾinebitaɾtɾateʔin5dekstɾose,0,0.63829786,0.8689655,5,0,6,0.61702126,0.021276595,0.7021277,0.7,6,0,8,0.61702126,0.8513514,5,0,6,0.6737931,0.81330645,0.6289655,0.8044355,8,29,1,3,2,3,3,0,0,1,0,0,1,1
venofer,vɛnoʊfɚ,venofeɾ,vfend,viːfɛnd,vfend,1,0.2857143,0.6086956,1,1,3,0.2857143,0.0,0.28571427,0.25,1,1,3,0.14285715,0.5833334,1,1,3,0.4585366,0.5046512,0.45365855,0.5139535,2,1,0,0,2,2,2,0,0,1,0,0,0,1
alprazolam,ælpɹɐzɑːlæm,ʔalpɾasolam,lorazepam,loːɹeɪzpæm,loɾasepam,1,0.3,0.81578946,3,0,1,0.3,0.2,0.6,0.6666666,3,0,1,0.0,0.78947365,3,0,1,0.5274193,0.5362319,0.38225806,0.5362319,1,0,2,1,0,0,0,0,0,0,1,0,0,1
rasageline,ɹæseɪdʒlaɪn,ɾasageline,nasalide,neɪzəlaɪd,nasalide,0,0.3,0.7777778,2,0,2,0.3,0.1,0.6,0.39999998,2,0,2,0.0,0.7647059,2,0,2,0.5313433,0.55,0.51343286,0.55,2,0,1,1,1,1,1,0,0,0,0,0,0,1
flovent diskus 250,flʌvɛnt dɪskjuːz tuːhʌndɹɪd fɪfti,flavntdiskus250,flovent diskus 50,flʌvɛnt dɪskjuːz fɪfti,flavntdiskus50,0,0.8888889,1.0,0,0,0,0.8333333,0.11111111,0.9444444,0.9285714,0,0,1,0.8333333,1.0,0,0,0,0.5910112,1.0,0.5910112,1.0,1,15,2,0,0,0,0,1,1,1,1,1,0,1
hc hydrocortisone,eɪtʃsiː haɪdɹəkɔːɹɾɪsoʊn,hkhjdɾokoɾtisone,hydrocortisone,haɪdɹəkɔːɹɾɪsoʊn,hjdɾokoɾtisone,0,0.8235294,0.9310345,0,0,2,0.8235294,0.8235294,0.8235294,0.75,0,0,3,0.05882353,0.93333334,0,0,2,0.71653545,0.8627451,0.71653545,0.8627451,3,1,14,2,0,0,0,0,1,1,1,0,0,1
symbyax,sɪmbɪæks,sjmbjaks,symbicort,sɪmbɪkɔːɹt,sjmbjsuɾt,0,0.44444445,0.7419355,3,2,0,0.44444445,0.0,0.44444442,0.57142854,3,2,0,0.44444445,0.6875,3,2,0,0.7350877,0.7081967,0.7280702,0.6393443,2,4,0,1,1,1,1,0,1,1,0,0,0,1
vfend,viːfɛnd,vfend,vimpat,vɪmpæt,vimpat,1,0.16666667,0.61904764,3,2,1,0.16666667,0.0,0.16666669,0.25,4,1,0,0.16666667,0.5454545,4,1,0,0.6315789,0.6210526,0.6052632,0.6157895,1,1,0,0,1,1,1,0,1,1,0,0,0,0
salagen,sælədʒən,salagen,selsun,sɛlsʌn,selsun,0,0.14285715,0.7692308,3,0,1,0.14285715,0.14285715,0.4285714,0.75,3,0,1,0.14285715,0.6923077,3,0,1,0.67,0.7139535,0.602,0.5697674,1,1,1,0,1,1,1,0,1,1,1,0,0,0
ortho cyclen 28,ɔːɹθoʊ saɪklən twɛnti eɪt,ʔoɾthoʔsikeln28,ortho tri cyclen lo,ɔːɹθoʊ tɹaɪ saɪklən loʊ,ʔoɾthoʔtɾisikelnlo,0,0.68421054,0.8076923,1,5,0,0.42105263,0.0,0.68421054,0.64285713,2,4,0,0.31578946,0.8148148,0,5,0,0.62598425,0.6754386,0.5866142,0.6754386,4,6,0,3,2,2,2,0,0,1,0,0,0,1
epirubicin,ɛpɪɹuːbɪsɪn,ʔepiɾubjsjn,eribulin,ɛɹɪbjʊlɪn,ʔeɾibulin,1,0.2,0.7777778,3,0,2,0.2,0.2,0.5,0.6,3,0,2,0.1,0.7428571,3,0,2,0.65,0.4084507,0.6333333,0.40985915,2,1,2,1,1,1,1,0,0,1,1,0,0,1
thalomid,θæləmɪd,thalomid,thiamine,θaɪəmaɪn,thiʔamine,1,0.375,0.7241379,3,1,1,0.25,0.0,0.375,0.6,3,1,1,0.25,0.71875,3,1,1,0.73478264,0.6218182,0.5630435,0.47272727,0,2,0,1,0,0,1,0,0,1,0,0,0,1
aricept,æɹaɪsəpt,ʔaɾjsept,azilect,æzaɪləkt,ʔazilkt,1,0.14285715,0.78571427,3,0,0,0.14285715,0.14285715,0.57142854,0.25,3,0,0,0.14285715,0.7777778,3,0,0,0.76666665,0.5403846,0.76666665,0.5480769,0,1,1,0,0,0,0,1,1,1,1,0,0,1
celexa,sɛlɛksə,kʔelksaʔ,celecoxib,sɛlɪkɑːksɪb,kʔelkoksib,0,0.44444445,0.76666665,1,3,0,0.44444445,0.0,0.5555556,0.6,1,3,0,0.44444445,0.73333335,1,3,0,0.63387096,0.6484375,0.58548385,0.5828125,3,4,0,2,1,1,1,0,0,1,0,0,0,1
vexol,vɛksɑːl,veksol,vosol,vɑːsɑːl,vosol,1,0.4,0.9,2,0,0,0.4,0.4,0.6,0.6666666,2,0,0,0.2,0.8,2,0,0,0.76578945,0.75526315,0.6342105,0.75526315,0,1,2,0,0,0,0,0,0,1,1,0,1,1
hydrochlorothiazide,haɪdɹəkloːɹoʊθɪeɪzaɪd,hjdɾoʧloɾothiʔazide,hydroxychloroquine sulfate,haɪdɹɑːksɪkloːɹoʊkwaɪn sʌlfeɪt,hjdɾoksjʧloɾokinesulfate,0,0.3846154,0.7710843,6,6,0,0.23076923,0.03846154,0.5,0.4705882,6,7,0,0.1923077,0.7386364,6,6,0,0.5884848,0.5618421,0.51575756,0.50723684,7,5,1,4,2,2,2,0,1,1,0,0,1,1
acebutolol hydrochloride,ɐsɛbjuːtɑːlɑːl haɪdɹəkloːɹaɪd,ʔakebutololhjdɾoʧloɾide,ropinirole hydrochloride,ɹəpɪnɪɹoʊl haɪdɹəkloːɹaɪd,ɾopiniɾolehjdɾoʧloɾide,0,0.5833333,0.8539326,7,1,1,0.5833333,0.5833333,0.625,0.73333335,7,1,1,0.0,0.8043478,7,1,1,0.8253425,0.78111887,0.7047945,0.7734266,0,0,14,0,0,0,0,0,1,0,1,0,0,1
capozide 25 15,kæpəzaɪd twɛnti faɪv fɪftiːn,kapozide2515,capozide 50 15,kæpəzaɪd fɪfti fɪftiːn,kapozide5015,0,0.78571427,1.0,0,0,0,0.64285713,0.21428572,0.85714287,0.8,2,0,0,0.64285713,1.0,0,0,0,0.73175675,1.0,0.70405406,1.0,0,9,3,0,0,0,0,1,1,1,1,1,0,1
nicardipine,nɪkɑːɹdɪpaɪn,nikaɾdipine,nifedipine,naɪfdɪpaɪn,nifedipine,1,0.6363636,0.88095236,2,0,1,0.54545456,0.54545456,0.72727275,0.6666666,2,0,1,0.18181819,0.85714287,2,0,1,0.7955224,0.80895525,0.6671642,0.72537315,1,2,6,1,0,1,0,0,0,1,1,0,0,1
risperidone,ɹɪspɚɹɪdoʊn,ɾispeɾidone,ropinirole,ɹəpɪnɪɹoʊl,ɾopiniɾole,1,0.09090909,0.7619048,5,0,1,0.09090909,0.09090909,0.45454544,0.3333333,5,0,1,0.09090909,0.71428573,5,0,1,0.56865674,0.5597015,0.5119403,0.5119403,1,1,1,1,0,0,0,0,1,1,0,0,0,1
methotrexate,mɛθətɹɛkseɪt,methotksate,metolazone,mɛɾəlæzoʊn,metolasone,1,0.25,0.76744187,5,0,2,0.25,0.083333336,0.4166667,0.28571427,5,0,2,0.25,0.6818182,5,0,2,0.58243245,0.5318841,0.58243245,0.48985508,2,3,1,2,0,0,0,0,0,1,0,0,0,1
clobazam,kloʊbɐzæm,klobasam,clonazepam,klɑːneɪzpæm,klonasepam,1,0.5,0.8333333,1,2,0,0.3,0.2,0.7,0.6666666,1,2,0,0.3,0.8333333,1,2,0,0.7419355,0.65806454,0.58225805,0.66451615,2,3,2,1,1,1,1,0,0,1,1,0,0,1
blisovi 24 fe,blɪsoʊvi twɛnti foːɹ fiː,blisovi24fe,blisovi fe 1 20,blɪsoʊvi fiː wʌn twɛnti,blisovife120,1,0.6666667,1.0,0,0,0,0.53333336,0.0,0.6,0.5454545,4,2,0,0.53333336,1.0,0,0,0,0.77179486,1.0,0.77521366,1.0,2,8,0,0,0,0,0,1,1,1,1,1,0,1
bextra,bɛkstɹə,bekstɾa,bactroban,bæktɹɑːbən,baktɾoban,0,0.22222222,0.7,2,3,0,0.22222222,0.0,0.44444442,0.5,2,3,0,0.11111111,0.6666666,2,3,0,0.67192984,0.66140354,0.6298246,0.50701755,3,1,0,2,1,1,1,0,0,1,0,0,0,0
protain xl,pɹoʊteɪn ɛksɛl,pɾotaʔinksl,innopran xl,ɪnnɑːpɹən ɛksɛl,ʔinnopɾanksl,0,0.36363637,0.7222222,5,1,0,0.36363637,0.36363637,0.45454544,0.625,5,1,0,0.0,0.7027027,5,1,0,0.67530864,0.50256413,0.5765432,0.5,1,0,4,1,1,2,0,0,0,0,1,0,0,1
chlorpromazine,kloːɹəpɹɑːmɐziːn,ʧloɾpɾomasʔineʔ,chlorpropamide,kloːɹəpɹɑːpɐmaɪd,ʧloɾpɾopamide,1,0.5714286,0.89285713,3,0,0,0.5714286,0.071428575,0.78571427,0.6666666,3,0,0,0.5714286,0.89285713,3,0,0,0.7813954,0.6557895,0.73139536,0.6557895,0,8,1,0,0,0,0,1,1,1,0,0,0,1
lactated ringer s and dextrose 5 in plastic container,lækteɪɾɪd ɹɪŋɚɹ ɛs ænd dɛkstɹoʊz faɪv ɪn plæstɪk kənteɪnɚ,laktatedɾiŋeɾsʔanddekstɾose5ʔinplastikkontaʔineɾ,lactated ringer s in plastic container,lækteɪɾɪd ɹɪŋɚɹ ɛs ɪn plæstɪk kənteɪnɚ,laktatedɾiŋeɾsʔinplastikkontaʔineɾ,0,0.7169811,0.8581081,0,0,11,0.3962264,0.3962264,0.7169812,0.7027027,0,0,15,0.33962265,0.8627451,0,0,11,0.59240925,0.6447812,0.58118814,0.64343435,15,18,21,7,4,4,4,0,1,1,1,0,0,1
probalan,pɹoʊbɐlæn,pɾobalan,propulsid,pɹəpʌlsɪd,pɾopulsid,0,0.33333334,0.7941176,4,1,0,0.33333334,0.0,0.44444442,0.5,4,1,0,0.33333334,0.7058823,4,1,0,0.7631579,0.7403509,0.5701754,0.6,1,3,0,1,0,0,0,0,0,1,0,0,0,0
dactinomycin,dæktɪnəmaɪsɪn,daktinomjsjn,daptomycin,dæptəmaɪsɪn,daptomjsjn,1,0.5833333,0.8636364,1,0,2,0.5,0.5,0.75,0.75,1,0,2,0.16666667,0.8636364,1,0,2,0.7873418,0.75384617,0.756962,0.75384617,2,2,6,1,1,1,1,0,1,1,1,0,0,1
focalgin b,foʊkɐldʒɪn biː,fokalginb,focalin,foʊkɐlɪn,fokalin,1,0.6,0.875,0,0,2,0.5,0.0,0.7,0.57142854,0,0,3,0.5,0.87096775,0,0,2,0.5945946,0.71929824,0.5945946,0.71929824,3,5,0,2,0,0,0,1,1,1,0,0,0,1
polycillin,pɑːlɪsɪlɪn,poljsillin,staphcillin,stæfsɪlɪn,staphsillin,0,0.45454547,0.8,4,1,0,0.54545456,0.54545456,0.5454545,0.5,4,1,0,0.0,0.7222222,4,1,0,0.7035088,0.64084506,0.6894737,0.5788732,1,0,6,1,0,1,0,0,0,0,1,0,2,1
claritin,klæɹɪtɪn,klaɾitin,acalabrutinib,ɐkælɐbɹuːtɪnɪb,ʔakalabɾutinib,0,0.23076923,0.7380952,1,5,0,0.23076923,0.0,0.53846157,0.71428573,1,5,0,0.0,0.71428573,1,5,0,0.5708861,0.5255814,0.4949367,0.5255814,5,0,0,2,3,3,3,0,1,0,0,0,0,1
tresiba,tɹɛzɪbə,tɾesiba,trizivir,tɹaɪzɪvɪɹ,tɾizivjɾ,0,0.25,0.76666665,4,1,0,0.25,0.0,0.375,0.39999998,4,1,0,0.25,0.6666666,4,1,0,0.78,0.675,0.65272725,0.6557692,1,2,0,1,0,0,0,0,1,1,0,0,0,1
zyprexa,zɪpɹɛksə,zjpɾeksaʔ,zyrtec,zɪətɛk,zjɾtek,1,0.2857143,0.6923077,3,0,1,0.2857143,0.0,0.4285714,0.39999998,3,0,1,0.2857143,0.6923077,3,0,1,0.594,0.5169492,0.542,0.5169492,1,2,0,0,1,1,1,0,1,1,0,0,0,1
sinequan,saɪŋkwən,sinekan,zeniquin,zɛnɪkwɪn,zenikin,1,0.125,0.8666667,4,0,0,0.25,0.125,0.5,0.75,4,0,0,0.0,0.75,4,0,0,0.836,0.9767442,0.688,0.83255816,0,0,1,0,0,0,0,0,1,1,1,0,0,0
celebrex,sɛlɪbɹɛks,kelebɾeks,cleviprex,klɛvɪpɹɛks,kelvipɾeks,0,0.44444445,0.8235294,3,1,0,0.33333334,0.33333334,0.5555556,0.6666666,3,1,0,0.11111111,0.7647059,3,1,0,0.70625,0.84375,0.70625,0.828125,1,1,3,1,0,0,0,1,1,0,1,0,0,1
norpramin,noːɹpɹɐmɪn,noɾpɾamin,norplant,noːɹplənt,noɾplant,0,0.44444445,0.8235294,3,0,1,0.44444445,0.0,0.5555556,0.5,3,0,1,0.44444445,0.7941176,3,0,1,0.73333335,0.7245614,0.70526314,0.73157895,1,4,0,0,1,1,1,0,0,1,0,0,0,0
pyridium,pɪɹɪdiəm,pjɾidjum,pyridoxine,pɪɹɪdɑːksaɪn,pjɾidoksʔineʔ,1,0.5,0.8,3,2,0,0.5,0.0,0.6,0.6666666,2,2,0,0.5,0.7777778,2,2,0,0.65820897,0.47349396,0.53283584,0.47831327,2,5,0,1,2,0,1,0,0,1,0,0,0,1
folic acid,fɑːlɪk æsɪd,folikʔasid,carglumic acid,kɑːɹgluːmɪk æsɪd,kaɾglumikʔasid,0,0.42857143,0.75,2,4,0,0.5,0.5,0.57142854,0.5555556,2,4,0,0.0,0.7209302,2,4,0,0.52716047,0.5556818,0.52716047,0.52272725,4,0,7,3,1,1,1,0,1,0,1,0,2,1
zyloprim,zaɪlɑːpɹɪm,zjlopɾim,zelnorm,zɛlnɔːɹm,zelnoɾm,0,0.125,0.76666665,3,0,1,0.125,0.125,0.5,0.6666666,3,0,1,0.125,0.73333335,3,0,1,0.6090909,0.4576923,0.47454545,0.4576923,1,1,1,1,0,1,0,0,0,0,1,0,0,0
pioglitazone hydrochloride and glimepiride,pɪɑːglɪtæzoʊn haɪdɹəkloːɹaɪd ænd glaɪmpɪɹɪd,pioglitasonehjdɾoʧloɾideʔandglimepiɾide,pioglitazone hydrochloride and metformin hydrochloride,pɪɑːglɪtæzoʊn haɪdɹəkloːɹaɪd ænd mɛtfoːɹmɪn haɪdɹəkloːɹaɪd,pioglitasonehjdɾoʧloɾideʔandmetfoɾminhjdɾoʧloɾide,0,0.6481481,0.8284024,6,11,0,0.5740741,0.074074075,0.6666666,0.6388889,6,12,0,0.5740741,0.8265896,6,11,0,0.65882355,0.6830619,0.6349673,0.67980456,12,31,4,9,2,3,2,0,0,1,1,0,0,1
triavil 2 25,tɹaɪævəl tuː twɛnti faɪv,tɾiʔavjl225,triavil 4 50,tɹaɪævəl foːɹ fɪfti,tɾiʔavjl450,0,0.6666667,1.0,0,0,0,0.6666667,0.0,0.75,0.6666666,3,0,0,0.6666667,1.0,0,0,0,0.6614754,1.0,0.6459016,1.0,0,8,0,0,0,0,0,1,1,1,1,1,0,1
methyldopa,mɛθəldoʊpə,methjldopa,methyldopate hcl,mɛθəldɑːpeɪt eɪtʃsiːɛl,methjldopateʔhkl,0,0.625,0.80851066,0,5,0,0.625,0.0,0.625,0.5833334,0,6,0,0.625,0.8,0,5,0,0.50956523,0.61538464,0.43913043,0.61538464,6,10,0,4,1,2,1,0,1,1,0,0,1,0
letairis,lɛɾɛɹɪs,letaiɾis,letaris,lɛtɑːɹɹɪs,letaɾis,1,0.75,0.9655172,0,0,1,0.5,0.375,0.875,1.0,0,0,1,0.5,0.93333334,0,0,1,0.802,0.9375,0.694,0.8541667,1,4,3,0,0,0,1,0,1,1,1,0,1,0
lariam,lɛɹiəm,laɾjam,levaquin,lɛvɐkwɪn,levakin,1,0.125,0.65384614,4,2,0,0.125,0.0,0.25,0.25,4,2,0,0.125,0.60714287,4,2,0,0.544,0.60930234,0.416,0.4,2,1,0,1,1,0,1,0,0,1,0,0,0,1
zebeta,zɛbɛɾə,zebeta,zetia,zɛʃə,zetia,1,0.5,0.7619048,2,0,1,0.33333334,0.16666667,0.5,0.6666666,2,0,1,0.33333334,0.72727275,2,0,1,0.5361111,0.6888889,0.475,0.6722222,1,2,1,1,1,1,0,0,1,1,0,0,0,0
jantoven,dʒæntoʊvən,ʤantoven,janumet,dʒænuːmɪt,ʤanumet,1,0.375,0.76666665,3,0,1,0.375,0.0,0.5,0.39999998,3,0,1,0.375,0.73333335,3,0,1,0.62903225,0.602,0.5629032,0.582,1,3,0,1,0,0,0,1,1,1,0,0,0,1
avandia,ævændiə,ʔavandia,avanafil,ævɐnæfɪl,ʔavanaʔfil,0,0.5,0.79310346,2,1,0,0.5,0.0,0.625,0.5,2,1,0,0.5,0.79310346,2,1,0,0.67291665,0.60806453,0.51666665,0.58225805,1,4,0,1,1,0,0,0,0,1,0,0,0,1
doxil,dɑːksɪl,doksil,paxil,pæksɪl,paksil,1,0.4,0.85,2,0,0,0.6,0.6,0.6,0.6666666,2,0,0,0.0,0.7777778,2,0,0,0.93157893,0.92105263,0.8105263,0.80526316,0,0,3,0,0,0,0,0,0,0,1,0,0,1
romidepsin,ɹɑːmaɪdpsɪn,ɾomidepsin,romiplostim,ɹɑːmɪplɑːstɪm,ɾomiplostim,1,0.36363637,0.78571427,4,1,0,0.36363637,0.0,0.5454545,0.4285714,4,1,0,0.36363637,0.78571427,4,1,0,0.68550724,0.7478261,0.6347826,0.7536232,1,4,0,1,0,1,0,0,0,1,0,0,0,1
duloxetine,duːləksɛtiːn,duloksetine,paroxetine,pæɹəksɛtiːn,paɾoksetine,1,0.6,0.9,3,0,0,0.7,0.7,0.7,0.6,3,0,0,0.0,0.85,3,0,0,0.91935486,0.91791046,0.90967745,0.8671642,0,0,7,0,0,0,0,0,1,0,1,0,0,1
hydrea,haɪdɹiə,hjdɾea,lyrica,lɪɹɪkə,ljɾajsaʔ,1,0.0,0.6818182,2,1,1,0.16666667,0.16666667,0.3333333,0.25,4,0,0,0.0,0.6666666,4,0,0,0.48292682,0.38076922,0.41219512,0.29615384,0,0,1,0,1,0,0,0,0,0,0,0,1,0
linaclotide,lɪnɐklɑːɾaɪd,linaklotide,linagliptin,lɪnɐglɪptɪn,linagliptin,1,0.45454547,0.79545456,3,1,1,0.36363637,0.0,0.5454545,0.57142854,3,1,1,0.36363637,0.7804878,3,1,1,0.7550725,0.82608694,0.62028986,0.8173913,0,4,0,1,1,0,1,0,0,1,0,0,0,1
stavudine,stævjuːdiːn,stavudine,cystadane,sɪstɐdeɪn,sistadaneʔ,0,0.33333334,0.75,6,0,0,0.33333334,0.22222222,0.44444442,0.5,1,2,2,0.0,0.7222222,1,2,2,0.76666665,0.71935487,0.64736843,0.5612903,0,0,2,1,1,0,1,0,0,1,1,0,0,1
acthar gel,ækθɑːɹ dʒɛl,ʔaktaɾgel,hp acthar gel,eɪtʃpiː ækθɑːɹ dʒɛl,hpʔaktaɾgel,0,0.6923077,0.8947368,0,2,0,0.7692308,0.7692308,0.7692308,0.7,0,3,0,0.0,0.9,0,2,0,0.6344086,0.8028169,0.6236559,0.8028169,3,0,10,2,0,0,0,0,0,0,1,0,0,1
pyridostigmine,pɪɹɪdɑːstɪgmaɪn,pjɾidostigmine,pyridoxine,pɪɹɪdɑːksaɪn,pjɾidoksʔineʔ,1,0.5714286,0.8125,1,0,4,0.42857143,0.21428572,0.64285713,0.5555556,1,0,4,0.42857143,0.7916667,1,0,4,0.69534886,0.70454544,0.6465116,0.7,4,6,3,3,1,1,1,0,0,1,1,0,0,1
cortrosyn,kɔːɹtɹəsɪn,koɾtɾosjn,corsym,kɔːɹsɪm,koɾsjm,0,0.44444445,0.76666665,1,0,3,0.33333334,0.0,0.5555556,0.57142854,1,0,3,0.33333334,0.76666665,1,0,3,0.54035085,0.5559322,0.5473684,0.56271183,3,3,0,2,1,1,1,0,1,1,0,0,0,0
heparin,hɛpɚɹɪn,hepaɾin,hespan,hɛspæn,hespan,1,0.42857143,0.75,0,1,2,0.2857143,0.14285715,0.57142854,0.5,0,1,2,0.2857143,0.7692308,0,1,2,0.627907,0.6418605,0.627907,0.61162794,1,2,1,0,1,1,1,0,0,1,1,0,0,0
patanol,pætɐnɑːl,patanol,patanase,pætɐneɪs,patanase,0,0.625,0.8333333,2,1,0,0.625,0.0,0.625,0.75,2,1,0,0.625,0.8,2,1,0,0.80833334,0.76458335,0.6458333,0.6645833,1,5,0,0,1,0,1,0,1,1,0,0,0,1
rifamate,ɹɪfɐmeɪt,ɾifamate,rifampin,ɹɪfɐmpɪn,ɾifampin,1,0.625,0.8125,3,0,0,0.625,0.0,0.625,0.6,3,0,0,0.625,0.8125,3,0,0,0.758,0.796,0.758,0.784,0,5,0,1,1,0,1,1,1,1,0,0,0,1
hydromorphone,haɪdɹəmoːɹfoʊn,hjdɾomoɾphone,hydroxyzine,haɪdɹɑːksɪziːn,hjdɾoksjzine,1,0.46153846,0.8,4,0,2,0.3846154,0.15384616,0.53846157,0.5555556,4,0,2,0.3846154,0.75,4,0,2,0.6898734,0.62168676,0.6392405,0.6096386,2,5,2,1,1,0,1,0,0,1,1,0,0,1
neumega,nuːmɛgə,neumega,neupogen,nuːpədʒən,neupogen,1,0.375,0.78571427,3,1,0,0.375,0.0,0.5,0.5,3,1,0,0.375,0.73333335,3,1,0,0.562,0.73333335,0.494,0.62916666,1,3,0,1,0,0,0,0,0,1,0,0,0,1
lumason,luːmeɪsən,lumason,lumizyme,luːmɪzaɪm,lumisjme,0,0.375,0.8,4,1,0,0.375,0.0,0.375,0.39999998,4,1,0,0.375,0.7,4,1,0,0.925,0.656,0.8333333,0.58,1,3,0,1,0,0,0,0,1,1,0,0,0,1
prilosec,pɹɪloʊsək,pɾilosek,prozac,pɹɑːzæk,pɾosak,1,0.25,0.78571427,2,0,2,0.25,0.125,0.5,0.6,2,0,2,0.25,0.7407408,2,0,2,0.6181818,0.68,0.45636365,0.576,2,2,1,1,1,1,1,0,0,1,1,0,1,0
depakote,dɪpækoʊt,depakote,depakote er,dɪpækoʊt ɜː,depakoteʔeɾ,1,0.72727275,0.9142857,0,2,0,0.72727275,0.0,0.72727275,0.6666666,0,3,0,0.72727275,0.8888889,0,2,0,0.9056604,0.7164179,0.9056604,0.7164179,3,8,0,1,1,2,1,0,1,1,0,0,1,0
daunorubicin,dɔːnoːɹuːbɪsɪn,daʔunoɾubjsjn,doxorubicin,dɑːksoːɹuːbɪsɪn,doksoɾubjsjn,1,0.6666667,0.9111111,2,0,1,0.6666667,0.6666667,0.75,0.8333333,2,0,1,0.083333336,0.86956525,2,0,1,0.78513515,0.77951807,0.71216214,0.71686745,1,1,8,0,0,0,1,1,1,1,1,0,0,1
fulvicin p g 165,fʊlvɪsɪn piː dʒiː wʌnhʌndɹɪd sɪksti faɪv,fulvjsjnpg165,fulvicin p g 330,fʊlvɪsɪn piː dʒiː θɹiːhʌndɹɪd θɜːɾi,fulvjsjnpg330,0,0.8125,1.0,0,0,0,0.8125,0.0,0.8125,0.7692308,3,0,0,0.8125,1.0,0,0,0,0.7222222,1.0,0.71449274,1.0,0,13,0,0,0,0,0,1,1,1,1,1,0,1
deltasone,dɛltɐsoʊn,deltasone,dilt cd,dɪlt siːdiː,diltkd,0,0.22222222,0.6666666,3,0,3,0.22222222,0.0,0.3333333,0.5,4,0,2,0.11111111,0.5862069,3,0,3,0.74727273,0.5181818,0.6781818,0.5,2,1,0,0,3,2,3,0,0,1,0,0,0,1
tegretol,tɛgɹɪtɑːl,tegɾetol,stromectol,stɹoʊmktɑːl,stɾomektol,0,0.2,0.7222222,3,2,0,0.3,0.3,0.5,0.4285714,3,2,0,0.0,0.7222222,3,2,0,0.5796875,0.5390625,0.5609375,0.5203125,2,0,3,2,0,0,0,0,0,0,1,0,0,0
isotretinoin,aɪsətɹɛtɪnɔɪn,ʔisotɾetinojn,acitretin,ɐsɪtɹɪtɪn,ʔasitɾetin,0,0.41666666,0.80487806,3,0,3,0.5,0.16666667,0.5,0.6666666,3,0,3,0.0,0.71428573,3,0,3,0.73376626,0.75555557,0.64675325,0.69135803,3,0,2,1,1,1,2,0,1,1,1,0,0,1
folex,foʊlɛks,foleks,embolex,ɛmboʊlɛks,ʔemboleks,0,0.42857143,0.75,1,2,0,0.5714286,0.5714286,0.57142854,0.5,1,2,0,0.0,0.75,1,2,0,0.7290909,0.6157895,0.7290909,0.6157895,2,0,4,1,1,1,1,0,1,0,1,0,2,1
methimazole,mɛθɪmæzoʊl,methimasole,metolazone,mɛɾəlæzoʊn,metolasone,1,0.45454547,0.85365856,3,0,1,0.27272728,0.09090909,0.6363636,0.5,3,0,1,0.27272728,0.8333333,3,0,1,0.64166665,0.5402985,0.59166664,0.519403,1,3,1,1,0,0,0,0,1,1,0,0,0,1
celexa,sɛlɛksə,kʔelksaʔ,cerebyx,sɛɹɪbɪks,keɾebjks,1,0.2857143,0.7692308,3,1,0,0.2857143,0.0,0.4285714,0.39999998,3,1,0,0.2857143,0.6923077,3,1,0,0.638,0.43269232,0.638,0.43269232,1,2,0,2,1,0,1,1,1,1,0,0,0,1
enjuvia,ɛndʒuːviə,ʔenʤuvja,januvia,dʒænuːviə,ʤanuvja,1,0.42857143,0.8076923,1,1,1,0.5714286,0.5714286,0.57142854,0.3333333,3,0,0,0.0,0.78571427,3,0,0,0.6666667,0.68,0.6666667,0.58,0,0,4,0,0,0,0,0,1,0,1,0,0,1
abacavir sulfate and lamivudine,æbɐkævɪɹ sʌlfeɪt ænd læmɪvjuːdiːn,ʔabakavjɾsulfateʔandlamivudine,lamivudine and zidovudine,læmɪvjuːdiːn ænd zɪdəvjuːdiːn,lamivudineʔandzidovudine,0,0.32258064,0.74,10,0,5,0.32258064,0.19354838,0.48387098,0.44444442,10,0,6,0.0,0.7058823,10,0,5,0.60465115,0.56021506,0.5744186,0.4951613,6,0,6,3,2,2,2,0,1,0,1,0,0,1
evotaz,ɪvɑːɾæz,ʔevotas,evoxac,ɪvɑːksæk,ʔevoksak,0,0.5,0.875,2,0,0,0.5,0.0,0.6666666,0.3333333,2,0,0,0.5,0.8333333,2,0,0,0.61627907,0.76,0.61627907,0.744,0,3,0,0,0,0,0,0,0,1,0,0,1,1
epirubicin,ɛpɪɹuːbɪsɪn,ʔepiɾubjsjn,cerubidine,sɛɹuːbɪdiːn,keɾubidine,0,0.4,0.775,3,1,1,0.4,0.0,0.5,0.6,3,1,1,0.0,0.75,3,1,1,0.82666665,0.44084507,0.80333334,0.42112675,0,0,0,0,0,1,0,0,1,0,1,0,0,1
colcrys,kɑːlkɹiz,kolkɾjs,colocort,koʊləkɔːɹt,kolokoɾt,0,0.375,0.73333335,3,1,0,0.375,0.0,0.5,0.6666666,3,1,0,0.375,0.73333335,3,1,0,0.5945455,0.696,0.4309091,0.688,1,3,0,1,2,1,2,0,1,1,0,0,0,0
talvey,tælveɪ,talvej,tecvayli,tɛkveɪli,tekvajliʔ,1,0.125,0.6923077,4,2,0,0.125,0.0,0.375,0.6,3,2,0,0.125,0.6666666,3,2,0,0.5625,0.50877196,0.5625,0.3263158,2,1,0,1,1,1,1,0,0,1,0,0,0,0
probenecid,pɹoʊbnɪsɪd,pɾobenesid,procanbid,pɹɑːkɐnbɪd,pɾokanbid,1,0.4,0.81578946,3,0,1,0.3,0.2,0.6,0.6666666,3,0,1,0.3,0.78947365,3,0,1,0.66612905,0.7596774,0.5274193,0.67580646,1,3,2,0,1,1,1,0,0,1,1,0,0,1
paxil,pæksɪl,paksil,plavix,plævɪks,plavjks,1,0.16666667,0.72727275,2,1,0,0.16666667,0.0,0.5,0.25,2,1,0,0.16666667,0.71428573,2,1,0,0.51111114,0.42553192,0.51111114,0.42553192,1,1,0,1,0,0,0,0,0,1,0,0,1,1
rapaflo,ɹæpæfloʊ,ɾapaʔfloʔ,rapamune,ɹæpɐmjuːn,ɾapamune,1,0.5,0.76666665,3,1,0,0.5,0.0,0.5,0.5,3,1,0,0.5,0.73333335,3,1,0,0.694,0.4403509,0.554,0.422807,1,4,0,0,1,0,1,1,1,1,0,0,0,0
sonata,sənɑːɾə,sonataʔ,soriatane,soːɹɪæteɪn,soɾjataneʔ,1,0.44444445,0.7241379,1,3,0,0.33333334,0.0,0.5555556,0.5,1,3,0,0.22222222,0.73333335,1,3,0,0.48867926,0.47580644,0.24150944,0.46935484,3,2,0,1,1,1,2,0,0,1,0,0,1,0
diabeta,daɪəbɛɾə,diabeta,zebeta,zɛbɛɾə,zebeta,1,0.42857143,0.84000003,2,0,1,0.5714286,0.5714286,0.57142854,0.6666666,2,0,1,0.0,0.7692308,2,0,1,0.7478261,0.8902439,0.6695652,0.7585366,1,0,4,0,0,1,1,0,1,0,1,0,0,1
pemetrexed,pɛmiːɾɚkst,pemetɾeksed,pralatrexate,pɹælɐtɹɛkseɪt,pɾalatɾeksate,1,0.33333334,0.77272725,5,2,0,0.33333334,0.0,0.4166667,0.57142854,5,2,0,0.083333336,0.6818182,5,2,0,0.43333334,0.67901236,0.3888889,0.48641977,2,1,0,1,1,1,1,0,1,1,0,0,0,1
denavir,dɛnɐvɪɹ,denavjɾ,indinavir,ɪndɪnɐvɪɹ,ʔindinavjɾ,1,0.44444445,0.84375,1,2,0,0.5555556,0.5555556,0.6666666,0.8,1,2,0,0.0,0.8125,1,2,0,0.78,0.703125,0.78,0.6875,2,0,5,1,1,1,1,0,1,0,1,0,0,1
clindamycin palmitate hydrochloride,klɪndɐmaɪsɪn pɑːmɪteɪt haɪdɹəkloːɹaɪd,klindamjsjnpalmitateʔhjdɾoʧloɾide,ticlopidine hydrochloride,tɪkləpɪdiːn haɪdɹəkloːɹaɪd,tiklopidinehjdɾoʧloɾide,0,0.45714286,0.74545455,7,0,9,0.42857143,0.42857143,0.54285717,0.5416666,6,0,10,0.0,0.7522124,6,0,9,0.5771144,0.5464455,0.5552239,0.5085308,10,0,15,7,2,3,2,0,1,0,1,0,0,1
gentamicin,dʒɛntɐmɪsɪn,gentamjsjn,gentian violet,dʒɛnʃən vaɪəlɪt,gentiʔanviolet,1,0.2857143,0.75,4,3,0,0.2857143,0.0,0.4285714,0.375,4,4,0,0.2857143,0.73913044,4,3,0,0.6151163,0.41860464,0.5523256,0.4232558,4,4,0,1,0,1,2,0,0,1,0,0,0,1
protain xl,pɹoʊteɪn ɛksɛl,pɾotaʔinksl,ditropan xl,dɪtɹəpæn ɛksɛl,ditɾopanksl,0,0.36363637,0.7567568,2,2,1,0.36363637,0.36363637,0.5454545,0.625,2,2,1,0.0,0.7368421,2,2,1,0.85555553,0.7408451,0.79135805,0.7521127,1,0,4,1,1,2,0,0,0,0,1,0,0,1
ritalin la,ɹɪɾɐlɪn læ,ɾitalinla,ritalin sr,ɹɪɾɐlɪn ɛsɑːɹ,ɾitalinsɾ,1,0.8,0.8888889,2,0,0,0.8,0.0,0.8,0.71428573,2,0,0,0.8,0.88235295,2,0,0,0.70298505,0.7982456,0.6865672,0.7982456,0,8,0,1,1,1,1,0,0,1,0,0,0,1
methadone,mɛθɐdoʊn,methadone,methylphenidate,mɛθəlfɛnɪdeɪt,methjlphenidate,1,0.26666668,0.6888889,3,6,0,0.26666668,0.06666667,0.39999998,0.39999998,3,6,0,0.26666668,0.625,3,6,0,0.48227847,0.4105263,0.4620253,0.40421054,6,4,1,5,1,2,1,0,0,1,0,0,0,1
amoxapine,æməksæpaɪn,ʔamoksapine,amoxil,æməksɪl,ʔamoksil,0,0.44444445,0.73333335,1,0,3,0.44444445,0.0,0.5555556,0.5,1,0,3,0.44444445,0.7241379,1,0,3,0.59833336,0.64179105,0.59833336,0.58208954,3,4,0,1,2,1,2,0,0,1,0,0,0,1
fentanyl 25,fɛntɐnaɪl twɛnti faɪv,fentanjl25,fentanyl citrate,fɛntɐnaɪl sɪtɹeɪt,fentanjlkitɾate,0,0.5625,0.6956522,0,7,0,0.5625,0.0,0.5625,0.6363636,2,5,0,0.5625,0.6956522,0,7,0,0.7076923,0.5473684,0.66410255,0.5473684,5,9,0,4,3,2,3,0,0,1,0,0,0,0
aminocaproic acid in plastic container,ɐmɪnəkɐpɹoʊɪk æsɪd ɪn plæstɪk kənteɪnɚ,ʔaminokapɾojsʔasidʔinplastikkontaʔineɾ,cefotan in plastic container,sɛfɑːtən ɪn plæstɪk kənteɪnɚ,kefotanʔinplastikkontaʔineɾ,0,0.5263158,0.79646015,4,0,9,0.55263156,0.55263156,0.6315789,0.6521739,4,0,10,0.0,0.779661,4,0,9,0.6470874,0.6382353,0.60631067,0.6142857,10,0,21,4,4,4,5,0,1,0,1,0,0,1
azelastine hydrochloride,eɪzlɐstiːn haɪdɹəkloːɹaɪd,ʔazelastinehjdɾoʧloɾide,propoxyphene hydrochloride,pɹəpɑːksɪfiːn haɪdɹəkloːɹaɪd,pɾopoksjphenehjdɾoʧloɾide,0,0.5769231,0.83516484,8,2,0,0.61538464,0.61538464,0.6153846,0.6111111,8,2,0,0.0,0.7916667,8,2,0,0.76554054,0.7075472,0.73445946,0.6735849,2,0,16,3,1,0,1,0,1,0,1,0,0,1
topamax,tɑːpɐmæks,topamaks,tindamax,tɪndɐmæks,tindamaks,0,0.5,0.8333333,2,1,0,0.5,0.5,0.625,0.6,2,1,0,0.125,0.8,2,1,0,0.7982456,0.7894737,0.71754384,0.77894735,1,1,4,1,0,0,0,0,1,1,1,0,0,1
aplenzin,ɐplɛnzɪn,ʔaplenzin,salutensin,səluːtənsɪn,salutensin,0,0.2,0.75,3,2,0,0.2,0.2,0.5,0.5,3,2,0,0.0,0.7222222,3,2,0,0.61290324,0.61290324,0.5403226,0.58064514,2,0,2,1,1,1,1,0,1,0,1,0,0,0
seroquel,sɛɹɑːkwəl,seɾokel,seroquel xr,sɛɹɑːkwəl ɛksɑːɹ,seɾokelksɾ,1,0.72727275,0.88235295,0,2,0,0.72727275,0.0,0.72727275,0.57142854,0,3,0,0.72727275,0.8888889,0,2,0,0.61728394,0.671875,0.61728394,0.671875,3,8,0,2,0,1,0,0,1,1,0,0,0,1
daptomycin,dæptəmaɪsɪn,daptomjsjn,achromycin,ækɹoʊmaɪsɪn,ʔaʧɾomjsjn,0,0.5,0.8,4,0,0,0.6,0.6,0.6,0.57142854,4,0,0,0.0,0.8,4,0,0,0.78507465,0.780303,0.68955225,0.7742424,0,0,6,0,0,0,0,1,1,0,1,0,0,1
bicillin l a,baɪsɪlɪn ɛl eɪ,bjsillinlʔa,penicillin 2,pɛnɪsɪlɪn tuː,penisillin2,0,0.5833333,0.7631579,1,2,2,0.6666667,0.0,0.5,0.5,2,2,2,0.0,0.7058823,1,2,2,0.69285715,0.53521127,0.5857143,0.53521127,0,0,0,0,0,0,0,0,1,0,0,0,1,0
vicodin,vaɪkədɪn,vikodin,visicol,vɪsɪkɑːl,vikol,1,0.5714286,0.75,5,0,0,0.42857143,0.0,0.28571427,0.25,5,0,0,0.2857143,0.67857146,1,2,2,0.6458333,0.5813953,0.42291668,0.572093,0,2,0,0,0,0,0,0,0,1,0,0,0,1
nizatidine,nɪzɐtɪdiːn,nisatidine,tizanidine,tɪzɐnɪdiːn,tisanidine,1,0.6,0.9,2,0,0,0.5,0.5,0.8,0.6,2,0,0,0.0,0.9,2,0,0,0.8181818,0.8333333,0.8181818,0.8333333,0,0,5,0,0,0,0,1,1,0,1,0,0,1
talquetamab tgvs,tælkwɪtæmæb tiːdʒiːviːɛs,talketamabtgvs,teclistamab cqyv,tɛklɪstæmæb siːkɪv,teklistamabkkjv,1,0.375,0.7413793,7,1,1,0.375,0.0,0.4375,0.5,9,0,0,0.0625,0.7241379,9,0,0,0.66129035,0.7237113,0.64354837,0.6515464,0,1,0,1,0,1,1,0,0,1,0,0,0,1
brethine,bɹɛθaɪn,bɾethine,methergine,mɛðɚdʒɪn,metheɾgine,1,0.4,0.7352941,1,3,1,0.3,0.3,0.5,0.3333333,1,3,1,0.0,0.7222222,1,3,1,0.514,0.5,0.444,0.5,2,0,3,1,1,1,1,0,0,0,1,0,1,0
vesicare,vɛsɪkɛɹ,vesikaɾe,vessel care,vɛsəl kɛɹ,vselkaɾe,1,0.54545456,0.8857143,1,2,0,0.36363637,0.36363637,0.6363636,0.57142854,1,3,0,0.27272728,0.8611111,1,2,0,0.818,0.78,0.758,0.76,3,3,4,2,0,0,0,1,1,1,1,0,0,1
triavil 2 10,tɹaɪævəl tuː tɛn,tɾiʔavjl210,triavil 4 25,tɹaɪævəl foːɹ twɛnti faɪv,tɾiʔavjl425,0,0.75,1.0,0,0,0,0.6666667,0.0,0.75,0.6666666,3,0,0,0.6666667,1.0,0,0,0,0.5635659,1.0,0.5589147,1.0,0,8,0,0,0,0,0,1,1,1,1,1,0,1
tanzeum,tænziːəm,tansjum,tresiba,tɹɛzɪbə,tɾesiba,1,0.14285715,0.6296296,6,0,0,0.14285715,0.0,0.14285713,0.25,6,0,0,0.14285715,0.57142854,6,0,0,0.5767442,0.4488889,0.5093023,0.33333334,0,1,0,0,1,0,0,0,0,1,0,0,1,0
tegison,tɛdʒɪsən,tegison,tikosyn,tɪkəsɪn,tikosjn,0,0.14285715,0.82142854,4,0,0,0.14285715,0.14285715,0.4285714,0.6,4,0,0,0.14285715,0.71428573,4,0,0,0.76,0.71555555,0.632,0.6711111,0,1,1,1,1,0,1,0,0,1,1,0,0,1
polyethylene glycol,pɑːlɪɛθɪliːn glaɪkɑːl,poljethjleneglikeol,propylene glycol,pɹoʊpəliːn glaɪkɑːl,pɾopjleneglikeol,1,0.6315789,0.859375,3,0,3,0.6315789,0.6315789,0.68421054,0.71428573,3,0,3,0.05263158,0.8181818,3,0,3,0.8747573,0.7714286,0.84563106,0.7747899,3,1,12,2,1,1,1,0,0,1,1,0,2,1
valganciclovir,vælgɐnsɪkləvɪɹ,valgansjslovjɾ,acyclovir,ɐkaɪkləvɪɹ,ʔasikelovjɾ,0,0.35714287,0.76086956,1,0,5,0.42857143,0.42857143,0.57142854,0.44444442,1,0,5,0.0,0.73913044,1,0,5,0.5977273,0.48043478,0.5681818,0.46195653,5,0,6,3,2,1,2,0,1,0,1,0,0,1
valcyte,vælsaɪt,vositeʔ,valtrex,væltɹɛks,valtɾeks,1,0.42857143,0.71428573,4,0,0,0.42857143,0.0,0.4285714,0.39999998,4,0,0,0.42857143,0.71428573,4,0,0,0.6807692,0.4653846,0.58076924,0.36346152,0,3,0,0,0,0,0,0,1,1,0,0,0,1
coagulation factor ix,koʊægjʊleɪʃən fæktɚ ɹoʊmən naɪn,koʔagulationfaktoɾʔiks,factor ix complex vapor heated,fæktɚ ɹoʊmən naɪn kɑːmplɛks veɪpɚ hiːɾɪd,faktoɾʔikskompleksvapoɾheated,1,0.26666668,0.5813954,16,7,0,0.3,0.0,0.19999999,0.19999999,13,10,1,0.0,0.5222222,13,8,1,0.44827586,0.49125683,0.44827586,0.40273225,9,0,0,6,2,2,1,0,1,0,0,0,1,0
cyclophosphamide,saɪkləfɑːsfɐmaɪd,sikelophosphamide,cycloserine,saɪkloʊzɹiːn,sikeloseɾine,1,0.375,0.75,3,0,5,0.3125,0.0625,0.5,0.45454544,3,0,5,0.3125,0.7037037,3,0,5,0.6296703,0.55523807,0.5021978,0.5095238,5,5,1,4,1,1,1,0,0,1,0,0,0,1
amidate,ɐmɪdeɪt,ʔamidate,amitid,æmɪtɪd,ʔamitid,0,0.5714286,0.8076923,3,0,1,0.42857143,0.0,0.4285714,0.3333333,3,0,1,0.42857143,0.6923077,3,0,1,0.8707317,0.8541667,0.75365853,0.76666665,1,3,0,0,1,0,1,1,1,1,0,0,0,1
proscar,pɹəskɑːɹ,pɾoskaɾ,promapar,pɹɑːmɐpɑːɹ,pɾomapaɾ,0,0.5,0.79310346,2,1,0,0.375,0.25,0.625,0.6,2,1,0,0.375,0.8,2,1,0,0.638,0.642,0.598,0.642,1,3,2,0,1,1,1,0,0,1,1,0,0,1
plavix,plævɪks,plavjks,pradax,pɹædæks,pɾadaks,1,0.16666667,0.8333333,3,0,0,0.16666667,0.16666667,0.5,0.5,3,0,0,0.16666667,0.75,3,0,0,0.9022222,0.6638298,0.9111111,0.67234045,0,1,1,0,0,0,0,0,0,1,1,0,2,1
vanceril,vænsɚɹəl,vankeɾil,vancor,væŋkɚ,vankoɾ,0,0.5,0.82142854,1,0,2,0.5,0.0,0.625,0.8,1,0,2,0.5,0.8148148,1,0,2,0.51,0.744,0.502,0.744,2,4,0,1,1,1,1,0,0,1,0,0,0,0
leucovorin calcium,luːkəvoːɹɪn kælsiəm,leukovʔoɾinkalsjum,levoleucovorin,lɛvoʊljuːkəvoːɹɪn,levalukovʔoɾin,1,0.5555556,0.6949153,9,0,3,0.5555556,0.0,0.3333333,0.3,0,4,8,0.11111111,0.6451613,0,4,7,0.58979595,0.5642857,0.5489796,0.55535716,4,2,0,2,0,1,1,0,0,1,0,0,0,1
kaletra,kælɛtɹə,kaletɾa,keppra,kɛpɹə,keppɾa,1,0.2857143,0.72,3,0,1,0.2857143,0.2857143,0.4285714,0.5,3,0,1,0.14285715,0.72,1,1,2,0.6,0.61860466,0.60930234,0.6372093,1,1,2,0,1,1,1,0,1,1,1,0,0,0
apidra,ɐpɪdɹə,ʔapidɾa,spiriva,spɪɹɪvə,spiɾiva,1,0.14285715,0.6923077,3,1,0,0.2857143,0.14285715,0.4285714,0.25,3,1,0,0.0,0.6923077,3,1,0,0.5093023,0.52790695,0.49534884,0.51860464,1,0,1,1,0,0,0,0,1,0,1,0,0,0
fiorinal,fɪoːɹɪnəl,fioɾinal,lanorinal,lænoːɹɪnəl,lanoɾinal,0,0.5555556,0.8484849,2,1,0,0.6666667,0.6666667,0.6666666,0.6,2,1,0,0.0,0.8235294,2,1,0,0.72,0.7218182,0.72,0.66,1,0,6,1,1,0,0,0,0,0,1,0,0,1
tromethamine,tɹoʊmθɐmiːn,tɾomethamine,ketorolac tromethamine,kɛɾoːɹɑːlæk tɹoʊmθɐmiːn,ketoɾolaktɾomethamine,0,0.5,0.71875,0,9,0,0.54545456,0.54545456,0.5454545,0.53846157,0,10,0,0.0,0.72727275,0,9,0,0.52991456,0.5736434,0.52991456,0.5736434,10,0,12,5,4,4,4,0,1,0,1,0,0,1
polycitra,pɑːlɪsɪtɹə,poljsitɾa,placidyl,plæsɪdɪl,plasjdjl,0,0.22222222,0.7647059,4,0,1,0.22222222,0.0,0.44444442,0.3333333,4,0,1,0.11111111,0.7058823,4,0,1,0.6890909,0.4473684,0.6890909,0.41929823,1,1,0,0,1,1,1,0,1,1,0,0,0,0
sulfadiazine,sʌlfeɪdɪɐziːn,sulfadiasʔineʔ,sulfatrim ds,sʌlfætɹɪm diːɛs,sulfatɾimds,0,0.41666666,0.75555557,4,1,2,0.41666666,0.0,0.4166667,0.3333333,7,0,0,0.41666666,0.7173913,4,1,2,0.67654324,0.54651165,0.6111111,0.53720933,0,5,0,2,2,2,3,0,1,1,0,0,0,1
acetated ringer s in plastic container,æsɪteɪɾɪd ɹɪŋɚɹ ɛs ɪn plæstɪk kənteɪnɚ,ʔaketatedɾiŋeɾsʔinplastikkontaʔineɾ,cefizox in plastic container,sɛfɪzɑːks ɪn plæstɪk kənteɪnɚ,kefisoksʔinplastikkontaʔineɾ,0,0.55263156,0.80357146,4,0,8,0.55263156,0.55263156,0.6315789,0.6,4,0,10,0.0,0.80172414,4,0,8,0.6880597,0.7278539,0.659204,0.70958906,10,0,21,5,3,3,3,0,1,0,1,0,0,1
pamelor,peɪmlɚ,pameloɾ,dymelor,daɪmɛlɚ,djmeloɾ,0,0.5714286,0.89285713,2,0,0,0.71428573,0.71428573,0.71428573,0.6,2,0,0,0.0,0.85714287,2,0,0,0.77560973,0.70666665,0.66097564,0.71555555,0,0,5,1,1,0,1,0,1,0,1,0,0,0
minoxidil,mɪnəksɪdɪl,minoksidil,minoxidin,mɪnəksɪdɪn,minoksidin,1,0.8888889,0.9444444,1,0,0,0.8888889,0.0,0.8888889,0.8,1,0,0,0.8888889,0.94285715,1,0,0,0.88709676,0.88709676,0.88709676,0.88709676,0,8,0,0,0,0,0,1,1,1,0,0,0,1
pentobarbital,pɛntəbɑːɹbɪɾəl,pentobaɾbital,pentoxil,pɛntəksɪl,pentoksil,0,0.3846154,0.71428573,1,0,5,0.3846154,0.07692308,0.53846157,0.5,1,0,5,0.3846154,0.7073171,1,0,5,0.53209877,0.5345679,0.53209877,0.5197531,5,5,1,3,2,2,2,0,0,1,1,0,0,1
dexilant,dɛksɪlənt,deksʔilant,duloxetine,duːləksɛtiːn,duloksetine,1,0.1,0.6944444,5,2,0,0.1,0.0,0.3,0.39999998,5,2,0,0.1,0.6,5,2,0,0.62096775,0.5402985,0.5564516,0.45671642,2,1,0,0,2,1,2,0,1,1,0,0,0,1
foradil,fɔːɹɐdɪl,foɾadil,fortical,fɔːɹɾɪkəl,foɾtikal,1,0.375,0.8,3,1,0,0.375,0.125,0.5,0.6,3,1,0,0.375,0.7241379,3,1,0,0.826,0.76,0.658,0.62,1,3,1,1,0,0,0,0,0,1,1,0,0,1
didanosine,dɪdɐnɑːsaɪn,didanosine,inapsine,ɪnæpsaɪn,ʔinapsine,0,0.3,0.7777778,2,0,2,0.4,0.4,0.6,0.39999998,2,0,2,0.0,0.7777778,2,0,2,0.66333336,0.65833336,0.5183333,0.60333335,2,0,4,1,1,1,1,0,0,0,1,0,0,0
keflex,kɛflɛks,keflks,keppra,kɛpɹə,keppɾa,1,0.33333334,0.73913044,3,1,1,0.33333334,0.0,0.3333333,0.25,4,0,0,0.33333334,0.6521739,4,0,0,0.5977778,0.5725,0.5311111,0.5725,0,2,0,0,0,0,0,1,1,1,0,0,0,1
aggrastat,ɐgɹæstæt,ʔaggɾastat,argatroban,ɑːɹgɐtɹɑːbən,ʔaɾgatɾoban,1,0.2,0.6486486,4,2,1,0.2,0.0,0.3,0.16666669,6,1,0,0.1,0.6216216,6,1,0,0.4919355,0.5869565,0.36290324,0.5478261,1,1,0,0,1,1,1,0,0,1,0,0,0,0
leukeran,luːkɚɹən,leukeɾan,myleran,maɪlɚɹən,mjleɾan,1,0.5,0.79310346,3,0,1,0.5,0.5,0.5,0.39999998,3,0,1,0.0,0.73333335,3,0,1,0.5729167,0.5875,0.5625,0.56666666,1,0,4,1,1,0,2,0,1,0,1,0,0,1
janumet,dʒænuːmɪt,ʤanumet,januvia,dʒænuːviə,ʤanuvja,1,0.5714286,0.8148148,3,0,0,0.5714286,0.0,0.57142854,0.5,3,0,0,0.5714286,0.78571427,3,0,0,0.778,0.6534884,0.72,0.5837209,0,4,0,1,0,1,1,0,0,1,0,0,0,1
fluoxetine,fljuːəksɛtiːn,fluʔoksetine,loxitane,lɑːksɪteɪn,loksitaneʔ,1,0.2,0.82857144,2,0,2,0.2,0.2,0.6,0.8,2,0,2,0.0,0.7777778,2,0,2,0.7536232,0.6891892,0.6434783,0.6189189,2,0,2,1,0,1,1,0,1,0,1,0,0,1
tresiba,tɹɛzɪbə,tɾesiba,trulicity,tɹuːlɪsɪɾi,tɾuljsitj,1,0.22222222,0.71875,4,2,0,0.22222222,0.0,0.3333333,0.3333333,4,2,0,0.22222222,0.6451613,4,2,0,0.61636364,0.5254237,0.56363636,0.51525426,2,2,0,2,0,1,0,0,1,1,0,0,0,1
lanthanum carbonate,lænθænəm kɑːɹbəneɪt,lanthanumkaɾbonate,lithium carbonate,lɪθiəm kɑːɹbəneɪt,lithiʔumkaɾbonate,1,0.68421054,0.9076923,2,0,2,0.6315789,0.6315789,0.78947365,0.8333333,2,0,2,0.05263158,0.880597,2,0,2,0.8276191,0.8214286,0.81809527,0.74642855,2,1,12,2,1,0,0,0,1,1,1,0,0,1
ketoconazole,kɛɾəkɑːnɐzoʊl,ketokonasole,tioconazole,tɪɑːkənæzoʊl,tiokonasole,0,0.6666667,0.8888889,2,0,1,0.75,0.75,0.75,0.8333333,2,0,1,0.0,0.86956525,2,0,1,0.8375,0.85,0.70694447,0.8361111,1,0,9,1,1,1,0,0,1,0,1,0,0,1
tegretol,tɛgɹɪtɑːl,tegɾetol,tegretol xr,tɛgɹɪtɑːl ɛksɑːɹ,tegɾetolksɾ,1,0.72727275,0.8888889,0,2,0,0.72727275,0.0,0.72727275,0.625,0,3,0,0.72727275,0.8888889,0,2,0,0.61728394,0.70422536,0.61728394,0.70422536,3,8,0,2,0,0,0,1,1,1,0,0,0,1
diazepam,daɪəzɛpæm,diasepam,diltiazem,dɪlʃɪeɪzəm,diltiʔazem,1,0.5555556,0.71875,5,1,0,0.44444445,0.11111111,0.44444442,0.39999998,0,3,2,0.22222222,0.72727275,0,3,2,0.595,0.5451613,0.47833332,0.4516129,1,2,1,1,0,1,0,0,0,1,1,0,0,1
fanapt,fænæpt,fanapt,xanax,zænæks,ksanaʔks,1,0.33333334,0.72727275,2,0,1,0.5,0.0,0.5,0.25,2,0,1,0.0,0.72727275,2,0,1,0.82894737,0.58653843,0.81842107,0.57884616,1,0,0,1,0,0,0,1,1,0,0,0,2,1
levothyroxine,lɛvəθɪɹəksaɪn,levatjɾoksʔineʔ,liothyronine,lɪɑːθɪɹɑːnaɪn,liotjɾonine,1,0.61538464,0.89361703,2,0,1,0.46153846,0.23076923,0.7692308,0.75,2,0,1,0.07692308,0.877551,2,0,1,0.6835443,0.56526315,0.6278481,0.5,1,1,3,1,1,0,0,0,0,1,1,0,0,1
neulasta,nuːlæstə,neulasta,reclast,ɹɪklæst,ɾeklast,0,0.375,0.79310346,2,0,1,0.5,0.0,0.625,0.6,2,0,1,0.0,0.8,2,0,1,0.6288889,0.62916666,0.6066667,0.60833335,1,0,0,1,1,1,2,0,0,0,0,0,0,1
zantac,zæntæk,zantak,zyrtec,zɪətɛk,zjɾtek,1,0.16666667,0.8333333,3,0,0,0.16666667,0.16666667,0.5,0.6,3,0,0,0.16666667,0.75,3,0,0,0.80789477,0.545,0.72894734,0.405,0,1,1,1,1,0,1,0,0,1,1,0,0,0
midodrine,mɪdədɹiːn,midodɾine,midrin,mɪdɹɪn,midɾin,1,0.6666667,0.8,0,0,3,0.44444445,0.0,0.6666666,0.8,0,0,3,0.33333334,0.8,0,0,3,0.678,0.6272727,0.658,0.62,3,3,0,1,2,1,2,0,0,1,1,0,0,0
florastor,floːɹæstɚ,floɾastoɾ,florinef,flɔːɹaɪnəf,floɾinef,1,0.44444445,0.7647059,4,0,1,0.44444445,0.0,0.44444442,0.5,4,0,1,0.44444445,0.7058823,4,0,1,0.65636367,0.67368424,0.58363634,0.6,1,4,0,1,0,0,0,0,1,1,0,0,0,1
methimazole,mɛθɪmæzoʊl,methimasole,metimyd,mɛɾɪmɪd,metimjd,0,0.36363637,0.68571424,2,0,4,0.27272728,0.0,0.45454544,0.5,2,0,4,0.27272728,0.6666666,2,0,4,0.6333333,0.4402985,0.62666667,0.43731344,4,3,0,1,3,1,3,0,0,1,0,0,0,1
topamax,tɑːpɐmæks,topamaks,toprol xl,tɑːpɹɑːl ɛksɛl,topɾolksl,1,0.33333334,0.73333335,3,1,0,0.33333334,0.0,0.44444442,0.4285714,3,2,0,0.33333334,0.73333335,3,1,0,0.53333336,0.5338983,0.53333336,0.45254236,2,3,0,2,1,1,1,0,0,1,0,0,0,1
doxil,dɑːksɪl,doksil,roxilox,ɹɑːksɪlɑːks,ɾoksiloks,0,0.42857143,0.75,1,2,0,0.5714286,0.0,0.57142854,0.5,1,2,0,0.0,0.72727275,1,2,0,0.5964912,0.6052632,0.58947366,0.5982456,2,0,0,1,1,1,1,0,0,0,0,0,0,0
comvax,kəmvæks,komvejks,compazine,kəmpæziːn,kompasʔineʔ,0,0.33333334,0.73333335,2,3,0,0.33333334,0.0,0.44444442,0.39999998,2,3,0,0.33333334,0.6666666,2,3,0,0.642,0.48405796,0.642,0.40869564,3,3,0,1,2,1,2,0,1,1,0,0,1,0
lanoxin,lænəksɪn,lanoksin,levothyroxine,lɛvəθɪɹəksaɪn,levatjɾoksʔineʔ,1,0.30769232,0.64102566,2,6,0,0.30769232,0.0,0.38461536,0.375,2,6,0,0.07692308,0.625,2,6,0,0.47974685,0.36842105,0.43164557,0.36842105,6,1,0,4,2,2,2,0,1,1,1,0,0,1
oxycodone,ɑːksɪkɑːdoʊn,ʔoksikeodone,oxymorphone,ɑːksɪmoːɹfoʊn,ʔoksjmoɾphone,1,0.45454547,0.7948718,2,2,0,0.27272728,0.27272728,0.6363636,0.4285714,2,2,0,0.27272728,0.8,2,2,0,0.6880597,0.5746988,0.619403,0.5746988,2,3,3,2,0,0,0,0,0,1,1,0,1,1
pepcid,pɛpsɪd,pepsid,prevacid,pɹɪvæsɪd,pɾevasjd,0,0.375,0.82142854,1,2,0,0.375,0.375,0.625,0.6,1,2,0,0.125,0.78571427,1,2,0,0.62,0.4576923,0.62,0.425,2,1,3,1,1,1,1,1,1,1,1,0,1,1
rifabutin,ɹɪfɐbjuːtɪn,ɾifabutin,rifapentine,ɹɪfeɪpɛntiːn,ɾifapentine,1,0.54545456,0.85,2,2,0,0.36363637,0.0,0.6363636,0.6666666,2,2,0,0.36363637,0.8,2,2,0,0.75820893,0.7641791,0.5970149,0.74925375,2,4,0,1,1,0,1,0,0,1,1,0,0,0
effexor xr,ɛfɛksɚɹ ɛksɑːɹ,ʔeffeksoɾksɾ,enablex,ɛneɪbləks,ʔenableks,1,0.2,0.61290324,5,0,2,0.2,0.0,0.19999999,0.14285713,5,0,3,0.1,0.5806452,5,0,2,0.46891892,0.45128205,0.43378377,0.4076923,3,1,0,2,0,1,0,0,0,1,0,0,0,0
solu medrol,sɑːluː mɛdɹɑːl,solumedɾol,neo medrol,niːoʊ mɛdɹɑːl,neomedɾol,0,0.54545456,0.8378378,3,0,1,0.6363636,0.6363636,0.6363636,0.71428573,3,0,1,0.0,0.78947365,3,0,1,0.7758064,0.7370968,0.6935484,0.7145161,1,0,7,1,1,1,0,0,0,0,1,0,0,1
neratinib,nɛɹɐtɪnɪb,neɾatinib,gefitinib,dʒɛfɪtɪnɪb,gefitinib,0,0.44444445,0.8611111,3,0,0,0.5555556,0.5555556,0.6666666,0.6,3,0,0,0.0,0.8333333,3,0,0,0.71935487,0.8218182,0.63870966,0.7381818,0,0,5,0,0,0,0,0,1,0,1,0,0,1
amphotec,æmfoʊɾək,ʔamphotek,amvuttra,æmvʌtɹə,ʔamvwttɾa,0,0.25,0.73333335,5,0,0,0.25,0.0,0.375,0.39999998,5,0,0,0.25,0.67741936,5,0,0,0.70208335,0.49830508,0.70208335,0.45762712,0,2,0,0,0,0,0,1,1,1,0,0,0,1
sinemet,saɪnmɪt,sinemet,sine aid ib,saɪn eɪd ɪb,sineʔaidʔib,0,0.36363637,0.76666665,3,2,0,0.36363637,0.0,0.36363637,0.3333333,3,4,0,0.36363637,0.6875,3,2,0,0.71132076,0.49253732,0.7188679,0.41791046,4,4,0,0,1,1,2,0,0,1,0,0,1,0
ephedrine,ɛfɪdɹiːn,ʔephedɾine,epinephrine,ɛpɪnɛfɹiːn,ʔepinephɾine,1,0.54545456,0.82051283,2,2,0,0.36363637,0.36363637,0.6363636,0.5,2,2,0,0.18181819,0.825,2,2,0,0.61454546,0.6054054,0.6218182,0.6108108,2,2,4,1,1,1,1,0,1,1,1,0,0,1
glucotrol,gluːkətɹɑːl,glukotɾol,glycotrol,glaɪkətɹɑːl,glikeotɾol,1,0.7777778,0.9722222,1,0,0,0.6666667,0.6666667,0.8888889,0.85714287,1,0,0,0.22222222,0.9444444,1,0,0,0.92741936,0.92580646,0.85967743,0.92580646,0,2,6,1,1,0,1,0,1,1,1,0,0,1
captopril,kæptɑːpɹəl,kaptopɾil,carvedilol,kɑːɹvɪdɪlɑːl,kaɾvedilol,1,0.3,0.71052635,6,1,0,0.2,0.1,0.3,0.3333333,6,1,0,0.2,0.6388889,6,1,0,0.6516129,0.64032257,0.47096774,0.63709676,1,2,1,0,1,0,1,0,0,1,1,0,0,1
levbid,lɛvbɪd,levbid,evdi,ɛvdi,ʔevdiʔ,0,0.16666667,0.7,1,0,2,0.33333334,0.0,0.5,0.5,1,0,2,0.0,0.75,1,0,2,0.5973684,0.6,0.58157897,0.6105263,2,0,0,2,0,0,0,1,1,0,0,0,0,1
venofer,vɛnoʊfɚ,venofeɾ,vimpat,vɪmpæt,vimpat,1,0.14285715,0.6923077,5,0,1,0.14285715,0.0,0.14285713,0.25,5,0,1,0.14285715,0.5769231,5,0,1,0.6292683,0.6604651,0.64878047,0.51627904,1,1,0,0,1,1,1,0,0,1,0,0,0,0
alomide,ɐlɑːmaɪd,ʔalomide,cetamide,sɛɾɐmaɪd,ketamide,0,0.375,0.8,3,1,0,0.5,0.5,0.5,0.5,3,1,0,0.0,0.73333335,3,1,0,0.79375,0.75416666,0.69375,0.5375,1,0,4,1,0,0,0,0,1,0,1,0,1,0
kay ciel,keɪ siːl,kajsjel,kaon cl,keɪɑːn siːɛl,kaʔonkl,0,0.375,0.73913044,3,0,1,0.25,0.125,0.5,0.8,1,1,2,0.25,0.6923077,3,0,1,0.71132076,0.32666665,0.6226415,0.32666665,1,2,1,0,1,2,1,0,1,1,1,0,0,1
tequin,tɛkwɪn,tekin,teczem,tɛkzəm,tekzem,0,0.33333334,0.77272725,4,0,0,0.33333334,0.0,0.3333333,0.25,4,0,0,0.33333334,0.7083334,4,0,0,0.8684211,0.73157895,0.8,0.7157895,0,2,0,1,0,0,1,1,1,1,0,0,0,1
reminyl,ɹɪmɪnaɪl,ɾeminjl,robinul,ɹɑːbɪnʌl,ɾobinul,1,0.2857143,0.85714287,3,0,0,0.2857143,0.14285715,0.57142854,0.6,3,0,0,0.14285715,0.78571427,3,0,0,0.8333333,0.6666667,0.65416664,0.6666667,0,1,1,1,1,0,1,0,1,1,1,0,1,0
restoril,ɹɪstoːɹəl,ɾestoɾil,nutrestore,nʌtɹɪstoːɹ,nutɾestoɾe,0,0.5,0.75,1,3,1,0.6,0.0,0.5,0.5,1,3,1,0.0,0.7428571,1,3,1,0.6666667,0.6935484,0.6666667,0.67741936,2,0,0,1,1,0,1,0,1,0,0,0,1,0
ventolin hfa,vɛntəlɪn eɪtʃɛfeɪ,ventolinhfa,ventolin rotacaps,vɛntəlɪn ɹoʊɾɐkæps,ventolinɾotakaps,0,0.5294118,0.7592592,2,5,0,0.5294118,0.0,0.58823526,0.5454545,2,5,0,0.5294118,0.745098,2,5,0,0.69142854,0.557,0.69142854,0.561,5,9,0,3,2,2,2,0,0,1,0,0,0,1
tromethamine,tɹoʊmθɐmiːn,tɾomethamine,prometh plain,pɹoʊmiːθ pleɪn,pɾometplaʔin,0,0.46153846,0.7826087,3,1,1,0.46153846,0.0,0.53846157,0.5555556,3,2,1,0.0,0.7916667,3,1,1,0.6378378,0.65657896,0.60945946,0.63026315,1,0,0,1,2,1,1,0,1,0,1,0,0,1
fluoxetine,fljuːəksɛtiːn,fluʔoksetine,paroxetine,pæɹəksɛtiːn,paɾoksetine,1,0.6,0.8717949,3,0,0,0.7,0.7,0.7,0.6,3,0,0,0.0,0.85,3,0,0,0.77246374,0.7,0.74347824,0.6972973,0,0,7,0,1,0,0,0,1,0,1,0,0,1
cefoxitin,sɛfəksɪtɪn,kefoksitin,ceftazidime,sɛftɐzɪdaɪm,keftasidime,1,0.27272728,0.8,4,2,0,0.27272728,0.0,0.45454544,0.3333333,4,2,0,0.27272728,0.74358976,4,2,0,0.7671642,0.74925375,0.69104475,0.7283582,2,3,0,1,1,0,1,0,1,1,0,0,0,1
testoderm tts,tɛstoʊdɜːm tiːtiːɛs,testodeɾmtʧ,testoderm with adhesive,tɛstoʊdɜːm wɪð ɐdhiːsɪv,testodeɾmwitʔadhesive,1,0.4347826,0.7419355,1,9,0,0.4347826,0.0,0.5217391,0.6,1,10,0,0.4347826,0.6923077,1,9,0,0.66581196,0.46564886,0.62735045,0.46564886,10,10,0,4,5,4,5,0,0,1,0,0,1,0
ethionamide,iːθɪɑːnɐmaɪd,ʔetjonamide,ethosuximide,iːθəsʌksɪmaɪd,ʔethosuksimide,1,0.5,0.8372093,4,1,0,0.33333334,0.33333334,0.5833334,0.6666666,4,1,0,0.25,0.7826087,4,1,0,0.65694445,0.5790698,0.47361112,0.5139535,1,3,4,1,1,0,0,0,0,1,1,0,0,1
novolin 70 30,nɑːvəlɪn sɛvənti θɜːɾi,novolin7030,novolog mix 70 30,nɑːvəlɑːg mɪks sɛvənti θɜːɾi,novologmiks7030,1,0.5882353,0.7647059,1,3,0,0.3529412,0.3529412,0.7058823,0.6923077,1,4,0,0.29411766,0.75757575,1,3,0,0.7683824,0.5652174,0.7345588,0.5565217,4,5,6,2,1,1,1,0,1,1,0,0,0,0
silodosin,saɪlədɑːsɪn,silodosin,lodosyn,lɑːdəsɪn,lodosjn,0,0.44444445,0.84375,1,0,2,0.5555556,0.11111111,0.6666666,0.6,1,0,2,0.0,0.8064516,1,0,2,0.71,0.6181818,0.6433333,0.6181818,2,0,1,0,2,1,2,0,1,0,1,0,0,1
duricef,dʊɹɹaɪsəf,duɾjsef,ultracet,ʊltɹæsɪt,ʔultɾaket,1,0.125,0.7,4,1,0,0.25,0.0,0.375,0.39999998,4,1,0,0.0,0.7,4,1,0,0.7,0.42105263,0.58,0.4280702,1,0,0,1,0,0,0,1,1,0,0,0,0,1
alfentanil,ɐlfɛntɐnɪl,ʔalfentanil,albenza,ælbɛnzə,ʔalbensa,0,0.3,0.7058823,2,0,3,0.2,0.0,0.5,0.3333333,2,0,3,0.2,0.72727275,2,0,3,0.6032258,0.66086954,0.4870968,0.65507245,3,2,0,2,1,1,1,0,0,1,0,0,0,1
bicillin c r,baɪsɪlɪn siː ɑːɹ,bjsillinkɾ,v cillin,viː sɪlɪn,vkillin,0,0.41666666,0.75,1,0,3,0.5,0.0,0.5,0.3333333,2,0,4,0.0,0.71428573,1,0,3,0.5972222,0.56969696,0.5277778,0.56969696,4,0,0,2,1,1,1,0,1,0,0,0,1,0
adderall 15,ædɚɹɔːl fɪftiːn,ʔadɾol15,adderall 20,ædɚɹɔːl twɛnti,ʔadɾol20,0,0.8181818,1.0,0,0,0,0.8181818,0.0,0.8181818,0.75,2,0,0,0.8181818,1.0,0,0,0,0.74864864,1.0,0.75945944,1.0,0,9,0,0,0,0,0,1,1,1,1,1,0,1
tetanus diptheria toxoid,tɛtənəs dɪpθɜːɹiə tɑːksɔɪd,tetanusdiptheɾiatoksoid,tuberculin purified protein derivative,tuːbɚkjʊlɪn pjʊɹɹɪfaɪd pɹoʊtiːn dɪɹɪvətɪv,tubeɾsulinpuɾifiʔedpɾotejndeɾivative,1,0.13157895,0.6055046,8,15,2,0.078947365,0.0,0.2368421,0.27272725,11,16,2,0.02631579,0.57522124,8,15,2,0.38783783,0.3635135,0.32342342,0.32387388,14,1,0,7,6,4,6,0,0,1,0,0,0,0
serzone,sɜːzoʊn,seɾsone,kerlone,kɜːloʊn,keɾlone,0,0.42857143,0.8518518,2,0,0,0.42857143,0.42857143,0.71428573,0.5,2,0,0,0.0,0.85714287,2,0,0,0.7777778,0.7906977,0.7777778,0.7906977,0,0,3,0,0,0,0,1,1,0,1,0,0,1
azacitidine,æzɐsɪɾɪdiːn,ʔasasjtidine,azathioprine,æzɐθɪɑːpɹiːn,ʔasathiopɾine,1,0.41666666,0.77272725,4,1,0,0.25,0.25,0.5833334,0.3333333,4,1,0,0.25,0.7826087,4,1,0,0.7683333,0.6772152,0.69166666,0.6544304,1,3,3,1,1,0,0,0,0,1,1,0,0,1
volumen,vɑːljuːmɛn,volumen,voluven,vɑːluːvən,voluven,1,0.71428573,0.9285714,1,0,0,0.5714286,0.2857143,0.85714287,0.75,1,0,0,0.5714286,0.9285714,1,0,0,0.714,0.8627907,0.654,0.8627907,0,4,2,0,0,0,0,1,1,1,1,0,0,1
folex,foʊlɛks,foleks,foltx,foʊltɛks,foltks,1,0.6,0.9,1,0,0,0.6,0.2,0.8,0.75,1,0,0,0.6,0.9,1,0,0,0.82,0.775,0.82,0.765,0,3,1,1,1,1,1,0,0,1,1,0,1,1
levetiracetam,lɛvɪtɜːɹɐsɛɾæm,levetiɾaketam,levofloxacin,lɛvəflɑːksɐsɪn,levofloksasjn,1,0.30769232,0.72,9,0,1,0.23076923,0.0,0.3076923,0.28571427,6,1,2,0.23076923,0.7,6,1,2,0.7580247,0.6313253,0.6691358,0.57228917,1,3,0,0,1,1,1,0,0,1,0,0,0,1
influenza virus vaccine,ɪnfluːɛnzə vaɪɹəs væksiːn,ʔinflujsaviɾusvakʔineʔ,perflutren lipid microspheres,pɜːflʌtɹən lɪpɪd maɪkɹoʊsfɪɹz,peɾflutɾenlipidmikɾospheɾes,1,0.10344828,0.6666666,14,6,0,0.10344828,0.0,0.2758621,0.25,15,6,0,0.0,0.5894737,12,7,1,0.5141975,0.42865497,0.42160493,0.36842105,6,0,0,6,1,1,0,0,0,0,0,0,0,1
tambocor,tæmbɑːkɚ,tambokoɾ,tembexa,tɛmbɛksə,tembeʔksaʔ,0,0.25,0.76666665,4,0,1,0.25,0.0,0.375,0.6,4,0,1,0.125,0.6666666,4,0,1,0.782,0.5921875,0.652,0.5,1,1,0,1,0,0,0,0,0,1,0,0,0,1
novolin,nɑːvəlɪn,novolin,norlutin,noːɹluːtɪn,noɾlutin,0,0.375,0.79310346,3,1,0,0.25,0.25,0.5,0.6,3,1,0,0.25,0.7241379,3,1,0,0.594,0.624,0.466,0.596,1,2,2,1,0,0,0,1,1,1,1,0,0,1
matulane,mætʃəleɪn,matulaneʔ,anturane,æntʃɚɹeɪn,ʔantuɾaneʔ,0,0.375,0.84375,3,0,0,0.375,0.375,0.625,0.5,3,0,0,0.0,0.8125,3,0,0,0.7781818,0.7145161,0.7309091,0.72096777,0,0,3,0,0,0,0,1,1,0,1,0,0,1
fludrocortisone acetate,flʌdɹəkɔːɹɾɪsoʊn æsɪteɪt,fludɾokoɾtisoneʔaketate,lanreotide acetate,lænɹɪɑːɾaɪd æsɪteɪt,lanɾeotideʔaketate,0,0.39130434,0.78666663,4,0,5,0.39130434,0.39130434,0.6086956,0.53846157,4,0,5,0.0,0.7692308,4,0,5,0.6723881,0.65177304,0.5753731,0.6219858,5,0,9,4,2,2,1,0,1,0,1,0,0,1
capex,keɪpɛks,kapeks,kapidex,kæpaɪdɛks,kapidjks,1,0.2857143,0.7916667,1,2,0,0.2857143,0.2857143,0.57142854,0.5,1,2,0,0.0,0.75,1,2,0,0.74,0.65384614,0.67636365,0.63461536,2,0,2,1,1,2,1,0,0,1,1,0,0,0
sudafed,suːdeɪft,sudafed,sudafed pe,suːdeɪft piː,sudafedpe,1,0.7,0.875,0,2,0,0.7,0.0,0.7,0.6666666,0,3,0,0.7,0.875,0,2,0,0.79636365,0.7818182,0.8036364,0.7854546,3,7,0,1,1,0,1,0,0,1,0,0,1,0
ropivacaine,ɹɑːpɪveɪkeɪn,ɾopivakaʔineʔ,alphacaine,ælfəkeɪn,ʔalphakaʔineʔ,0,0.45454547,0.82051283,3,0,1,0.54545456,0.54545456,0.6363636,0.6,3,0,1,0.0,0.8095238,3,0,1,0.60923076,0.67530864,0.51692307,0.67530864,1,0,6,0,1,1,1,0,0,0,1,0,0,1
mephyton,mɛfɪtən,mephjton,methadone,mɛθɐdoʊn,methadone,1,0.33333334,0.8125,3,1,0,0.22222222,0.0,0.5555556,0.5,3,1,0,0.22222222,0.7647059,3,1,0,0.88125,0.7054545,0.65208334,0.71272725,1,2,0,1,2,0,2,0,0,1,1,0,0,1
penicillin,pɛnɪsɪlɪn,penisillin,pentoxifylline,pɛntəksɪfɪlaɪn,pentoksjfjlline,0,0.42857143,0.76086956,2,4,0,0.2857143,0.0,0.57142854,0.5555556,2,4,0,0.21428572,0.7209302,2,4,0,0.57325584,0.46907216,0.5139535,0.45876288,4,3,0,3,1,1,1,0,1,1,1,0,1,0
nicardipine,nɪkɑːɹdɪpaɪn,nikaɾdipine,nimodipine,nɪmədɪpaɪn,nimodipine,1,0.6363636,0.88095236,2,0,1,0.54545456,0.54545456,0.72727275,0.6666666,2,0,1,0.18181819,0.85714287,2,0,1,0.7402985,0.73880595,0.7104478,0.661194,1,2,6,1,0,0,0,0,1,1,1,0,0,1
vesicare,vɛsɪkɛɹ,vesikaɾe,ticar,tɪkɑːɹ,tikaɾ,0,0.375,0.6923077,1,0,3,0.5,0.0,0.5,0.5,1,0,3,0.0,0.6923077,1,0,3,0.67674416,0.6145833,0.5511628,0.60625,3,0,0,1,2,1,2,0,0,0,1,0,1,0
rasageline,ɹæseɪdʒlaɪn,ɾasageline,repaglinide,ɹɪpæglɪnaɪd,ɾepaglinide,1,0.36363637,0.78571427,2,2,1,0.27272728,0.09090909,0.5454545,0.6666666,2,2,1,0.09090909,0.75,2,2,1,0.7208955,0.75074625,0.6567164,0.65820897,1,1,1,1,0,0,0,0,1,1,0,0,0,1
tradjenta,tɹædʒɛntə,tɾadʤenta,trulicity,tɹuːlɪsɪɾi,tɾuljsitj,1,0.22222222,0.7222222,6,0,0,0.22222222,0.0,0.3333333,0.3333333,6,0,0,0.22222222,0.68571424,6,0,0,0.5719298,0.5542373,0.50526315,0.46271187,0,2,0,0,0,1,0,0,1,1,0,0,0,0
opium tincture,oʊpiəm tɪŋktʃɚ,ʔopiʔumtinktuɾe,paregoric,pɛɹgɔːɹɪk,paɾegoɾajs,1,0.071428575,0.55813956,6,1,5,0.14285715,0.0,0.14285713,0.25,7,0,5,0.0,0.45454544,8,0,4,0.2835443,0.36021507,0.2278481,0.2311828,5,0,0,2,1,1,2,0,0,0,0,0,1,1
soriatane,soːɹɪæteɪn,soɾjataneʔ,soaanz,soʊænts,soʔaʔans,0,0.33333334,0.7037037,1,0,3,0.22222222,0.0,0.5555556,0.25,1,0,3,0.22222222,0.73333335,1,0,3,0.5169811,0.4064516,0.5169811,0.40000004,3,2,0,1,3,3,2,0,0,1,0,0,0,0
ketorolac,kɛɾoːɹɑːlæk,ketoɾolak,etodolac,ɛɾədɑːlæk,ʔetodolak,0,0.5555556,0.88235295,1,0,1,0.44444445,0.44444445,0.7777778,0.6,1,0,1,0.0,0.88235295,1,0,1,0.78909093,0.8636364,0.72727275,0.85636365,1,0,4,1,0,0,0,1,1,0,1,0,0,1
norlestrin 21 1 50,noːɹlɪstɹɪn twɛnti wʌn wʌn fɪfti,noɾlestɾin21150,norlestrin fe 1 50,noːɹlɪstɹɪn fiː wʌn fɪfti,noɾlestɾinfe150,0,0.8333333,0.9047619,0,2,0,0.6111111,0.2777778,0.8888889,0.8666667,2,0,0,0.6111111,0.9090909,0,2,0,0.648538,0.84210527,0.648538,0.84210527,0,11,5,1,1,1,1,0,1,1,1,0,0,1
briviact,bɹɪvɪækt,bɾivjakt,revia,ɹɪvɪə,ɾevja,0,0.25,0.7083334,1,0,3,0.375,0.0,0.5,0.39999998,1,0,3,0.0,0.6923077,1,0,3,0.576,0.59615386,0.518,0.5769231,3,0,0,3,0,0,0,0,1,0,0,0,1,0
tresiba,tɹɛzɪbə,tɾesiba,yutrepia,juːtɹiːpiə,jutɾepiaʔ,0,0.25,0.75,1,2,1,0.375,0.125,0.5,0.25,1,2,1,0.0,0.73333335,1,2,1,0.66041666,0.58181816,0.5875,0.5690909,1,0,1,0,0,1,1,0,1,0,0,0,0,1
neupogen,nuːpədʒən,neupogen,neoprofen,niːoʊpɹoʊfən,neopɾofen,0,0.33333334,0.84375,2,1,0,0.22222222,0.22222222,0.6666666,0.6,2,1,0,0.22222222,0.8235294,2,1,0,0.5830769,0.74,0.46923077,0.7218182,1,2,2,1,0,0,0,0,1,1,1,0,0,1
metronidazole,mɛtɹənɪdɐzoʊl,metɾonidasole,metro iv,mɛtɹoʊ ɹoʊmən foːɹ,metɾoʔiv,0,0.3846154,0.64102566,1,0,6,0.3846154,0.0,0.46153843,0.4285714,2,0,5,0.3846154,0.65,1,0,6,0.64175826,0.47088608,0.5538462,0.46962026,5,5,0,3,3,2,3,0,0,1,0,0,0,1
unipres,juːnɪpɚz,ʔunipɾes,uniretic,juːnɪɹɛɾɪk,ʔuniɾetik,0,0.5,0.76666665,1,2,1,0.375,0.0,0.5,0.25,1,2,1,0.375,0.73333335,1,2,1,0.59272724,0.7181818,0.59272724,0.71090907,1,3,0,0,1,1,1,1,1,1,0,0,1,0
intuniv,ɪntuːnɪv,ʔintuniv,invega,ɪnviːgə,ʔinvega,1,0.2857143,0.6923077,4,0,1,0.2857143,0.0,0.28571427,0.25,4,0,1,0.2857143,0.6153846,4,0,1,0.6,0.658,0.53023255,0.554,1,2,0,1,0,0,0,1,1,1,0,0,2,1
ribavirin,ɹɪbɐvɪɹɪn,ɾibaviɾin,riboflavin,ɹɪbəflævɪn,ɾiboflavjn,1,0.6,0.81578946,4,1,0,0.3,0.2,0.5,0.5,4,1,0,0.3,0.7631579,4,1,0,0.783871,0.6515625,0.7516129,0.5203125,1,3,2,1,0,0,0,0,0,1,1,0,0,1
metadate cd,mɛɾədeɪt siːdiː,metadatekd,metadate er,mɛɾədeɪt ɜː,metadateʔeɾ,1,0.8181818,0.8974359,2,0,0,0.8181818,0.0,0.8181818,0.71428573,2,0,0,0.8181818,0.9,2,0,0,0.74027777,0.7835821,0.72083336,0.7776119,0,9,0,1,1,1,1,0,1,1,0,0,0,1
myleran,maɪlɚɹən,mjleɾan,pylera,paɪlɚɹə,pjleɾa,0,0.5714286,0.84615386,1,0,1,0.71428573,0.0,0.71428573,0.6,1,0,1,0.0,0.84615386,1,0,1,0.75,0.73333335,0.75,0.73333335,1,0,0,1,0,0,0,1,1,0,0,0,0,1
mitomycin,maɪɾəmaɪsɪn,mitomjsjn,mitoxantrone,maɪɾəksæntɹoʊn,mitoksantɾone,1,0.33333334,0.71428573,4,3,0,0.33333334,0.0,0.4166667,0.4285714,4,3,0,0.33333334,0.6904762,4,3,0,0.55581397,0.46419752,0.5046512,0.46419752,3,4,0,1,2,0,2,0,1,1,1,0,0,0
antivert,æntɪvɜːt,ʔantiveɾt,axert,æksɚt,ʔakseɾt,1,0.375,0.6923077,1,0,3,0.375,0.375,0.5,0.39999998,1,0,3,0.125,0.6923077,1,0,3,0.49302325,0.6526316,0.48372093,0.645614,3,1,3,2,1,1,1,0,0,1,1,0,0,0
ditropan,dɪtɹəpæn,ditɾopan,zioptan,zɪɑːptən,zioptan,0,0.25,0.7241379,1,1,2,0.25,0.25,0.5,0.19999999,1,1,2,0.0,0.73333335,1,1,2,0.632,0.626,0.518,0.626,1,0,2,1,1,0,0,1,1,0,1,0,0,0
cefazolin,sɛfɐzɑːlɪn,kʔefasolin,ceftazidime,sɛftɐzɪdaɪm,keftasidime,1,0.36363637,0.8,3,2,0,0.27272728,0.0,0.5454545,0.5,3,2,0,0.27272728,0.78947365,3,2,0,0.7328358,0.6671642,0.6134328,0.65820897,2,3,0,1,1,0,1,0,0,1,0,0,0,1
klonopin,klɑːnəpɪn,klonopin,oncovin,ɑːŋkəvɪn,ʔonkovjn,0,0.25,0.76666665,1,1,2,0.25,0.25,0.5,0.19999999,1,1,2,0.0,0.73333335,1,1,2,0.582,0.44423077,0.574,0.44423077,1,0,2,1,0,0,0,1,1,0,1,0,0,1
clozaril,klɑːzɑːɹɹəl,klosaɾil,colazal,kɑːlæzəl,kolasal,1,0.25,0.76666665,3,0,1,0.25,0.125,0.5,0.8,3,0,1,0.125,0.7241379,3,0,1,0.5859649,0.654,0.49298245,0.566,1,1,1,1,0,0,0,1,1,1,1,0,0,1
babybig,beɪbɪbɪg,babjbig,hbig,eɪtʃbɪg,hbig,1,0.2857143,0.6818182,1,0,3,0.42857143,0.42857143,0.4285714,0.39999998,1,0,3,0.0,0.6363636,1,0,3,0.62083334,0.42222223,0.62916666,0.42222223,3,0,3,2,1,2,1,0,1,0,1,0,0,1
lanorinal,lænoːɹɪnəl,lanoɾinal,norinyl,noːɹɪnaɪl,noɾinjl,0,0.44444445,0.84375,1,0,2,0.5555556,0.11111111,0.6666666,0.6,1,0,2,0.0,0.8125,1,0,2,0.8127273,0.63272727,0.72545457,0.63272727,2,0,1,0,2,1,2,0,1,0,1,0,0,1
foradil,fɔːɹɐdɪl,foɾadil,tofranil,tɑːfɹɐnɪl,tofɾanil,0,0.25,0.8,2,1,0,0.25,0.25,0.625,0.6,2,1,0,0.0,0.82142854,2,1,0,0.686,0.698,0.64,0.706,1,0,2,1,0,0,0,1,1,0,1,0,0,1
bacitracin zinc and polymyxin b sulfate,bæsɪtɹæsɪn zɪŋk ænd pɑːlɪmɪksɪn biː sʌlfeɪt,bakitɾasjnzkʔandpoljmjksinbsulfate,bacitracin zinc neomycin sulfate polymyxin b sulfate,bæsɪtɹæsɪn zɪŋk niːoʊmaɪsɪn sʌlfeɪt pɑːlɪmɪksɪn biː sʌlfeɪt,bakitɾasjnzkneomjsjnsulfatepoljmjksinbsulfate,0,0.6730769,0.8427673,2,12,0,0.3846154,0.3846154,0.71153843,0.75,2,13,0,0.30769232,0.825,2,12,0,0.65424836,0.65467125,0.6493464,0.6256055,13,16,20,7,4,5,5,0,1,1,1,0,0,1
ritalin,ɹɪɾɐlɪn,ɾitalin,ritodrine,ɹɪɾədɹiːn,ɾitodɾine,1,0.44444445,0.8125,2,2,0,0.33333334,0.0,0.5555556,0.6,2,2,0,0.33333334,0.7419355,2,2,0,0.778,0.68545455,0.718,0.59818184,2,3,0,1,1,0,1,0,0,1,1,0,0,1
adacel,ɐdeɪsəl,ʔadakel,daptacel,dæpteɪsəl,daptakel,1,0.5,0.82142854,1,2,0,0.5,0.5,0.625,0.6,1,2,0,0.0,0.78571427,1,2,0,0.72,0.696,0.64,0.704,2,0,4,2,0,0,0,1,1,0,1,0,0,0
tanzeum,tænziːəm,tansjum,trulicity,tɹuːlɪsɪɾi,tɾuljsitj,1,0.11111111,0.5806452,6,2,0,0.11111111,0.0,0.111111104,0.16666669,6,2,0,0.11111111,0.516129,6,2,0,0.36727273,0.3559322,0.3272727,0.27118647,2,1,0,2,1,1,0,0,0,1,0,0,1,0
migalastat,mɪgɐlæstæt,migalastat,miglustat,mɪgləstæt,miglustat,1,0.6,0.92105263,1,0,1,0.4,0.4,0.8,1.0,1,0,1,0.3,0.8947368,1,0,1,0.88387096,0.87419355,0.83548385,0.8129032,1,3,4,0,1,1,1,0,0,1,1,0,0,1
dalvance,dælvəns,dalvejnkeʔ,glucovance,gluːkɑːvəns,glukovankeʔ,0,0.4,0.75,3,2,0,0.5,0.5,0.5,0.6666666,3,2,0,0.0,0.7222222,3,2,0,0.5719298,0.6115942,0.51929826,0.5797101,2,0,5,1,1,1,1,0,0,0,1,0,0,0
valacyclovir,vælɐsaɪkləvɪɹ,valasikelovjɾ,valganciclovir,vælgɐnsɪkləvɪɹ,valgansjslovjɾ,1,0.5714286,0.90384614,1,2,0,0.42857143,0.42857143,0.78571427,0.6666666,1,2,0,0.21428572,0.88461536,1,2,0,0.81704545,0.625,0.77272725,0.625,2,3,6,1,1,0,1,0,1,1,1,0,0,1
bicitra,baɪsɪtɹə,bjsitɾa,polycitra,pɑːlɪsɪtɹə,poljsitɾa,1,0.44444445,0.8125,2,2,0,0.5555556,0.5555556,0.5555556,0.5,2,2,0,0.0,0.78125,2,2,0,0.8109091,0.7157895,0.81454545,0.7157895,2,0,5,2,0,1,0,0,1,0,1,0,0,1
darbid,dɑːɹbɪd,daɾbid,varubi,vɑːɹɹuːbaɪ,vaɾubi,0,0.33333334,0.75,1,1,1,0.33333334,0.0,0.5,0.5,1,1,1,0.0,0.75,1,1,1,0.6375,0.7026316,0.59166664,0.7131579,0,0,0,1,1,1,1,0,0,0,0,0,0,0
humalog,hjuːmɐlɑːg,humalog,novolog,nɑːvəlɑːg,novolog,1,0.2857143,0.7777778,4,0,0,0.42857143,0.42857143,0.4285714,0.5,4,0,0,0.0,0.75,4,0,0,0.594,0.68139535,0.52,0.54651165,0,0,3,0,0,0,0,0,0,0,1,0,0,1
orgaran,ɔːɹgæɹən,ʔoɾgaɾan,orgatrax,ɔːɹgɐtɹæks,ʔoɾgatɾaks,0,0.625,0.8666667,1,1,0,0.5,0.0,0.75,0.6,1,1,0,0.5,0.8666667,1,1,0,0.58947366,0.640625,0.44912282,0.640625,1,4,0,1,0,0,0,0,1,1,0,0,0,1
pyridoxine,pɪɹɪdɑːksaɪn,pjɾidoksʔineʔ,pyocidin,paɪəsɪdɪn,pjosidin,0,0.4,0.7428571,1,1,3,0.2,0.0,0.5,0.6666666,1,1,3,0.2,0.7222222,1,1,3,0.64776117,0.49036145,0.4238806,0.45180723,2,2,0,1,1,1,1,0,0,1,1,0,0,1
sertraline,sɜːtɹəlaɪn,seɾtɾaline,deltalin,dɛltɐlɪn,deltalin,0,0.3,0.8055556,2,0,2,0.4,0.0,0.6,0.5,2,0,2,0.0,0.7647059,2,0,2,0.69454545,0.6935484,0.58,0.6870968,2,0,0,1,1,0,1,0,0,0,1,0,0,1
zonegran,zoʊŋgɹən,zonegɾan,zonalon,zoʊnælən,zonalon,0,0.375,0.8333333,3,0,1,0.375,0.125,0.5,0.6,3,0,1,0.375,0.73333335,3,0,1,0.7,0.754,0.692,0.554,1,3,1,1,0,0,0,0,0,1,1,0,0,0
aciphex,ɐsɪfɛks,ʔasipʤks,adipex p,ædaɪpɛks piː,ʔadipeksp,0,0.375,0.7777778,1,1,1,0.25,0.0,0.5,0.19999999,1,2,1,0.125,0.78571427,1,1,1,0.6716667,0.6894737,0.535,0.6894737,1,1,0,0,0,0,0,0,1,1,0,0,1,0
ammonium chloride in plastic container,æmoʊniəm kloːɹaɪd ɪn plæstɪk kənteɪnɚ,ʔammonjumʧloɾideʔinplastikkontaʔineɾ,theophylline and dextrose 5 in plastic container,θiːəfɪlaɪn ænd dɛkstɹoʊz faɪv ɪn plæstɪk kənteɪnɚ,theophjllineʔanddekstɾose5ʔinplastikkontaʔineɾ,0,0.45833334,0.7941176,13,7,0,0.4375,0.4375,0.5416666,0.5151515,12,10,0,0.0,0.77397263,12,7,0,0.64341086,0.61333334,0.61550385,0.6049123,10,0,21,6,1,0,1,0,1,0,1,0,0,1
clonazepam,klɑːneɪzpæm,klonasepam,lorazepam,loːɹeɪzpæm,loɾasepam,1,0.6,0.8947368,1,0,1,0.6,0.6,0.8,0.6666666,1,0,1,0.0,0.8947368,1,0,1,0.7516129,0.766129,0.66451615,0.7596774,1,0,6,1,0,0,0,1,1,0,1,0,0,1
avinza,ævɪnzə,ʔavsa,evista,ɪvɪstə,ʔevista,1,0.16666667,0.7916667,3,0,0,0.33333334,0.16666667,0.5,0.3333333,3,0,0,0.0,0.75,3,0,0,0.74722224,0.68604654,0.725,0.55581397,0,0,1,0,0,0,0,0,1,0,1,0,0,0
acetated ringer s in plastic container,æsɪteɪɾɪd ɹɪŋɚɹ ɛs ɪn plæstɪk kənteɪnɚ,ʔaketatedɾiŋeɾsʔinplastikkontaʔineɾ,perikabiven in plastic container,pɛɹɪkæbɪvən ɪn plæstɪk kənteɪnɚ,peɾikabivenʔinplastikkontaʔineɾ,0,0.55263156,0.81666666,8,0,4,0.55263156,0.55263156,0.6315789,0.6,8,0,6,0.0,0.8145161,8,0,4,0.73532337,0.7502283,0.718408,0.7146119,6,0,21,3,1,1,1,0,1,0,1,0,0,1
activase,æktɪveɪs,ʔaktivase,cathflo activase,kæθfloʊ æktɪveɪs,katfloʔʔaktivase,1,0.4375,0.71111107,0,7,0,0.5,0.5,0.5,0.39999998,0,8,0,0.0,0.6956522,0,7,0,0.54065937,0.57,0.54065937,0.57,8,0,8,5,2,2,2,0,1,0,1,0,0,1
hydrochlorothiazide,haɪdɹəkloːɹoʊθɪeɪzaɪd,hjdɾoʧloɾothiʔazide,reserpine and hydrochlorothiazide 50,ɹɪsɜːpaɪn ænd haɪdɹəkloːɹoʊθɪeɪzaɪd fɪfti,ɾeseɾpineʔandhjdɾoʧloɾothiʔazide50,0,0.5,0.75268817,0,12,0,0.5277778,0.0,0.5277778,0.5,0,17,0,0.0,0.76,0,12,0,0.5462963,0.595,0.5462963,0.595,17,0,0,7,5,7,5,0,0,0,0,0,1,1
cabenuva,keɪbnuːvə,kabenuva,abreva,ɐbɹɛvə,ʔabɾeva,0,0.25,0.75,2,0,2,0.25,0.25,0.5,0.5,2,0,2,0.0,0.71428573,2,0,2,0.6020833,0.59791666,0.43333334,0.56875,2,0,2,1,1,1,1,0,0,0,0,0,1,0
depocyt,dɪpɑːsɪt,depokjt,duvyzat,dʌvɪzæt,duvjsat,0,0.14285715,0.82142854,5,0,0,0.14285715,0.14285715,0.28571427,0.39999998,5,0,0,0.14285715,0.6296296,5,0,0,0.89302325,0.53333336,0.7767442,0.51111114,0,1,1,0,0,0,0,0,1,1,1,0,1,0
haloperidol intensol,heɪloʊpɹɪdɑːl ɪntɛnsɑːl,halopeɾidolʔintensol,prednisone intensol,pɹɪdnɪsoʊn ɪntɛnsɑːl,pɾednisoneʔintensol,0,0.4,0.7638889,7,1,2,0.45,0.45,0.5,0.5833334,7,1,2,0.0,0.72602737,7,1,2,0.6319672,0.70080644,0.5885246,0.6879032,1,0,9,0,1,2,1,0,1,0,1,0,0,1
miglustat,mɪgləstæt,miglustat,monistat,mɑːnɪstæt,monistat,0,0.44444445,0.8235294,3,0,1,0.44444445,0.44444445,0.5555556,0.6666666,3,0,1,0.11111111,0.7941176,3,0,1,0.72982454,0.70877194,0.5824561,0.68421054,1,1,4,1,0,0,0,0,0,1,1,0,0,1
provera,pɹɑːvɚɹə,pɾoveɾa,prozac,pɹɑːzæk,pɾosak,1,0.42857143,0.7307692,3,0,1,0.42857143,0.0,0.4285714,0.5,3,0,1,0.42857143,0.6923077,3,0,1,0.6511628,0.69069767,0.6511628,0.5860465,1,3,0,0,1,1,1,0,0,1,0,0,1,0
clindesse,klɪndɛs,klindesse,clindets,klɪndɪts,klindeʧ,1,0.6666667,0.8787879,1,0,1,0.6666667,0.0,0.7777778,0.8333333,1,0,1,0.6666667,0.875,1,0,1,0.8730769,0.77894735,0.86538464,0.77894735,1,6,0,0,1,0,1,1,1,1,1,0,0,1
methimazole,mɛθɪmæzoʊl,methimasole,betimol,bɪtɪmɑːl,betimol,0,0.27272728,0.71428573,1,0,4,0.18181819,0.0,0.5454545,0.5,1,0,4,0.0,0.7222222,1,0,4,0.57,0.49253732,0.45833334,0.49253732,4,0,0,2,2,1,2,0,0,0,1,0,1,0
estratest,ɛstɹeɪtɪst,ʔestɾatest,strattera,stɹæɾɚɹə,stɾatteɾa,0,0.5555556,0.8,2,1,1,0.5555556,0.0,0.5555556,0.6666666,2,1,1,0.0,0.8,2,1,1,0.59354836,0.6875,0.58709675,0.6875,0,0,0,0,0,0,0,0,1,0,0,0,0,1
dabigatran,dæbɪgætɹæn,dabigatɾan,vigabatrin,vɪgɐbætɹɪn,vigabatɾin,1,0.4,0.775,6,0,0,0.3,0.1,0.39999998,0.5,6,0,0,0.0,0.7,6,0,0,0.8548387,0.85967743,0.78064513,0.66290325,0,0,1,0,0,0,0,0,1,0,1,0,0,1
tromethamine,tɹoʊmθɐmiːn,tɾomethamine,trophamine,tɹɑːfɐmiːn,tɾophamine,1,0.6666667,0.85714287,1,0,2,0.5,0.5,0.75,0.71428573,1,0,2,0.25,0.8636364,1,0,2,0.7870968,0.7675676,0.6483871,0.772973,2,3,6,1,1,1,1,0,0,1,1,0,0,1
tecvayli,tɛkveɪli,tekvajliʔ,zevalin,zɛvɐlɪn,zevalin,0,0.25,0.7586207,1,1,2,0.25,0.0,0.5,0.19999999,1,1,2,0.0,0.71428573,1,1,2,0.68958336,0.53157896,0.47708333,0.5245614,1,0,0,1,0,0,0,0,1,0,0,0,0,1
hydralazine,haɪdɹɐlæziːn,hjdɾalasʔineʔ,hydroxyzine,haɪdɹɑːksɪziːn,hjdɾoksjzine,1,0.6363636,0.9047619,3,0,0,0.36363637,0.36363637,0.72727275,0.75,3,0,0,0.36363637,0.8636364,3,0,0,0.8,0.61445785,0.8,0.5566265,0,4,4,1,1,0,1,0,0,1,1,0,0,1
humalog,hjuːmɐlɑːg,humalog,humulin,hjuːmjʊlɪn,humulin,1,0.42857143,0.84615386,3,0,0,0.42857143,0.0,0.57142854,0.75,3,0,0,0.42857143,0.7777778,3,0,0,0.72105265,0.82325584,0.5385965,0.7023256,0,3,0,0,0,0,0,0,0,1,0,0,0,1
bio t gel,baɪoʊ tiː dʒɛl,biotgel,t gel,tiː dʒɛl,tgel,1,0.44444445,0.7619048,0,0,3,0.5555556,0.5555556,0.5555556,0.6666666,0,0,4,0.0,0.72727275,0,0,3,0.5846154,0.60465115,0.5846154,0.60465115,4,0,5,1,1,2,2,0,0,0,1,0,0,1
cefoxitin,sɛfəksɪtɪn,kefoksitin,capecitabine,keɪpsɪtæbaɪn,kapesitabine,0,0.25,0.7380952,4,3,0,0.16666667,0.0,0.4166667,0.5,4,3,0,0.083333336,0.6666666,4,3,0,0.70416665,0.6958333,0.6027778,0.5777778,3,1,0,1,2,1,2,0,0,0,1,0,0,1
tresiba,tɹɛzɪbə,tɾesiba,trusopt,tɹuːsɑːpt,tɾusopt,0,0.2857143,0.82142854,4,0,0,0.2857143,0.0,0.4285714,0.6,4,0,0,0.2857143,0.71428573,4,0,0,0.77555555,0.7866667,0.64666665,0.74666667,0,2,0,1,1,1,1,0,0,1,0,0,1,0
ketalar,kɛɾælɚ,ketalaɾ,ketorolac,kɛɾoːɹɑːlæk,ketoɾolak,1,0.44444445,0.78125,2,2,0,0.33333334,0.0,0.5555556,0.6,2,2,0,0.33333334,0.75,2,2,0,0.56363636,0.6618182,0.5272727,0.48909092,2,3,0,1,1,1,1,0,0,1,0,0,0,1
wellbutrin sr,wɛlbjuːtɹɪn ɛsɑːɹ,welbutɾinsɾ,wellbutrin xl,wɛlbjuːtɹɪn ɛksɛl,welbutɾinksl,1,0.84615386,0.95454544,2,0,0,0.84615386,0.0,0.84615386,0.8,2,0,0,0.84615386,0.9130435,2,0,0,0.88526314,0.85897434,0.8326316,0.85897434,0,11,0,0,0,0,0,1,1,1,0,0,0,1
docetaxel,doʊstæksəl,doketaksel,cetraxal,sɛtɹæksəl,ketɾaksal,0,0.33333334,0.7941176,1,1,2,0.33333334,0.11111111,0.5555556,0.6,1,1,2,0.0,0.7647059,1,1,2,0.78064513,0.7741935,0.7612904,0.6903226,1,0,1,0,1,1,1,0,1,0,1,0,0,1
brilinta,bɹɪlɪntə,bɾilinta,briellyn,bɹiːlɪn,bɾieljn,0,0.375,0.76666665,1,2,2,0.375,0.0,0.375,0.5,5,0,0,0.375,0.6896552,5,0,0,0.758,0.636,0.738,0.616,0,3,0,1,2,0,1,0,1,1,0,0,1,0
acebutolol hydrochloride,ɐsɛbjuːtɑːlɑːl haɪdɹəkloːɹaɪd,ʔakebutololhjdɾoʧloɾide,proparacaine hydrochloride,pɹəpæɹɐkeɪn haɪdɹəkloːɹaɪd,pɾopaɾakaʔineʔhjdɾoʧloɾide,0,0.53846157,0.8043478,10,2,0,0.53846157,0.53846157,0.53846157,0.625,10,2,0,0.0,0.7604167,10,2,0,0.7589041,0.61975306,0.690411,0.5648148,2,0,14,1,0,0,1,0,1,0,1,0,0,1
methazolamide,mɛθeɪzɑːlɐmaɪd,methasolamide,metozolv odt,mɛɾəzɑːlv ɑːt,metosolvʔodt,0,0.3846154,0.8043478,4,0,2,0.23076923,0.0,0.53846157,0.5,5,0,1,0.23076923,0.75,4,0,2,0.6844156,0.62658226,0.561039,0.55316454,1,3,0,0,2,1,2,0,0,1,0,0,0,1
saquinavir,sækwɪnævɪɹ,sakinavjɾ,saquinavir mesylate,sækwɪnævɪɹ mɛsɪleɪt,sakinavjɾmesjlate,1,0.5263158,0.7037037,0,8,0,0.5263158,0.0,0.5263158,0.45454544,0,9,0,0.5263158,0.71428573,0,8,0,0.56363636,0.53271025,0.56363636,0.53271025,9,10,0,5,3,3,3,0,0,1,0,0,0,1
medroxyprogesterone,mɛdɹəksɪpɹoʊdʒstɚɹoʊn,medɾoksjpɾogesteɾone,methylprednisolone,mɛθəlpɹɛdnɪsɑːloʊn,methjlpɾednisolone,1,0.2631579,0.75342464,9,1,2,0.15789473,0.15789473,0.36842108,0.3333333,11,0,1,0.10526316,0.6756757,11,0,1,0.56564885,0.64285713,0.5244275,0.62857145,1,2,3,0,1,1,1,0,0,1,1,0,0,1
leucovorin calcium,luːkəvoːɹɪn kælsiəm,leukovʔoɾinkalsjum,leukeran,luːkɚɹən,leukeɾan,1,0.16666667,0.5744681,3,0,9,0.16666667,0.0,0.2777778,0.3,3,0,10,0.16666667,0.53999996,3,0,9,0.37653062,0.36785713,0.33979592,0.33035713,10,3,0,5,3,4,4,0,1,1,0,0,0,1
procanbid,pɹɑːkɐnbɪd,pɾokanbid,praxbind,pɹæksbaɪnd,pɾaksbind,0,0.33333334,0.7647059,1,1,2,0.22222222,0.11111111,0.5555556,0.5,1,1,2,0.22222222,0.7647059,1,1,2,0.671875,0.6898305,0.5265625,0.60169494,1,2,1,0,1,1,1,0,1,1,1,0,0,0
lorazepam,loːɹeɪzpæm,loɾasepam,lovaza,lʌvɑːzə,lovasa,1,0.33333334,0.73333335,1,0,3,0.22222222,0.0,0.5555556,0.39999998,1,0,3,0.22222222,0.73333335,1,0,3,0.5763636,0.6036364,0.37454545,0.53090906,3,2,0,2,1,1,1,0,0,1,0,0,1,0
pazopanib,pæzəpænɪb,pasopanib,ponatinib,pɑːnɐtɪnɪb,ponatinib,1,0.33333334,0.8055556,5,0,0,0.33333334,0.33333334,0.44444442,0.6,5,0,0,0.11111111,0.7222222,5,0,0,0.8690909,0.8309091,0.7418182,0.58,0,1,3,0,0,0,0,0,0,1,1,0,0,1
precare,pɹɪkɛɹ,pɾekaɾe,predair,pɹɪdɛɹ,pɾedajɾ,0,0.42857143,0.8148148,1,1,1,0.42857143,0.0,0.57142854,0.75,3,0,0,0.42857143,0.78571427,3,0,0,0.92105263,0.78444445,0.91052634,0.77555555,0,3,0,0,1,1,0,0,1,1,1,0,0,1
ceftazidime,sɛftɐzɪdaɪm,keftasidime,tazidime,tæzɪdaɪm,tasidime,0,0.6363636,0.84210527,0,0,3,0.72727275,0.72727275,0.72727275,0.6666666,0,0,3,0.0,0.8378378,0,0,3,0.71343285,0.7164179,0.6402985,0.71791047,3,0,8,2,1,1,1,0,1,0,1,0,0,1
triavil 2 25,tɹaɪævəl tuː twɛnti faɪv,tɾiʔavjl225,triavil 4 10,tɹaɪævəl foːɹ tɛn,tɾiʔavjl410,0,0.6666667,1.0,0,0,0,0.6666667,0.0,0.75,0.6666666,3,0,0,0.6666667,1.0,0,0,0,0.59590167,1.0,0.5909836,1.0,0,8,0,0,0,0,0,1,1,1,1,1,0,1
aldara,ɔːldɑːɹɹə,ʔaldaɾaʔ,alora,ɐloːɹə,ʔaloɾa,1,0.5,0.8636364,1,0,1,0.33333334,0.33333334,0.6666666,0.6666666,1,0,1,0.33333334,0.8181818,1,0,1,0.6511628,0.664,0.4604651,0.568,1,2,2,1,0,0,0,0,0,0,1,0,2,1
methylene blue,mɛθɪliːn bluː,methjleneblue,visionblue,vɪʒənbluː,visjonblue,1,0.21428572,0.71428573,5,0,3,0.2857143,0.2857143,0.35714287,0.3333333,5,0,4,0.0,0.673913,5,0,3,0.6951613,0.6,0.66290325,0.58271605,4,0,4,3,1,1,0,0,1,0,1,0,0,1
varivax,vɑːɹɹɪvæks,vaɾivejks,vzig,viːzɪg,vzig,1,0.14285715,0.5454545,2,0,3,0.14285715,0.0,0.28571427,0.25,2,0,3,0.14285715,0.5454545,2,0,3,0.4508772,0.3105263,0.43333334,0.3105263,3,1,0,1,2,2,2,0,1,1,0,0,0,1
mitomycin,maɪɾəmaɪsɪn,mitomjsjn,seromycin,sɛɹəmaɪsɪn,seɾomjsjn,0,0.5555556,0.8611111,3,0,0,0.6666667,0.6666667,0.6666666,0.6666666,3,0,0,0.0,0.8333333,3,0,0,0.83692306,0.80508476,0.80615383,0.7813559,0,0,6,0,0,0,0,0,1,0,1,0,0,1
doxil,dɑːksɪl,doksil,noxafil,nɑːksɐfɪl,noksafil,0,0.2857143,0.75,1,2,0,0.2857143,0.2857143,0.57142854,0.5,1,2,0,0.0,0.72727275,1,2,0,0.6,0.6,0.6,0.6,2,0,2,1,1,1,1,0,0,0,1,0,0,0
triavil 4 10,tɹaɪævəl foːɹ tɛn,tɾiʔavjl410,triavil 4 25,tɹaɪævəl foːɹ twɛnti faɪv,tɾiʔavjl425,0,0.8333333,1.0,0,0,0,0.8333333,0.0,0.8333333,0.7777778,2,0,0,0.8333333,1.0,0,0,0,0.6511628,1.0,0.6511628,1.0,0,10,0,0,0,0,0,1,1,1,1,1,0,1
lithium,lɪθiəm,lithiʔum,ultram,ʌltɹæm,ʔultɾam,1,0.0,0.6666666,4,0,1,0.14285715,0.14285715,0.28571427,0.75,4,0,1,0.0,0.64,4,0,1,0.5789474,0.36,0.48421052,0.276,1,0,1,0,0,1,1,0,0,0,1,0,0,0
apresoline,æpɹeɪɑːliːn,ʔapɾesoline,priscoline,pɹɪskəliːn,pɾiskoline,1,0.5,0.8974359,1,1,1,0.5,0.5,0.7,0.8333333,1,1,1,0.0,0.84210527,1,1,1,0.7140351,0.79850745,0.6789474,0.7835821,0,0,5,1,1,1,1,0,1,0,1,0,0,1
fomepizole,foʊmpɪzoʊl,fomepisole,omeprazole,oʊmpɹɐzoʊl,ʔomepɾasole,1,0.6,0.875,1,1,1,0.4,0.4,0.7,0.6,1,1,1,0.0,0.85,1,1,1,0.84833336,0.76119405,0.765,0.6985075,0,0,4,0,0,0,0,0,1,0,1,0,0,1
alfuzosin hydrochloride,ɐlfjuːzəsɪn haɪdɹəkloːɹaɪd,ʔalfusosinhjdɾoʧloɾide,lorcaserin hydrochloride,loːɹkɐsɚɹɪn haɪdɹəkloːɹaɪd,loɾkaseɾinhjdɾoʧloɾide,0,0.625,0.875,7,1,0,0.6666667,0.6666667,0.7083334,0.8125,4,2,1,0.0,0.8409091,4,2,1,0.83687943,0.8608696,0.7787234,0.8028985,1,0,16,1,0,0,0,0,1,0,1,0,0,1
tegretol,tɛgɹɪtɑːl,tegɾetol,tequin,tɛkwɪn,tekin,1,0.25,0.6296296,4,0,2,0.25,0.0,0.25,0.19999999,4,0,2,0.25,0.60714287,4,0,2,0.616,0.46,0.616,0.44,2,2,0,2,1,1,0,0,1,1,0,0,0,0
cefuroxime,sɛfjʊɹɹɑːksaɪm,kefuɾoksime,furoxone,fjʊɹɹəksoʊn,fuɾoksone,0,0.4,0.8333333,2,0,2,0.5,0.1,0.6,0.6,2,0,2,0.0,0.8055556,2,0,2,0.8160494,0.7910448,0.73703706,0.78208953,2,0,1,1,1,1,1,0,1,0,0,0,0,1
zelapar,zɛlɐpɑːɹ,zelapaɾ,zepatier,zɛpəɾiɚ,zepatjeɾ,0,0.375,0.79310346,3,1,0,0.25,0.125,0.5,0.5,3,1,0,0.25,0.73333335,3,1,0,0.61162794,0.632,0.5651163,0.536,1,2,1,0,0,1,1,0,1,1,1,0,0,1
volumen,vɑːljuːmɛn,volumen,vumon,vjuːmən,vumon,0,0.2857143,0.7916667,1,0,2,0.2857143,0.14285715,0.57142854,0.75,1,0,2,0.14285715,0.75,1,0,2,0.692,0.60930234,0.632,0.60930234,2,1,1,1,1,1,1,0,1,1,1,0,1,0
glycotrol,glaɪkətɹɑːl,glikeotɾol,glycoprep,glaɪkəpɹɛp,glikeopɾep,0,0.5555556,0.8611111,3,0,0,0.5555556,0.0,0.6666666,0.71428573,3,0,0,0.5555556,0.8333333,3,0,0,0.86129034,0.8548387,0.7935484,0.86129034,0,5,0,0,0,0,0,0,1,1,0,0,0,1
leukeran,luːkɚɹən,leukeɾan,levulan,lɛvjʊlæn,levulan,0,0.375,0.8275862,3,0,1,0.25,0.25,0.5,0.5,3,0,1,0.25,0.73333335,3,0,1,0.602,0.7416667,0.522,0.7,1,2,2,0,0,0,1,0,0,1,1,0,0,1
prandin,pɹændɪn,pɾandin,asendin,æsəndɪn,ʔasendin,0,0.42857143,0.82142854,3,0,0,0.5714286,0.5714286,0.57142854,0.6,3,0,0,0.0,0.78571427,3,0,0,0.76222223,0.7,0.69555557,0.596,0,0,4,1,1,1,1,0,0,0,1,0,0,0
humulin r u 100,hjuːmjʊlɪn ɑːɹ juː wʌnhʌndɹɪd,humulinɾʔu100,humulin r u 500,hjuːmjʊlɪn ɑːɹ juː faɪvhʌndɹɪd,humulinɾʔu500,1,0.8666667,1.0,0,0,0,0.8,0.13333334,0.93333334,0.9090909,1,0,0,0.8,1.0,0,0,0,0.9073333,1.0,0.886,1.0,0,12,2,0,0,0,0,1,1,1,1,1,0,1
myleran,maɪlɚɹən,mjleɾan,mylaxen,maɪlæksən,mjlaksen,0,0.42857143,0.85714287,3,0,0,0.42857143,0.14285715,0.57142854,0.8,3,0,0,0.42857143,0.78571427,3,0,0,0.7327273,0.7692308,0.7327273,0.5692308,0,3,1,0,0,0,0,0,0,1,1,0,0,1
mitoxantrone,maɪɾəksæntɹoʊn,mitoksantɾone,mtx patch,ɛmtiːɛks pætʃ,mtkspaʧ,1,0.083333336,0.625,4,0,4,0.083333336,0.0,0.25,0.5,6,0,3,0.083333336,0.625,4,0,4,0.4732558,0.3888889,0.37558138,0.38395062,3,1,0,0,4,3,4,0,0,1,0,0,0,1
oxaprozin,ɑːksɐpɹɑːzɪn,ʔoksapɾozin,oxcarbazepine,ɑːkskɑːɹbeɪzpaɪn,ʔokskaɾbasepine,1,0.23076923,0.7045455,3,4,0,0.15384616,0.0,0.46153843,0.57142854,3,4,0,0.15384616,0.6818182,3,4,0,0.59069765,0.5913978,0.4604651,0.5913978,4,2,0,2,2,1,2,0,0,1,1,0,0,1
razadyne,ɹæzɐdaɪn,ɾasadjne,rozerem,ɹoʊzɹəm,ɾozeɾem,1,0.125,0.73333335,5,0,1,0.125,0.0,0.25,0.39999998,5,0,1,0.125,0.6333333,5,0,1,0.68541664,0.596,0.5854167,0.396,1,1,0,1,0,0,0,0,0,1,0,0,1,0
valtrex,væltɹɛks,valtɾeks,halotex,heɪloʊtɛks,haloteks,0,0.2857143,0.7777778,3,0,0,0.2857143,0.2857143,0.57142854,0.6,3,0,0,0.0,0.78571427,3,0,0,0.565,0.65384614,0.565,0.65384614,0,0,2,1,1,1,1,0,0,0,1,0,0,0
abacavir dolutegravir lamivudine,æbɐkævɪɹ dɑːluːtɛgɹɐvɪɹ læmɪvjuːdiːn,ʔabakavjɾdolutegɾavjɾlamivudine,dolutegravir and lamivudine,dɑːluːtɛgɹɐvɪɹ ænd læmɪvjuːdiːn,dolutegɾavjɾʔandlamivudine,0,0.6875,0.79816514,0,3,8,0.40625,0.34375,0.59375,0.5555556,0,4,9,0.0,0.8,0,3,8,0.70652175,0.6632124,0.70652175,0.6632124,5,0,11,2,3,3,3,0,1,0,1,0,0,1
terbinafine,tɜːbɪnæfaɪn,teɾbinafine,terbutaline,tɜːbjuːɾəlaɪn,teɾbutaline,1,0.54545456,0.8863636,3,0,0,0.36363637,0.27272728,0.72727275,0.6666666,3,0,0,0.36363637,0.8604651,3,0,0,0.64626867,0.819403,0.58059704,0.819403,0,4,3,0,0,0,0,0,1,1,1,0,0,1
mefoxin in dextrose 5 in plastic container,mɛfəksɪn ɪn dɛkstɹoʊz faɪv ɪn plæstɪk kənteɪnɚ,mefoksinʔindekstɾose5ʔinplastikkontaʔineɾ,mefoxin in sodium chloride 09 in plastic container,mɛfəksɪn ɪn soʊdiəm kloːɹaɪd ziəɹoʊ naɪn ɪn plæstɪk kənteɪnɚ,mefoksinʔinsodjumʧloɾide09ʔinplastikkontaʔineɾ,0,0.66,0.8689655,5,6,0,0.42,0.42,0.72,0.72727275,6,8,0,0.22,0.8552632,5,6,0,0.6938511,0.82572466,0.6511327,0.8163043,8,11,21,3,2,4,3,0,1,1,1,0,0,1
freamine hbc 69,fɹiːmaɪn eɪtʃbiːsiː sɪksti naɪn,fɾeaminehbk69,freamine iii 85,fɹiːmaɪn ɹoʊmən θɹiː eɪɾi faɪv,fɾeamineʔiʔiiʔ85,0,0.6,0.8684211,3,0,0,0.6,0.0,0.6666666,0.5454545,5,0,0,0.6,0.85714287,3,0,0,0.6026144,0.6369048,0.5405229,0.6369048,0,9,0,3,1,1,3,0,0,1,0,0,0,1
jantoven,dʒæntoʊvən,ʤantoven,jeanatope,dʒiːnɐtoʊp,ʤeʔanatope,0,0.33333334,0.78787875,1,2,1,0.22222222,0.0,0.5555556,0.6,1,2,1,0.11111111,0.7647059,1,2,1,0.7274194,0.5683333,0.7112903,0.5683333,1,1,0,1,1,0,2,0,0,1,0,0,0,1
cometriq,kəmɛtɹɪk,kometɾik,myrbetriq,mɪəbɛtɹɪk,mjɾbetɾik,0,0.44444445,0.7941176,3,1,0,0.5555556,0.5555556,0.5555556,0.4285714,3,1,0,0.0,0.7647059,3,1,0,0.74363637,0.5762712,0.7090909,0.5762712,1,0,5,2,1,0,1,0,1,0,1,0,0,0
ado trastuzumab emtansine,ɐduː tɹæstuːzjuːmæb ɛmtænsaɪn,ʔadotɾastusumabʔemtansine,trastuzumab,tɹæstuːzjuːmæb,tɾastusumab,1,0.4,0.64705884,0,0,12,0.44,0.0,0.44,0.46666664,0,0,14,0.0,0.64705884,0,0,12,0.5135135,0.44516128,0.5135135,0.44516128,14,0,0,6,6,5,6,0,0,0,0,0,0,0
seroquel,sɛɹɑːkwəl,seɾokel,sarisol,sɑːɹɹɪsɑːl,saɾisol,0,0.125,0.79310346,4,0,1,0.125,0.125,0.375,0.75,4,0,1,0.125,0.6666666,4,0,1,0.772,0.88139534,0.532,0.7372093,1,1,1,0,0,0,1,0,1,1,1,0,0,1
penetrex,pɛnɪtɹɛks,penetɾeks,phenytex,fɛnaɪtɛks,phenjteks,0,0.375,0.8387097,1,1,1,0.25,0.25,0.625,0.5,1,1,1,0.125,0.8125,1,1,1,0.84210527,0.6322034,0.7736842,0.62711865,0,1,2,1,1,0,1,1,1,0,1,0,0,1
tiamate,tiːəmeɪt,tiʔamate,topiramate,tɑːpɚɹæmeɪt,topiɾamate,0,0.5,0.8181818,0,3,0,0.5,0.5,0.7,0.6,0,3,0,0.1,0.8235294,0,3,0,0.59,0.605,0.53,0.6116667,3,1,5,2,2,2,1,0,0,1,1,0,0,1
flavoxate,fleɪvəkseɪt,flavoksate,fluvoxamine,fluːvɑːksɐmiːn,fluvoksamine,1,0.45454547,0.825,2,2,0,0.36363637,0.09090909,0.6363636,0.6666666,2,2,0,0.18181819,0.8,2,2,0,0.79710144,0.7432432,0.65217394,0.68378377,2,2,1,1,1,1,1,0,0,1,0,0,0,1
captopril,kæptɑːpɹəl,kaptopɾil,xcopri,ɛkskɑːpɹi,kskopɾiʔ,0,0.33333334,0.6666666,2,0,3,0.44444445,0.0,0.44444442,0.3333333,2,0,3,0.0,0.6896552,2,0,3,0.66842103,0.67192984,0.6263158,0.6649123,3,0,0,2,1,1,1,0,0,0,0,0,0,0
neupogen,nuːpədʒən,neupogen,nebupent,nɛbjuːpənt,nebupent,0,0.5,0.7741935,3,1,1,0.25,0.0,0.5,0.39999998,0,2,2,0.25,0.75,0,2,2,0.6035088,0.78,0.55789477,0.74,0,2,0,1,0,0,1,0,1,1,0,0,0,1
comvax,kəmvæks,komvejks,recombivax hb,ɹiːkəmbɪvæks eɪtʃbiː,ɾekombivejkshb,1,0.30769232,0.6666666,0,6,0,0.23076923,0.0,0.46153843,0.44444442,0,7,0,0.0,0.6666666,0,6,0,0.3904762,0.53333336,0.3904762,0.53333336,7,0,0,4,2,2,2,0,0,0,0,0,0,1
axitinib,æksɪtɪnɪb,ʔaksitinib,tofacitinib,tɑːfɐsɪtɪnɪb,tofasjtinib,0,0.45454547,0.78947365,1,3,0,0.54545456,0.54545456,0.6363636,0.5,1,3,0,0.0,0.78947365,1,3,0,0.7208955,0.6,0.6522388,0.5768116,3,0,6,2,1,1,1,0,1,0,1,0,0,1
sumatriptan naproxen sodium,suːmɐtɹɪptən næpɹɑːksən soʊdiəm,sumatɾiptannapɾoksensodjum,sumatriptan succinate,suːmɐtɹɪptən səksɪneɪt,sumatɾiptansukjnate,0,0.4814815,0.77011496,8,0,5,0.44444445,0.0,0.4814815,0.5294118,8,0,6,0.44444445,0.71910113,8,0,5,0.6886228,0.6219512,0.65868264,0.59695125,6,12,0,3,1,3,2,0,1,1,0,0,0,1
nalbuphine,nælbəfiːn,nalbuphine,naloxone,næləksoʊn,naloksone,1,0.4,0.8,3,0,2,0.3,0.2,0.5,0.5,3,0,2,0.3,0.7222222,3,0,2,0.70181817,0.6935484,0.66545457,0.66129035,2,3,2,2,0,0,0,0,1,1,1,0,0,1
materna,mətɜːnə,mateɾna,matulane,mætʃəleɪn,matulaneʔ,1,0.375,0.8333333,3,1,0,0.375,0.0,0.5,0.75,3,1,0,0.375,0.73333335,3,1,0,0.51272726,0.68545455,0.44363636,0.5763636,1,3,0,0,1,0,1,0,0,1,0,0,0,0
oracea,oːɹeɪsiə,ʔoɾakea,orencia,ɔːɹɛnʃə,ʔoɾjsia,1,0.2857143,0.8333333,2,1,0,0.2857143,0.14285715,0.57142854,0.6666666,2,1,0,0.2857143,0.7692308,2,1,0,0.76666665,0.7162791,0.7051282,0.69302326,1,2,1,1,0,0,0,0,0,1,0,0,1,0
duragesic 100,dʊɹɹeɪdʒzɪk wʌnhʌndɹɪd,duɾejʤk100,duragesic 12,dʊɹɹeɪdʒzɪk twɛlv,duɾejʤk12,0,0.84615386,1.0,0,0,0,0.84615386,0.0,0.84615386,0.7777778,1,0,1,0.84615386,1.0,0,0,0,0.606015,1.0,0.6030075,1.0,1,11,0,0,0,0,0,1,1,1,1,1,2,1
tequin,tɛkwɪn,tekin,ticlid,tɪklɪd,tiklid,1,0.16666667,0.73913044,4,0,0,0.16666667,0.0,0.3333333,0.25,4,0,0,0.16666667,0.6521739,4,0,0,0.80789477,0.65789473,0.80789477,0.6315789,0,1,0,1,0,0,1,1,1,1,0,0,0,1
cefazolin,sɛfɐzɑːlɪn,kʔefasolin,cefoxitin,sɛfəksɪtɪn,kefoksitin,1,0.44444445,0.8611111,4,0,0,0.33333334,0.22222222,0.5555556,0.6,4,0,0,0.33333334,0.7714286,4,0,0,0.72096777,0.6919355,0.6016129,0.59193546,0,3,2,0,0,0,0,0,0,1,1,0,0,1
acetazolamide,æsɪtæzəlæmaɪd,ʔaketasolamide,acetohexamide,æsɪtoʊhɪksæmaɪd,ʔakʔeoʤksamide,1,0.61538464,0.88,4,0,0,0.3846154,0.3846154,0.6923077,0.6666666,4,0,0,0.30769232,0.84615386,4,0,0,0.70561796,0.66744184,0.6719101,0.6581395,0,4,5,0,0,0,0,0,1,1,1,0,0,1
selegiline,sɛlɪdʒɪliːn,selegiline,plegine,plɛdʒɪn,plegine,0,0.5,0.7647059,1,0,3,0.4,0.3,0.6,0.6,1,0,3,0.0,0.8125,1,0,3,0.58387095,0.57166666,0.58387095,0.57166666,3,0,3,1,2,2,2,0,1,0,1,0,0,0
amaryl,æmɑːɹɹɪl,ʔamaɾjl,avandaryl,ævɐndɑːɹɹɪl,ʔavandaɾjl,0,0.44444445,0.76666665,1,3,0,0.44444445,0.44444445,0.5555556,0.5,1,3,0,0.11111111,0.76666665,1,3,0,0.63870966,0.590625,0.58387095,0.596875,3,1,4,2,1,1,1,0,1,1,1,0,0,1
levemir,lɛvɪmɪɹ,levemiɾ,leqembi,lɛkɪmbaɪ,lekembiʔ,0,0.42857143,0.78571427,3,0,0,0.2857143,0.0,0.57142854,0.5,3,0,0,0.2857143,0.78571427,3,0,0,0.6375,0.574,0.55625,0.574,0,2,0,0,0,0,0,0,1,1,0,0,0,1
keflex,kɛflɛks,keflks,keflin,kɛflɪn,keflin,0,0.6666667,0.875,2,0,0,0.6666667,0.0,0.6666666,0.75,2,0,0,0.6666667,0.82608694,2,0,0,0.68666667,0.65,0.68666667,0.65,0,4,0,0,0,0,0,1,1,1,0,0,0,1
casodex,kæsoʊdɛks,kks,kapidex,kæpaɪdɛks,kapidjks,1,0.2857143,0.85714287,3,0,0,0.42857143,0.42857143,0.57142854,0.5,3,0,0,0.0,0.78571427,3,0,0,0.9236364,0.30769232,0.8363636,0.30769232,0,0,3,0,0,1,0,0,0,1,1,0,0,1
cycloserine,saɪkloʊzɹiːn,sikeloseɾine,cyclosporine,saɪkləspoːɹiːn,sikelospoɾine,1,0.75,0.9347826,1,1,0,0.5,0.33333334,0.8333333,0.875,1,1,0,0.5,0.9130435,1,1,0,0.78513515,0.8924051,0.70405406,0.8924051,1,6,4,1,0,0,0,0,0,1,1,0,0,1
orfadin,ɔːɹfɐdɪn,ʔoɾfadin,surfaxin,sɜːfɐksɪn,suɾfaksin,0,0.375,0.8333333,2,1,0,0.375,0.25,0.625,0.6,2,1,0,0.0,0.8,2,1,0,0.598,0.69298244,0.582,0.66140354,1,0,2,1,0,0,0,0,1,0,1,0,0,1
zavesca,zeɪvskə,zavka,alvesco,ælvɛskoʊ,ʔalvko,0,0.42857143,0.8076923,3,0,0,0.5714286,0.0,0.57142854,0.75,3,0,0,0.0,0.78571427,3,0,0,0.68958336,0.55789477,0.59791666,0.4473684,0,0,0,0,0,0,0,0,1,0,0,0,0,1
tobradex,tɑːbɹeɪdɛks,tobɾadeks,tobrex,tɑːbɹɛks,tobɾeks,1,0.625,0.85714287,0,0,2,0.5,0.25,0.75,0.8,0,0,2,0.5,0.85714287,0,0,2,0.6919355,0.71929824,0.6919355,0.71929824,2,4,2,1,1,1,1,0,0,1,1,0,0,0
benicar,bɪnɪkɑːɹ,benikaɾ,mevacor,mɛvækɚ,mevakoɾ,1,0.0,0.78571427,4,0,0,0.14285715,0.14285715,0.4285714,0.5,4,0,0,0.0,0.71428573,4,0,0,0.54186046,0.74186045,0.48604652,0.54186046,0,0,1,0,0,0,0,0,0,0,1,0,1,0
hydroxyurea,haɪdɹɑːksɪjuːɹiə,hjdɾoksjuɾea,ure na,jʊɹ nɑː,ʔuɾena,1,0.18181819,0.51724136,3,0,6,0.27272728,0.09090909,0.18181819,0.14285713,4,0,5,0.0,0.5,0,1,7,0.27857143,0.2631579,0.21428572,0.2631579,5,0,1,5,0,2,1,0,0,0,1,0,1,0
triavil 2 10,tɹaɪævəl tuː tɛn,tɾiʔavjl210,triavil 2 25,tɹaɪævəl tuː twɛnti faɪv,tɾiʔavjl225,0,0.8333333,1.0,0,0,0,0.8333333,0.0,0.8333333,0.7777778,2,0,0,0.8333333,1.0,0,0,0,0.63114756,1.0,0.63114756,1.0,0,10,0,0,0,0,0,1,1,1,1,1,0,1
acetic acid for irrigation,ɐsiːɾɪk æsɪd fɔːɹ ɪɹɪgeɪʃən,ʔaketikʔasidfoɾʔiɾɾigatjon,glacial acetic acid,gleɪʃəl ɐsiːɾɪk æsɪd,glasialʔaketikʔasid,1,0.3846154,0.6103896,11,0,6,0.42307693,0.0,0.23076922,0.19999999,13,0,7,0.0,0.5875,11,0,6,0.5621212,0.4654321,0.4628788,0.45679012,7,0,0,3,3,2,3,0,1,0,0,0,1,1
infliximab,ɪnflɪksɪmæb,ʔinfliksimab,rituximab,ɹɪɾəksɪmæb,ɾituksimab,1,0.4,0.7631579,4,0,1,0.5,0.5,0.5,0.5,4,0,1,0.0,0.7837838,4,0,1,0.70434785,0.63026315,0.66086954,0.6355263,1,0,5,1,0,0,0,0,1,0,1,0,0,1
methylprednisolone,mɛθəlpɹɛdnɪsɑːloʊn,methjlpɾednisolone,methyltestosterone,mɛθəlɾɪstɑːstɚɹoʊn,methjltestosteɾone,1,0.44444445,0.8142857,6,1,1,0.33333334,0.16666667,0.5555556,0.5,6,1,1,0.33333334,0.7777778,6,1,1,0.7990476,0.8131579,0.6961905,0.8008772,0,6,3,0,0,1,0,0,0,1,1,0,0,1
precare,pɹɪkɛɹ,pɾekaɾe,propecia,pɹəpiːʃə,pɾopesia,0,0.375,0.7241379,2,2,1,0.25,0.0,0.375,0.5,2,2,1,0.25,0.6666666,2,2,1,0.7069768,0.7916667,0.60465115,0.62083334,1,2,0,0,0,2,1,0,1,1,0,0,1,0
solu cortef,sɑːluː kɔːɹɾɛf,solukoɾtef,solu medrol,sɑːluː mɛdɹɑːl,solumedɾol,1,0.45454547,0.75,6,0,0,0.45454547,0.0,0.45454544,0.4285714,6,0,0,0.45454547,0.7,6,0,0,0.67419356,0.61129034,0.58709675,0.5983871,0,5,0,0,0,1,0,0,1,1,0,0,0,1
zonegran,zoʊŋgɹən,zonegɾan,neggram,nɛgɹæm,neggɾam,0,0.5,0.79310346,1,1,2,0.375,0.0,0.5,0.39999998,1,1,2,0.0,0.79310346,1,1,2,0.59,0.776,0.53,0.784,1,0,0,0,1,1,1,0,1,0,0,0,0,1
bextra,bɛkstɹə,bekstɾa,zetia,zɛʃə,zetia,1,0.0,0.71428573,2,0,1,0.16666667,0.16666667,0.5,0.25,2,0,1,0.0,0.72727275,2,0,1,0.36,0.44,0.3511111,0.3422222,1,0,1,2,0,0,1,0,1,0,0,0,0,1
hydrochlorothiazide,haɪdɹəkloːɹoʊθɪeɪzaɪd,hjdɾoʧloɾothiʔazide,irbesartan and hydrochlorothiazide,ɜːbɪsɑːɹtən ænd haɪdɹəkloːɹoʊθɪeɪzaɪd,ʔiɾbesaɾtanʔandhjdɾoʧloɾothiʔazide,0,0.5294118,0.7291666,0,13,0,0.5588235,0.5588235,0.5588235,0.5454545,0,15,0,0.0,0.745098,0,13,0,0.6145833,0.55607474,0.6145833,0.55607474,15,0,19,8,5,5,5,0,1,0,1,0,2,1
ogen 25,oʊdʒən twɛnti faɪv,ʔogen25,ogen 625,oʊdʒən sɪkshʌndɹɪd twɛnti faɪv,ʔogen625,0,0.75,1.0,0,0,0,0.625,0.25,0.875,0.8333333,0,1,0,0.625,1.0,0,0,0,0.50177515,1.0,0.48402366,1.0,1,5,2,0,0,0,0,1,1,1,1,1,0,1
metronidazole,mɛtɹənɪdɐzoʊl,metɾonidasole,ketoconazole,kɛɾəkɑːnɐzoʊl,ketokonasole,0,0.46153846,0.82,4,0,1,0.3846154,0.3846154,0.6153846,0.57142854,4,0,1,0.0,0.8,4,0,1,0.6481013,0.6481013,0.57974684,0.63037974,1,0,5,1,0,0,0,0,1,0,1,0,0,1
norlestrin 21 1 50,noːɹlɪstɹɪn twɛnti wʌn wʌn fɪfti,noɾlestɾin21150,norlestrin fe 25 50,noːɹlɪstɹɪn fiː twɛnti faɪv fɪfti,noɾlestɾinfe2550,0,0.7368421,0.9047619,0,2,0,0.57894737,0.15789473,0.78947365,0.73333335,3,1,0,0.57894737,0.9090909,0,2,0,0.80760235,0.84210527,0.7818713,0.84210527,1,11,3,1,1,1,1,0,1,1,1,0,0,1
testoderm,tɛstoʊdɜːm,testodeɾm,testoderm tts,tɛstoʊdɜːm tiːtiːɛs,testodeɾmtʧ,1,0.6923077,0.8780488,0,3,0,0.6923077,0.0,0.6923077,0.6,0,4,0,0.6923077,0.8780488,0,3,0,0.6043956,0.8028169,0.6043956,0.8028169,4,9,0,3,0,0,0,1,1,1,0,0,0,1
biaxin,baɪəksɪn,biʔaksin,niacin,naɪəsɪn,niasjn,0,0.33333334,0.8181818,2,0,0,0.33333334,0.33333334,0.6666666,0.3333333,2,0,0,0.0,0.8333333,2,0,0,0.71458334,0.412,0.72291666,0.42,0,0,2,0,0,0,0,1,1,0,1,0,0,1
corlopam,kɔːɹləpæm,koɾlopam,orlaam,ɔːɹlɑːm,ʔoɾlaʔam,0,0.375,0.8,1,0,2,0.375,0.25,0.625,0.6,1,0,2,0.0,0.78571427,1,0,2,0.536,0.76,0.496,0.664,2,0,2,2,1,1,0,0,1,0,1,0,0,0
vioxx,vaɪɑːks,vioksks,zyvox,zaɪvɑːks,zjvoks,1,0.2,0.6666666,2,1,1,0.4,0.2,0.19999999,0.25,4,0,0,0.0,0.6666666,2,1,1,0.772093,0.60444444,0.772093,0.5822222,0,0,1,1,0,0,1,1,1,0,1,0,2,1
optiray 160,ɑːptɚɹeɪ wʌnhʌndɹɪd sɪksti,ʔoptiɾaj160,optiray 240,ɑːptɚɹeɪ tuːhʌndɹɪd foːɹɾi,ʔoptiɾaj240,0,0.72727275,1.0,0,0,0,0.72727275,0.09090909,0.8181818,0.75,2,0,0,0.72727275,1.0,0,0,0,0.76153845,1.0,0.75454545,1.0,0,8,1,0,0,0,0,1,1,1,1,1,2,1
penicillin,pɛnɪsɪlɪn,penisillin,phrenilin,fɹɛnɪlɪn,phɾenilin,0,0.6,0.8108108,4,0,1,0.3,0.3,0.5,0.5,4,0,1,0.1,0.72727275,4,0,1,0.6381818,0.5967742,0.6381818,0.5967742,1,1,3,0,1,1,1,1,1,0,1,0,1,0
vinblastine,vɪnblɐstiːn,vinblastine,vincristine,vɪŋkɹɪstiːn,vkɾistine,1,0.6363636,0.9090909,3,0,0,0.45454547,0.45454547,0.72727275,0.71428573,3,0,0,0.27272728,0.8636364,3,0,0,0.8703125,0.6710145,0.7859375,0.6101449,0,3,5,0,0,0,0,0,0,1,1,0,0,1
xanax,zænæks,ksanaʔks,zantac,zæntæk,zantak,1,0.16666667,0.77272725,2,1,0,0.33333334,0.0,0.5,0.25,2,1,0,0.0,0.72727275,2,1,0,0.7631579,0.5,0.7631579,0.5,1,0,0,1,0,0,0,0,1,0,0,0,1,1
miostat,mɪɑːstæt,miostat,nilstat,nɪlstæt,nilstat,0,0.42857143,0.8888889,2,0,0,0.5714286,0.5714286,0.71428573,0.6,2,0,0,0.0,0.8888889,2,0,0,0.8111111,0.8,0.73777777,0.7866667,0,0,4,1,0,1,1,0,0,0,1,0,0,1
dobutamine,dəbjuːɾɐmiːn,dobutamine,dopamine,dɑːpɐmiːn,dopamine,1,0.6,0.8611111,1,0,2,0.5,0.5,0.7,0.6,1,0,2,0.2,0.8333333,1,0,2,0.57741934,0.76,0.5451613,0.75666666,2,2,5,1,1,1,1,0,1,1,1,0,0,1
avinza,ævɪnzə,ʔavsa,invanz,ɪnvænts,ʔinvans,1,0.33333334,0.75,2,1,1,0.33333334,0.0,0.3333333,0.75,2,1,1,0.0,0.6666666,2,1,1,0.6066667,0.5088889,0.5977778,0.42444444,0,0,0,1,1,1,1,0,1,0,0,0,0,1
flovent,flʌvɛnt,flavnt,beclovent,bɪkloʊvənt,beklavnt,0,0.5555556,0.8125,1,2,0,0.6666667,0.6666667,0.6666666,0.6666666,1,2,0,0.0,0.8125,1,2,0,0.67258066,0.68653846,0.62419355,0.68653846,2,0,6,1,1,1,1,0,1,0,1,0,2,1
risperdal,ɹɪspɜːdəl,ɾispeɾdal,ropinirole,ɹəpɪnɪɹoʊl,ɾopiniɾole,1,0.1,0.65789473,5,2,1,0.1,0.0,0.19999999,0.5,7,1,0,0.1,0.57894737,7,1,0,0.6,0.6,0.5,0.48666668,1,1,0,1,2,1,2,0,1,1,1,0,0,0
patanol,pætɐnɑːl,patanol,atenolol,eɪtnəlɑːl,ʔatenolol,0,0.375,0.76666665,1,2,1,0.375,0.25,0.5,0.5,1,2,1,0.0,0.73333335,1,2,1,0.63958335,0.6545454,0.59791666,0.56,1,0,2,0,1,1,1,0,0,0,1,0,0,1
amiodarone,æmɪɑːdɐɹoʊn,ʔamiodaɾone,didronel,dɪdɹoʊnəl,didɾonel,0,0.3,0.7428571,1,1,3,0.4,0.0,0.5,0.6,1,1,3,0.0,0.7222222,1,1,3,0.6465517,0.5692308,0.58965516,0.56,2,0,0,1,2,2,3,0,0,0,0,0,0,1
metadate er,mɛɾədeɪt ɜː,metadateʔeɾ,methadone,mɛθɐdoʊn,methadone,1,0.36363637,0.7777778,2,1,2,0.27272728,0.0,0.45454544,0.3333333,4,0,2,0.27272728,0.7368421,2,1,2,0.7188679,0.6,0.6811321,0.5283582,2,3,0,0,1,2,1,0,0,1,0,0,0,1
loxitane,lɑːksɪteɪn,loksitaneʔ,soriatane,soːɹɪæteɪn,soɾjataneʔ,1,0.33333334,0.8484849,2,1,0,0.44444445,0.44444445,0.6666666,0.5,2,1,0,0.0,0.8235294,2,1,0,0.7,0.7306452,0.65272725,0.66290325,1,0,4,0,0,1,1,0,0,0,1,0,0,1
naloxegol,næləksɛgɑːl,naloksegol,naloxone hcl,næləksoʊn eɪtʃsiːɛl,naloksonehkl,0,0.41666666,0.82051283,3,2,0,0.41666666,0.083333336,0.5833334,0.5,2,3,0,0.41666666,0.8,2,2,0,0.50873786,0.6631579,0.43495145,0.65789473,3,5,1,2,0,1,0,0,1,1,1,0,0,1
iodine,aɪədiːn,ʔiodine,lodine,lɑːdiːn,lodine,1,0.6666667,0.9130435,1,0,0,0.8333333,0.8333333,0.8333333,0.6666666,1,0,0,0.0,0.9583333,1,0,0,0.75,0.7365854,0.64117646,0.7121951,0,0,5,1,0,1,1,0,0,0,1,0,1,0
focalin,foʊkɐlɪn,fokalin,foamicon,foʊmɪkən,foʔamikon,0,0.25,0.7586207,4,1,0,0.25,0.125,0.5,0.5,1,2,1,0.25,0.7241379,1,2,1,0.65208334,0.45818183,0.61041665,0.44,1,2,1,0,0,0,1,0,0,1,1,0,0,1
paclitaxel,pæklɪtæksəl,paklitaksel,pioglitazone,pɪɑːglɪtæzoʊn,pioglitasone,0,0.33333334,0.76744187,5,2,0,0.33333334,0.0,0.4166667,0.5,5,2,0,0.083333336,0.6666666,5,2,0,0.74027777,0.7347222,0.62916666,0.6319444,2,1,0,0,1,1,2,0,0,1,0,0,0,1
janumet,dʒænuːmɪt,ʤanumet,sinemet,saɪnmɪt,sinemet,1,0.2857143,0.85714287,3,0,0,0.42857143,0.42857143,0.57142854,0.75,3,0,0,0.0,0.78571427,3,0,0,0.722,0.927907,0.642,0.7976744,0,0,3,0,0,0,0,0,0,0,1,0,1,0
lanoxin,lænəksɪn,lanoksin,lanoxicaps,lænəksɪkæps,lanoksikaps,0,0.6,0.7647059,1,3,0,0.6,0.0,0.6,0.5,1,3,0,0.6,0.7647059,1,3,0,0.6231884,0.6231884,0.6231884,0.6231884,3,6,0,2,1,1,1,0,0,1,0,0,0,1
precare,pɹɪkɛɹ,pɾekaɾe,precose,pɹiːkoʊs,pɾekose,1,0.5714286,0.89285713,2,0,0,0.5714286,0.14285715,0.71428573,0.75,2,0,0,0.5714286,0.85714287,2,0,0,0.80930233,0.9116279,0.7860465,0.8,0,4,1,0,0,0,0,0,1,1,0,0,0,1
asacol,ɐsækɑːl,ʔasakol,aphthasol,ɐfθæsɑːl,ʔaphtasol,0,0.33333334,0.6896552,2,3,0,0.22222222,0.22222222,0.44444442,0.16666669,2,3,0,0.11111111,0.6666666,2,3,0,0.7744186,0.5964912,0.7744186,0.58947366,3,1,2,3,0,0,0,1,1,1,1,0,2,1
oxycontin,ɑːksɪkɔntɪn,ʔoksikeontin,oxymorphone,ɑːksɪmoːɹfoʊn,ʔoksjmoɾphone,1,0.36363637,0.74358976,4,2,0,0.27272728,0.0,0.45454544,0.4285714,4,2,0,0.27272728,0.7,4,2,0,0.65820897,0.52891564,0.65820897,0.51686746,2,3,0,1,1,0,1,0,1,1,1,0,0,1
ellence,ɛləns,ʔeljjkeʔ,feldene,fɛldiːn,feldene,0,0.2857143,0.7777778,1,1,1,0.2857143,0.14285715,0.57142854,0.25,1,1,1,0.0,0.7777778,1,1,1,0.5736842,0.3423077,0.52105266,0.33461538,0,0,1,0,0,0,0,0,1,0,0,0,1,1
zostrix,zɑːstɹɪks,zostɾiks,zovirax,zɑːvɚɹæks,zovjks,1,0.2857143,0.82142854,3,0,0,0.2857143,0.14285715,0.57142854,0.6,3,0,0,0.2857143,0.78571427,3,0,0,0.7653846,0.63846153,0.77307695,0.64615387,0,2,1,1,1,1,1,0,0,1,1,0,0,0
tri lo estarylla,tɹaɪ loʊ ɛstɑːɹɹɪlə,tɾiloʔestaɾjllaʔ,tri lo sprintec,tɹaɪ loʊ spɹɪntɛk,tɾilospɾintek,0,0.4375,0.75,5,1,2,0.4375,0.0,0.5,0.6363636,7,0,1,0.4375,0.6862745,7,0,1,0.7270833,0.4715686,0.70208335,0.44607842,1,7,0,0,1,2,1,0,1,1,0,0,0,0
darvon,dɑːɹvɑːn,daɾvon,edaravone,ɛdɐɹævoʊn,ʔedaɾavone,0,0.44444445,0.8,0,3,0,0.33333334,0.0,0.6666666,1.0,0,3,0,0.0,0.8,0,3,0,0.6981132,0.6,0.53584903,0.6,3,0,0,0,3,2,3,0,1,0,1,0,0,0
blephamide,blɛfɐmaɪd,blephamide,cetamide,sɛɾɐmaɪd,ketamide,0,0.4,0.7714286,2,0,2,0.5,0.5,0.6,0.3333333,2,0,2,0.0,0.7777778,2,0,2,0.70363635,0.62258065,0.70363635,0.62903225,2,0,5,2,0,0,0,1,1,0,1,0,0,1
zestril,zɛstɹəl,zestɾil,zetia,zɛʃə,zetia,1,0.2857143,0.73913044,1,0,2,0.2857143,0.0,0.57142854,0.39999998,1,0,2,0.2857143,0.73913044,1,0,2,0.46444446,0.54444444,0.4377778,0.4911111,2,2,0,3,0,0,1,0,1,1,0,0,0,1
celexa,sɛlɛksə,kʔelksaʔ,increlex,ɪŋkɹɪlɛks,ʔinklks,0,0.375,0.71428573,0,3,1,0.5,0.0,0.5,0.6,0,3,1,0.0,0.71428573,0,3,1,0.6035088,0.5576923,0.6035088,0.53846157,2,0,0,2,0,0,0,1,1,0,0,0,0,1
erdafitinib,ɜːdɐfɪtɪnɪb,ʔeɾdafitinib,gefitinib,dʒɛfɪtɪnɪb,gefitinib,0,0.54545456,0.825,2,0,2,0.6363636,0.6363636,0.6363636,0.6666666,2,0,2,0.0,0.8,2,0,2,0.87903225,0.7162162,0.7919355,0.64054054,2,0,7,1,1,1,1,0,1,0,1,0,0,1
everolimus,ɛvɚɹɑːlɪməs,ʔeveɾolimus,pimecrolimus,paɪmkɹəlɪməs,pimekɾolimus,0,0.5,0.8409091,2,2,0,0.5833333,0.5833333,0.6666666,0.57142854,2,2,0,0.0,0.8095238,2,2,0,0.64054054,0.70405406,0.58648646,0.69054055,2,0,7,2,0,0,0,0,1,0,1,0,0,1
atomoxetine,æɾəmɑːksɪtiːn,ʔatomoksetine,atorvastatin,æɾoːɹvæstɐtɪn,ʔatoɾvastatin,1,0.41666666,0.76086956,4,2,1,0.25,0.0,0.4166667,0.4285714,4,2,1,0.25,0.6956522,4,2,1,0.71486485,0.74444443,0.5202703,0.6160494,1,3,0,2,1,0,1,0,0,1,1,0,0,1
acetaminophen,æsɪtæmɪnɑːfən,ʔaketaminophen,acetazolamide,æsɪtæzəlæmaɪd,ʔaketasolamide,1,0.53846157,0.745098,8,0,0,0.3846154,0.0,0.38461536,0.28571427,8,0,0,0.3846154,0.71153843,6,1,1,0.6038961,0.62906975,0.57272726,0.605814,0,5,0,1,1,0,1,0,0,1,0,0,0,1
atacand,æɾɐkænd,ʔatakand,datscan,dætskæn,daʧkan,0,0.42857143,0.7777778,1,1,1,0.42857143,0.0,0.57142854,0.39999998,1,1,1,0.0,0.78571427,1,1,1,0.53333336,0.596,0.53333336,0.596,0,0,0,1,1,1,1,0,1,0,0,0,0,0
ropivacaine,ɹɑːpɪveɪkeɪn,ɾopivakaʔineʔ,tropicamide,tɹɑːpɪkæmaɪd,tɾopikamide,0,0.36363637,0.76744187,3,1,1,0.36363637,0.09090909,0.5454545,0.3333333,3,1,1,0.0,0.77272725,3,1,1,0.6626866,0.51898736,0.6268657,0.51898736,0,0,1,1,0,0,1,0,0,0,0,0,0,1
imcivree,ɪmsɪvɹiː,ʔimsjveʔ,incivek,ɪnsaɪvək,ʔinsjvek,0,0.375,0.8275862,2,0,1,0.375,0.0,0.625,0.5,2,0,1,0.125,0.8333333,2,0,1,0.73333335,0.9,0.61875,0.9076923,1,1,0,0,0,0,1,0,0,1,0,0,0,1
zovirax,zɑːvɚɹæks,zovjks,zyvox,zaɪvɑːks,zjvoks,1,0.14285715,0.75,2,0,2,0.14285715,0.14285715,0.4285714,0.5,2,0,2,0.14285715,0.6521739,2,0,2,0.698,0.58,0.6,0.58,2,1,1,0,2,1,2,0,0,1,1,0,1,0
vesanoid,vɛsɐnɔɪd,vesanoid,vesicare,vɛsɪkɛɹ,vesikaɾe,1,0.375,0.7419355,5,0,0,0.375,0.0,0.375,0.5,5,0,0,0.375,0.6875,5,0,0,0.6875,0.70208335,0.56666666,0.50625,0,3,0,0,1,0,0,0,0,1,0,0,0,1
aripiprazole,æɹɪpɪpɹɐzoʊl,ʔaɾipipɾasole,rabeprazole,ɹeɪbpɹɐzoʊl,ɾabepɾasole,1,0.5,0.8913044,3,0,1,0.5833333,0.5833333,0.6666666,0.8333333,3,0,1,0.0,0.82608694,3,0,1,0.84583336,0.835443,0.84583336,0.76962024,1,0,7,0,1,1,1,0,0,0,1,0,0,1
procan sr,pɹɑːkən ɛsɑːɹ,pɾokansɾ,procanbid,pɹɑːkɐnbɪd,pɾokanbid,1,0.6666667,0.8235294,2,1,0,0.6666667,0.0,0.6666666,0.57142854,3,0,0,0.6666667,0.8235294,2,1,0,0.7580645,0.7508772,0.6935484,0.74385965,0,6,0,0,1,0,1,0,0,1,0,0,0,1
maxzide,mækszaɪd,makszide,microzide,maɪkɹoʊzaɪd,mikɾozide,1,0.44444445,0.7741935,2,2,0,0.44444445,0.44444445,0.5555556,0.6,2,2,0,0.11111111,0.75,2,2,0,0.6830769,0.8181818,0.62153846,0.7418182,2,1,4,1,1,1,1,0,0,1,1,0,0,0
claritin,klæɹɪtɪn,klaɾitin,claritin eye,klæɹɪtɪn aɪ,klaɾitinʔeje,1,0.6666667,0.8888889,0,3,0,0.6666667,0.0,0.6666666,0.71428573,0,4,0,0.6666667,0.84210527,0,3,0,0.8333333,0.6756757,0.8333333,0.6756757,4,8,0,1,2,1,2,0,1,1,0,0,0,1
levetiracetam,lɛvɪtɜːɹɐsɛɾæm,levetiɾaketam,levocarnitine,lɛvəkɑːɹnɪtiːn,levokaɾnitine,1,0.30769232,0.75,7,1,1,0.23076923,0.0,0.3076923,0.57142854,9,0,0,0.23076923,0.6730769,7,1,1,0.7265823,0.7721519,0.6025317,0.6481013,0,3,0,0,0,1,0,0,1,1,0,0,0,1
azithromycin,æzɪθɹəmaɪsɪn,ʔazitɾomjsjn,robimycin,ɹɑːbɪmaɪsɪn,ɾobimjsjn,0,0.41666666,0.71428573,4,0,3,0.41666666,0.41666666,0.4166667,0.5,4,0,3,0.0,0.6666666,4,0,3,0.71944445,0.6564103,0.60833335,0.63589746,3,0,5,2,1,1,1,0,1,0,1,0,0,1
gabapentin,gæbeɪpɛntɪn,gabapentin,gemfibrozil,dʒɛmfɪbɹɑːzɪl,gemfibɾozil,1,0.09090909,0.64285713,8,1,0,0.09090909,0.0,0.18181819,0.14285713,8,1,0,0.09090909,0.5609756,8,1,0,0.4526316,0.5043478,0.38157895,0.38115942,1,1,0,1,0,0,0,0,1,0,0,0,0,0
aciphex,ɐsɪfɛks,ʔasipʤks,aricept,æɹaɪsəpt,ʔaɾjsept,1,0.14285715,0.6666666,5,0,0,0.14285715,0.0,0.28571427,0.25,5,0,0,0.14285715,0.64285713,5,0,0,0.7395833,0.6,0.51875,0.5653846,0,1,0,0,0,0,0,0,1,1,0,0,1,0
aripiprazole,æɹɪpɪpɹɐzoʊl,ʔaɾipipɾasole,proton pump inhibitors,pɹoʊtɑːn pʌmp ɪnhɪbɪɾɚz,pɾotonpumpʔinhibitoɾs,1,0.045454547,0.57142854,8,8,0,0.09090909,0.0,0.18181819,0.19999999,8,10,0,0.0,0.5079365,8,8,0,0.33145162,0.3105263,0.2596774,0.27894738,10,0,0,7,1,2,1,0,0,0,0,0,0,1
rifadin,ɹɪfɐdɪn,ɾifadin,rifater,ɹɪfeɪɾɚ,ɾifateɾ,1,0.5714286,0.85714287,3,0,0,0.5714286,0.0,0.57142854,0.5,3,0,0,0.5714286,0.78571427,3,0,0,0.74651164,0.81395346,0.53255814,0.7906977,0,4,0,0,0,0,0,0,0,1,0,0,0,1
penicillin g sodium,pɛnɪsɪlɪn dʒiː soʊdiəm,penisillingsodjum,penicillin vk,pɛnɪsɪlɪn viːkeɪ,penisillinvk,0,0.57894737,0.76363635,2,0,5,0.57894737,0.0,0.57894737,0.5833334,2,0,6,0.57894737,0.7307692,2,0,5,0.6852174,0.63738316,0.67391306,0.63738316,6,11,0,2,2,3,3,0,1,1,0,0,0,1
cymbalta,sɪmbæltə,simbalta,symbyax,sɪmbɪæks,sjmbjaks,1,0.25,0.7241379,4,0,1,0.375,0.0,0.375,0.5,4,0,1,0.0,0.6666666,4,0,1,0.728,0.4351852,0.72,0.42777777,1,0,0,0,1,1,1,0,0,1,0,0,0,0
akrinol,ækɹɪnɑːl,ʔakɾinol,marinol,mɚɹɪnɑːl,maɾinol,0,0.5714286,0.85714287,2,0,0,0.71428573,0.71428573,0.71428573,0.75,2,0,0,0.0,0.85714287,2,0,0,0.73953485,0.68,0.73953485,0.68,0,0,5,0,0,0,0,0,0,0,1,0,1,0
arduan,ɑːɹduːən,ʔaɾduʔan,aredia,æɹiːdiə,ʔaɾedia,0,0.33333334,0.77272725,1,1,1,0.33333334,0.0,0.5,0.6666666,1,1,1,0.33333334,0.75,1,1,1,0.71666664,0.624,0.5888889,0.624,0,2,0,1,1,0,1,0,0,1,0,0,0,1
slynd,slaɪnd,sljnd,syeda,sɪɛdə,sjeda,1,0.2,0.68421054,1,1,1,0.2,0.0,0.39999998,0.6,1,1,1,0.2,0.7,1,1,1,0.52105266,0.45142856,0.39210525,0.45142856,0,1,0,2,2,0,2,1,1,1,0,0,0,0
mifeprex,maɪfpɹɛks,mifepɾeks,moviprep,muːvɪpɹɛp,movipɾep,0,0.375,0.84375,4,0,0,0.375,0.0,0.5,0.6,4,0,0,0.125,0.75,4,0,0,0.6894737,0.7894737,0.6157895,0.75438595,0,1,0,0,0,0,0,0,1,1,0,0,0,0
diabeta,daɪəbɛɾə,diabeta,dermabet,dɜːmæbɪt,deɾmabet,0,0.5,0.7586207,1,2,1,0.5,0.0,0.5,0.6,1,2,1,0.125,0.73333335,1,2,1,0.6717391,0.64,0.51521736,0.62,1,1,0,2,0,1,1,0,0,1,0,0,0,1
sinequan,saɪŋkwən,sinekan,singulair,sɪŋgjʊlɛɹ,siŋulajɾ,1,0.33333334,0.71875,5,1,0,0.33333334,0.0,0.44444442,0.39999998,4,1,0,0.33333334,0.7352941,2,2,1,0.6298246,0.484,0.50877196,0.456,1,3,0,1,0,0,0,0,0,1,0,0,0,0
cetirizine,sɛɾɪɹɪziːn,ketiɾizine,cimetidine,saɪmtɪdiːn,kimetidine,0,0.5,0.8,5,0,0,0.3,0.3,0.5,0.39999998,5,0,0,0.1,0.75,5,0,0,0.6818182,0.7966667,0.57272726,0.75666666,0,1,3,0,0,0,0,0,1,1,1,0,0,1
evista,ɪvɪstə,ʔevista,vivimusta,vɪvɪmʌstə,vivimusta,0,0.33333334,0.76666665,1,3,0,0.33333334,0.33333334,0.5555556,0.6,1,3,0,0.0,0.73333335,1,3,0,0.58181816,0.58181816,0.58181816,0.56363636,3,0,3,2,1,1,1,0,0,0,1,0,0,0
methotrexate,mɛθətɹɛkseɪt,methotksate,mtx patch,ɛmtiːɛks pætʃ,mtkspaʧ,1,0.16666667,0.5897436,3,1,5,0.16666667,0.0,0.25,0.25,4,1,4,0.083333336,0.55,3,1,5,0.58243245,0.45652175,0.5608108,0.44492754,3,1,0,0,4,3,4,0,1,1,0,0,0,1
proair hfa,pɹoʊɜːɹ eɪtʃɛfeɪ,pɾoajɾhfa,proair respiclick,pɹoʊɜː ɹɪspɪklɪk,pɾoajɾɾespikljsk,0,0.4117647,0.6590909,3,7,0,0.4117647,0.0,0.41176468,0.36363637,3,7,0,0.4117647,0.6122449,3,7,0,0.74883723,0.4721154,0.73953485,0.43173078,7,7,0,5,2,2,2,0,0,1,0,0,0,0
sertraline,sɜːtɹəlaɪn,seɾtɾaline,soriatane,soːɹɪæteɪn,soɾjataneʔ,1,0.2,0.7837838,4,0,1,0.2,0.2,0.5,0.6666666,4,0,1,0.1,0.7297298,4,0,1,0.7290909,0.7016129,0.52,0.62741935,1,1,2,2,0,1,1,0,0,1,1,0,0,1
clonidine,klɑːnɪdiːn,klonidine,clozapine,klɑːzɐpaɪn,klosapine,1,0.5555556,0.8611111,3,0,0,0.33333334,0.33333334,0.6666666,0.6,3,0,0,0.33333334,0.8333333,3,0,0,0.8018182,0.84181815,0.62,0.76545453,0,3,3,0,0,0,0,0,0,1,1,0,0,1
admelog,ɐdmɛlɑːg,ʔadmelog,dymelor,daɪmɛlɚ,djmeloɾ,0,0.42857143,0.78571427,3,0,0,0.5714286,0.0,0.57142854,0.6,3,0,0,0.0,0.78571427,3,0,0,0.61627907,0.61,0.5116279,0.61,0,0,0,1,1,0,1,0,0,0,0,0,1,0
lamictal,læmɪktəl,lamiktal,lamisil,læmɪsəl,lamisil,1,0.5,0.8666667,2,0,1,0.5,0.125,0.625,0.6,2,0,1,0.5,0.79310346,2,0,1,0.8,0.8,0.792,0.708,1,4,1,1,0,0,0,1,1,1,1,0,0,1
ms contin,ɛmɛs kəntɪn,mskontin,oxycontin,ɑːksɪkɔntɪn,ʔoksikeontin,1,0.5555556,0.8484849,2,1,0,0.6666667,0.6666667,0.6666666,0.57142854,3,0,0,0.0,0.8235294,2,1,0,0.733871,0.5972973,0.63548386,0.5972973,0,0,6,0,1,2,1,0,0,0,1,0,0,0
metyrapone,mɛɾɪɹæpoʊn,metjɾapone,entacapone,ɛntækeɪpoʊn,ʔentakapone,0,0.4,0.825,4,0,0,0.5,0.5,0.6,0.5,4,0,0,0.0,0.8,4,0,0,0.6476923,0.5791045,0.6476923,0.55820894,0,0,5,1,1,0,1,0,0,0,1,0,0,1
dexmethylphenidate,dɛksmɪθəlfɛnɪdeɪt,deksmetjlphenidate,methadone,mɛθɐdoʊn,methadone,1,0.16666667,0.60784316,3,0,9,0.22222222,0.055555556,0.3333333,0.3333333,3,0,9,0.0,0.5555556,3,0,9,0.36190477,0.35263157,0.34666666,0.28157896,9,0,1,7,2,3,2,0,0,0,0,0,0,1
hydrochlorothiazide,haɪdɹəkloːɹoʊθɪeɪzaɪd,hjdɾoʧloɾothiʔazide,hydroxychloroquine,haɪdɹɑːksɪkloːɹoʊkwaɪn,hjdɾoksjʧloɾokine,1,0.5263158,0.8115942,3,2,3,0.31578946,0.05263158,0.57894737,0.5,3,2,3,0.2631579,0.7837838,3,2,3,0.70327866,0.57983196,0.68688524,0.5647059,1,5,1,0,1,1,1,0,0,1,0,0,1,0
hydropres 25,haɪdɹɑːpɚz twɛnti faɪv,hjdɾopɾes25,hydropres 50,haɪdɹɑːpɚz fɪfti,hjdɾopɾes50,0,0.8333333,1.0,0,0,0,0.8333333,0.0,0.8333333,0.8,2,0,0,0.8333333,1.0,0,0,0,0.64102566,1.0,0.64273506,1.0,0,10,0,0,0,0,0,1,1,1,1,1,0,1
bristamycin,bɹɪstɐmaɪsɪn,bɾistamjsjn,robimycin,ɹɑːbɪmaɪsɪn,ɾobimjsjn,0,0.36363637,0.8,3,0,2,0.45454547,0.45454547,0.5454545,0.625,3,0,2,0.0,0.75,3,0,2,0.7527027,0.7438356,0.62297297,0.67808217,2,0,5,2,0,0,0,0,1,0,1,0,0,1
renagel,ɹɪneɪdʒəl,ɾenagel,renvela,ɹɛnvɛlə,ɾenvela,1,0.5714286,0.78571427,1,1,1,0.42857143,0.0,0.57142854,0.75,1,1,1,0.42857143,0.78571427,1,1,1,0.5781818,0.7372093,0.53090906,0.7372093,0,3,0,0,0,0,0,0,1,1,0,0,1,1
estratest,ɛstɹeɪtɪst,ʔestɾatest,estratest hs,ɛstɹeɪtɪst eɪtʃɛs,ʔestɾatesths,1,0.75,0.9,0,2,0,0.75,0.0,0.75,0.6666666,0,3,0,0.75,0.9,0,2,0,0.63265306,0.82051283,0.63265306,0.82051283,3,9,0,2,0,0,0,1,1,1,0,0,0,1
pentobarbital,pɛntəbɑːɹbɪɾəl,pentobaɾbital,phenobarbital,fɛnəbɑːɹbɪɾəl,phenobaɾbital,1,0.7692308,0.92156863,0,1,1,0.6923077,0.6923077,0.84615386,0.75,0,1,1,0.07692308,0.9230769,0,1,1,0.8654321,0.86419755,0.8654321,0.86419755,0,1,9,0,0,0,0,1,1,0,1,0,0,1
aldoril 15,ɔːldoːɹəl fɪftiːn,ʔaldoɾil15,aldoril d30,ɔːldoːɹəl diː θɜːɾi,ʔaldoɾild30,0,0.72727275,0.93333334,0,1,0,0.72727275,0.0,0.72727275,0.625,2,1,0,0.72727275,0.9285714,0,1,0,0.78641975,0.877193,0.7740741,0.877193,1,8,0,1,0,0,0,0,1,1,0,0,1,0
fentanyl 37,fɛntɐnaɪl θɜːɾi sɛvən,fentanjl37,fentanyl 62,fɛntɐnaɪl sɪksti tuː,fentanjl62,0,0.8181818,1.0,0,0,0,0.8181818,0.0,0.8181818,0.7777778,2,0,0,0.8181818,1.0,0,0,0,0.7781818,1.0,0.7509091,1.0,0,9,0,0,0,0,0,1,1,1,1,1,0,1
methazolamide,mɛθeɪzɑːlɐmaɪd,methasolamide,metolazone,mɛɾəlæzoʊn,metolasone,1,0.3846154,0.7777778,3,0,3,0.23076923,0.07692308,0.53846157,0.4285714,3,0,3,0.23076923,0.73913044,3,0,3,0.5649351,0.5493671,0.4090909,0.51265824,3,3,1,2,1,1,1,0,1,1,0,0,0,1
phenaphen w codeine no 3,fɛnæfən dʌbəljuː koʊdaɪn noʊ θɹiː,phenaphenwkodejneno3,tylenol w codeine no 3,taɪlənɑːl dʌbəljuː koʊdaɪn noʊ θɹiː,tjlenolwkodejneno3,0,0.625,0.8088235,7,0,2,0.625,0.625,0.6666666,0.625,4,1,3,0.0,0.7777778,4,1,3,0.8410714,0.61764705,0.8125,0.6193277,2,0,15,1,1,0,1,0,1,0,1,0,0,1
viokase,vaɪəkeɪs,viokase,invirase,ɪnvɜːɹeɪz,ʔinviɾase,0,0.375,0.7586207,1,2,1,0.375,0.375,0.5,0.5,1,2,1,0.0,0.73333335,1,2,1,0.58125,0.5581818,0.51875,0.54,1,0,3,1,1,0,0,0,0,0,1,0,1,0
brilinta,bɹɪlɪntə,bɾilinta,brintellix,bɹɪntɪlɪks,bɾinteliks,1,0.5,0.6571429,5,2,0,0.3,0.0,0.3,0.4285714,5,2,0,0.3,0.6875,1,4,2,0.5296875,0.53125,0.4828125,0.4640625,2,3,0,2,0,0,0,1,1,1,0,0,0,1
tiagabine,tiːəgæbaɪn,tiʔagabine,tyzavan,taɪzɐvæn,tjsavan,0,0.11111111,0.70967746,4,0,2,0.11111111,0.0,0.3333333,0.39999998,4,0,2,0.11111111,0.625,4,0,2,0.83396226,0.41333333,0.5679245,0.34333333,2,1,0,1,2,0,3,0,1,1,1,0,0,1
idarubicin,aɪdɑːɹɹuːbɪsɪn,ʔidaɾubjsjn,idamycin,aɪdɐmaɪsɪn,ʔidamjsjn,0,0.5,0.8055556,2,0,2,0.3,0.3,0.6,0.6,2,0,2,0.3,0.7777778,2,0,2,0.62083334,0.7183099,0.56666666,0.7183099,2,3,3,0,2,1,2,0,0,1,1,0,0,0
methadone hydrochloride intensol,mɛθɐdoʊn haɪdɹəkloːɹaɪd ɪntɛnsɑːl,methadonehjdɾoʧloɾideʔintensol,metoclopramide intensol,mɛɾəklɑːpɹɐmaɪd ɪntɛnsɑːl,metoklopɾamideʔintensol,0,0.5,0.7777778,6,0,8,0.375,0.375,0.53125,0.47619045,6,0,9,0.09375,0.7403846,6,0,8,0.62711865,0.57712764,0.55536723,0.5744681,9,3,12,6,2,3,2,0,0,1,1,0,0,1
enbrel,ɛnbɹɛl,ʔenbɾel,levbid,lɛvbɪd,levbid,1,0.0,0.625,3,1,1,0.16666667,0.0,0.16666669,0.0,3,1,1,0.0,0.5833334,3,1,1,0.4368421,0.37111112,0.4368421,0.34888887,0,0,0,0,0,0,0,1,1,0,0,0,0,0
hydralazine,haɪdɹɐlæziːn,hjdɾalasʔineʔ,hydrochlorothiazide,haɪdɹəkloːɹoʊθɪeɪzaɪd,hjdɾoʧloɾothiʔazide,1,0.31578946,0.67857146,2,8,0,0.21052632,0.05263158,0.4736842,0.5,2,8,0,0.21052632,0.6666666,2,8,0,0.46779662,0.50084037,0.43728814,0.40336135,8,4,1,5,2,3,3,0,0,1,0,0,1,0
fluphenazine,flʌfənæziːn,fluphenasʔineʔ,fluvoxamine,fluːvɑːksɐmiːn,fluvoksamine,1,0.41666666,0.84444445,4,0,1,0.25,0.25,0.5833334,0.4285714,4,0,1,0.25,0.7826087,4,0,1,0.65217394,0.50113636,0.5507246,0.4852273,1,3,3,1,0,0,0,0,1,1,1,0,0,1
foradil,fɔːɹɐdɪl,foɾadil,toradol,toːɹɐdɑːl,toɾadol,1,0.42857143,0.89285713,2,0,0,0.5714286,0.14285715,0.71428573,0.75,2,0,0,0.0,0.8888889,2,0,0,0.9395349,0.927907,0.83255816,0.9139535,0,0,1,0,0,0,0,0,1,0,1,0,0,1
argatroban,ɑːɹgɐtɹɑːbən,ʔaɾgatɾoban,orgatrax,ɔːɹgɐtɹæks,ʔoɾgatɾaks,0,0.4,0.8055556,2,0,2,0.5,0.0,0.6,0.6666666,2,0,2,0.0,0.7777778,2,0,2,0.7258065,0.742029,0.57096773,0.60289854,2,0,0,1,1,1,1,0,0,0,0,0,0,1
paxil,pæksɪl,paksil,trexall,tɹɛksɔːl,tɾeksol,1,0.0,0.6956522,3,2,0,0.14285715,0.14285715,0.28571427,0.39999998,3,2,0,0.0,0.5909091,3,2,0,0.75777775,0.75555557,0.76666665,0.62666667,2,0,1,2,0,0,0,0,0,0,1,0,0,1
symbyax,sɪmbɪæks,sjmbjaks,symbravo,sɪmbɹɑːvoʊ,sjmbɾavoʔ,0,0.5,0.79310346,2,1,0,0.5,0.0,0.625,0.6666666,2,1,0,0.5,0.8,2,1,0,0.6090909,0.7033898,0.5181818,0.7033898,1,4,0,0,1,1,1,0,1,1,0,0,1,0
oxybutynin,ɑːksɪbjuːtɪnɪn,ʔoksjbutjnin,oxymorphone,ɑːksɪmoːɹfoʊn,ʔoksjmoɾphone,1,0.27272728,0.7073171,5,2,1,0.27272728,0.0,0.36363637,0.4285714,6,1,0,0.27272728,0.6904762,6,1,0,0.6364865,0.6542169,0.6418919,0.63493973,1,3,0,0,1,1,1,0,0,1,1,0,0,0
rituximab,ɹɪɾəksɪmæb,ɾituksimab,truxima,tɹʌksɪmə,tɾuksima,0,0.44444445,0.75,2,0,2,0.5555556,0.0,0.5555556,0.39999998,2,0,2,0.0,0.75,2,0,2,0.67903227,0.66129035,0.58225805,0.66129035,2,0,0,1,1,1,1,0,1,0,0,0,0,1
dioval,dɪuːvəl,dioval,dovato,dəvɑːɾoʊ,dovatoʔ,0,0.5,0.73913044,1,1,1,0.5,0.0,0.5,0.6666666,1,1,1,0.16666667,0.75,1,1,1,0.72195125,0.5860465,0.5512195,0.5627907,0,1,0,0,1,0,0,0,0,1,0,0,2,1
tiagabine,tiːəgæbaɪn,tiʔagabine,tizanidine,tɪzɐnɪdiːn,tisanidine,1,0.4,0.8108108,3,1,0,0.3,0.3,0.6,0.39999998,3,1,0,0.2,0.81578946,3,1,0,0.73636365,0.755,0.59090906,0.685,1,2,3,1,1,1,0,0,0,1,1,0,0,1
mitomycin,maɪɾəmaɪsɪn,mitomjsjn,azithromycin,æzɪθɹəmaɪsɪn,ʔazitɾomjsjn,0,0.5,0.8095238,1,3,0,0.5,0.5,0.6666666,0.625,1,3,0,0.0,0.8095238,1,3,0,0.7513889,0.6448718,0.7097222,0.6448718,3,0,6,2,1,1,1,0,1,0,1,0,0,1
lexapro,lɛksæpɹoʊ,leksɾoʔ,loxitane,lɑːksɪteɪn,loksitaneʔ,1,0.125,0.7,5,1,0,0.125,0.0,0.25,0.5,5,1,0,0.125,0.6,5,1,0,0.7781818,0.53064513,0.69454545,0.5241935,1,1,0,0,1,0,1,0,0,1,0,0,0,0
dexmethylphenidate,dɛksmɪθəlfɛnɪdeɪt,deksmetjlphenidate,dexmethylphenidate mixed salts,dɛksmɪθəlfɛnɪdeɪt mɪkst sɔlts,deksmetjlphenidatemiksedsalts,1,0.6,0.77272725,0,10,0,0.6,0.0,0.6,0.57142854,0,12,0,0.6,0.7826087,0,10,0,0.61403507,0.61621624,0.61403507,0.61621624,12,18,0,7,3,4,3,0,1,1,0,0,0,1
cedax,sɛdæks,kedaks,cidex,saɪdɛks,sjks,1,0.2,0.9,2,0,0,0.2,0.2,0.6,1.0,2,0,0,0.2,0.8,2,0,0,0.927907,0.40263158,0.83488375,0.39210525,0,1,1,0,0,1,0,0,1,0,1,0,1,1
tresiba,tɹɛzɪbə,tɾesiba,trudhesa,tɹʌdhɛsə,tɾudhesa,0,0.375,0.7586207,4,1,0,0.25,0.125,0.375,0.39999998,4,1,0,0.25,0.6666666,4,1,0,0.706,0.68,0.698,0.632,1,2,1,1,0,0,0,0,1,1,1,0,0,1
rifampin,ɹɪfɐmpɪn,ɾifampin,orfadin,ɔːɹfɐdɪn,ʔoɾfadin,0,0.25,0.73333335,3,0,1,0.25,0.25,0.5,0.6,3,0,1,0.0,0.73333335,3,0,1,0.636,0.636,0.644,0.644,1,0,2,1,0,0,0,0,1,0,1,0,0,1
testoderm,tɛstoʊdɜːm,testodeɾm,betaderm,beɪɾədɜːm,betadeɾm,0,0.33333334,0.85294116,2,0,1,0.44444445,0.44444445,0.6666666,0.6666666,2,0,1,0.0,0.8235294,2,0,1,0.7,0.8333333,0.59818184,0.7491228,1,0,4,1,0,0,0,0,0,0,1,0,0,1
comvax,kəmvæks,komvejks,cormax,kɔːɹmæks,koɾmaks,0,0.5,0.8333333,2,0,0,0.33333334,0.33333334,0.6666666,0.5,2,0,0,0.33333334,0.8333333,2,0,0,0.74222225,0.61538464,0.6755555,0.5153846,0,2,2,0,0,0,0,1,1,1,1,0,0,0
maalox,mɑːlɑːks,maʔaloks,maalox total stomach relief,mɑːlɑːks toʊɾəl stʌmək ɹɪliːf,maʔalokstotalstomaʧɾelief,1,0.22222222,0.38596493,0,18,0,0.22222222,0.0,0.22222221,0.17647058,0,21,0,0.22222222,0.40677965,0,18,0,0.26923078,0.32580644,0.26643357,0.3232258,21,6,0,11,6,7,7,0,0,1,0,0,1,0
glycotrol,glaɪkətɹɑːl,glikeotɾol,nicotrol,nɪkətɹɑːl,nikotɾol,0,0.5555556,0.85294116,2,0,1,0.6666667,0.6666667,0.6666666,0.57142854,2,0,1,0.0,0.85294116,2,0,1,0.7241936,0.7129032,0.6935484,0.7129032,1,0,6,2,1,0,1,1,1,0,1,0,0,1
docetaxel,doʊstæksəl,doketaksel,paclitaxel,pæklɪtæksəl,paklitaksel,1,0.4,0.84210527,3,1,0,0.5,0.5,0.6,0.6666666,3,1,0,0.0,0.8108108,3,1,0,0.6927536,0.82608694,0.6971015,0.7478261,1,0,5,1,0,0,0,0,1,0,1,0,0,1
ethambutol,ɛθɐmbjuːɾɑːl,ʔethambutol,ethmozine,ɛθməziːn,ʔetmozine,1,0.3,0.7027027,5,0,1,0.3,0.0,0.39999998,0.5,5,0,1,0.3,0.6756757,5,0,1,0.43548387,0.5028986,0.3516129,0.5028986,1,3,0,1,0,1,0,0,1,1,0,0,0,1
bendamustine hydrochloride,bɛndɐmʌstiːn haɪdɹəkloːɹaɪd,bendamustinehjdɾoʧloɾide,benoxinate hydrochloride,bɪnɑːksɪneɪt haɪdɹəkloːɹaɪd,benoksjnatehjdɾoʧloɾide,0,0.6923077,0.8586956,6,0,2,0.5769231,0.5769231,0.7307692,0.7647059,5,0,2,0.115384616,0.8541667,5,0,2,0.8101351,0.7673333,0.77094597,0.70933336,2,3,15,2,0,0,0,0,1,1,1,0,0,1
prednisolone,pɹɪdnɪsəloʊn,pɾednisolone,prednisone,pɹɪdnɪsoʊn,pɾednisone,1,0.8333333,0.9090909,0,0,2,0.6666667,0.25,0.8333333,0.85714287,0,0,2,0.6666667,0.9090909,0,0,2,0.82972974,0.7837838,0.78918916,0.7837838,2,8,3,1,1,1,1,0,1,1,1,0,1,0
retrovir,ɹɛtɹoʊvɜː,ɾetɾovjɾ,rextovy,ɹɪkstɑːvi,ɾeksovj,0,0.375,0.76666665,3,0,1,0.25,0.0,0.5,0.39999998,3,0,1,0.25,0.7241379,3,0,1,0.748,0.775,0.532,0.7673077,1,2,0,0,1,0,1,0,0,1,0,0,1,0
betaprone,beɪɾəpɹoʊn,betapɾone,repronex,ɹɪpɹoʊnɛks,ɾepɾoneks,0,0.44444445,0.7647059,1,1,2,0.5555556,0.0,0.5555556,0.39999998,1,1,2,0.0,0.7647059,1,1,2,0.683871,0.6754386,0.63548386,0.60175437,1,0,0,0,1,0,1,0,0,0,0,0,1,0
zerit,zɛɹɪt,zeɾit,zyrtec,zɪətɛk,zjɾtek,1,0.16666667,0.72727275,3,1,0,0.16666667,0.0,0.3333333,0.6,3,1,0,0.16666667,0.6363636,3,1,0,0.7111111,0.5075,0.60555553,0.4725,1,1,0,2,1,0,1,0,1,0,0,0,1,0
carbamazepine,kɑːɹbɐmeɪzɪpaɪn,kaɾbamasepine,oxcarbazepine,ɑːkskɑːɹbeɪzpaɪn,ʔokskaɾbasepine,1,0.7692308,0.84615386,0,2,2,0.53846157,0.53846157,0.6923077,0.71428573,0,2,2,0.0,0.84615386,0,2,2,0.7523256,0.67741936,0.7093023,0.67741936,0,0,7,0,0,0,0,0,1,0,1,0,0,1
humira pen,hjuːmiəɹə pɛn,humiɾapen,humalog pen,hjuːmɐlɑːg pɛn,humalogpen,0,0.54545456,0.8611111,3,1,0,0.36363637,0.36363637,0.6363636,0.71428573,3,1,0,0.27272728,0.8108108,3,1,0,0.8637681,0.8016129,0.7507246,0.65645164,1,3,4,1,0,0,0,0,0,1,1,0,0,1
granulex,gɹænuːlɛks,gɾanuleks,regranex,ɹɪgɹeɪnɛks,ɾegɾaneks,1,0.5,0.75,0,2,2,0.5,0.25,0.5,0.6,0,2,2,0.0,0.75,0,2,2,0.6919355,0.71929824,0.6919355,0.71929824,0,0,2,0,0,0,0,0,0,0,1,0,0,0
diabeta,daɪəbɛɾə,diabeta,diapid,daɪəpɪd,diʔapid,0,0.42857143,0.7916667,3,0,1,0.42857143,0.0,0.4285714,0.3333333,3,0,1,0.42857143,0.6923077,3,0,1,0.79130435,0.74418604,0.7826087,0.7209302,1,3,0,0,1,1,1,0,0,1,0,0,0,1
beclovent,bɪkloʊvənt,beklavnt,theovent,θiːəvənt,theovent,0,0.44444445,0.78125,3,0,1,0.5555556,0.5555556,0.5555556,0.5,3,0,1,0.0,0.7647059,3,0,1,0.58709675,0.52884614,0.5112903,0.43461537,1,0,5,1,1,1,0,1,1,0,1,0,1,0
oxybutynin,ɑːksɪbjuːtɪnɪn,ʔoksjbutjnin,oxycontin,ɑːksɪkɔntɪn,ʔoksikeontin,1,0.4,0.7631579,4,0,1,0.3,0.2,0.5,0.4285714,4,0,1,0.3,0.7368421,4,0,1,0.63243246,0.5769231,0.6189189,0.55128205,1,3,2,1,0,1,0,0,0,1,1,0,0,0
saquinavir mesylate,sækwɪnævɪɹ mɛsɪleɪt,sakinavjɾmesjlate,eribulin mesylate,ɛɹɪbjʊlɪn mɛsɪleɪt,ʔeɾibulinmesjlate,0,0.47368422,0.78787875,6,0,2,0.47368422,0.47368422,0.57894737,0.5454545,6,0,2,0.0,0.75757575,6,0,2,0.65636367,0.6327103,0.6636364,0.58411217,2,0,9,1,0,0,1,0,1,0,1,0,0,1
elvitegravir cobicistat emtricitabine and tenofovir alafenamide,ɛlvaɪtgɹævɪɹ kɑːbɪsɪstæt ɛmtɹɪsɪtæbaɪn ænd tɛnəfɑːvɪɹ ɐleɪfnɐmaɪd,ʔelvitegɾavjɾkobjsistatʔemtɾajsitabineʔandtenofovjɾʔalafenamide,elvitegravir cobicistat emtricitabine and tenofovir disoproxil fumarate,ɛlvaɪtgɹævɪɹ kɑːbɪsɪstæt ɛmtɹɪsɪtæbaɪn ænd tɛnəfɑːvɪɹ dɪsɑːpɹəksɪl fjuːmæɹət,ʔelvitegɾavjɾkobjsistatʔemtɾajsitabineʔandtenofovjɾdisopɾoksilfumaɾate,1,0.73239434,0.90495867,8,7,0,0.73239434,0.014084507,0.7887324,0.7906977,7,8,0,0.73239434,0.8897959,8,7,0,0.79607844,0.8234091,0.7588235,0.7945455,8,52,1,5,2,2,2,0,1,1,0,0,0,1
anticoagulant citrate dextrose solution formula a,æntɪkoʊægjʊlənt sɪtɹeɪt dɛkstɹoʊz səluːʃən fɔːɹmjʊlə eɪ,ʔantikoʔagulantkitɾatedekstɾosesolutionfoɾmulaʔa,anticoagulant sodium citrate solution,æntɪkoʊægjʊlənt soʊdiəm sɪtɹeɪt səluːʃən,ʔantikoʔagulantsodjumkitɾatesolution,1,0.6122449,0.78,11,0,10,0.2857143,0.0,0.5510204,0.55172414,10,0,12,0.2857143,0.74358976,10,0,10,0.66734695,0.672973,0.6510204,0.63445944,12,14,0,6,5,4,4,0,0,1,0,0,0,0
metformin,mɛtfoːɹmɪn,metfoɾmin,metronidazole,mɛtɹənɪdɐzoʊl,metɾonidasole,1,0.23076923,0.6136364,5,4,0,0.23076923,0.0,0.3076923,0.28571427,5,4,0,0.23076923,0.60465115,5,4,0,0.47974685,0.49367088,0.45949367,0.49873418,4,3,0,1,3,2,3,0,0,1,0,0,0,1
xeloda,zɛloʊdə,kseloda,exelon,ɛgzɛlən,ʔekselon,0,0.5,0.75,1,1,1,0.6666667,0.0,0.5,0.6666666,1,1,1,0.0,0.75,1,1,1,0.6465116,0.68,0.5069767,0.68,0,0,0,0,0,0,0,0,1,0,0,0,2,1
novolin,nɑːvəlɪn,novolin,novolog,nɑːvəlɑːg,novolog,1,0.71428573,0.89285713,2,0,0,0.71428573,0.0,0.71428573,0.75,2,0,0,0.71428573,0.8518518,2,0,0,0.8534884,0.8418605,0.727907,0.80930233,0,5,0,0,0,0,0,0,1,1,0,0,0,1
humalog mix 50 50,hjuːmɐlɑːg mɪks fɪfti fɪfti,humalogmiks5050,humalog mix 75 25,hjuːmɐlɑːg mɪks sɛvənti faɪv twɛnti faɪv,humalogmiks7525,0,0.7058824,1.0,0,0,0,0.7058824,0.0,0.7647059,0.6923077,4,0,0,0.7058824,1.0,0,0,0,0.6390244,1.0,0.61512196,1.0,0,12,0,0,0,0,0,1,1,1,1,1,0,1
argatroban,ɑːɹgɐtɹɑːbən,ʔaɾgatɾoban,orgaran,ɔːɹgæɹən,ʔoɾgaɾan,1,0.3,0.7941176,1,0,3,0.3,0.2,0.6,0.6666666,1,0,3,0.0,0.7647059,1,0,3,0.58709675,0.62608695,0.43225807,0.5565217,3,0,2,2,1,1,1,0,0,0,1,0,0,1
idarubicin,aɪdɑːɹɹuːbɪsɪn,ʔidaɾubjsjn,idarucizumab,aɪdɑːɹɹuːsɪzjuːmæb,ʔidaɾusjsumab,1,0.5,0.79545456,4,2,0,0.41666666,0.0,0.5,0.3333333,4,2,0,0.41666666,0.75,4,2,0,0.6967033,0.6802469,0.6901099,0.6851852,2,5,0,1,1,1,1,0,0,1,0,0,0,1
desogen,dɪsoʊdʒən,desogen,femogen,fɛmədʒən,femogen,0,0.42857143,0.85714287,2,0,0,0.5714286,0.5714286,0.71428573,0.5,2,0,0,0.0,0.85714287,2,0,0,0.7218182,0.74418604,0.65090907,0.75348836,0,0,4,0,0,0,0,1,1,0,1,0,0,0
jantoven,dʒæntoʊvən,ʤantoven,januvia,dʒænuːviə,ʤanuvja,1,0.375,0.79310346,3,0,1,0.375,0.0,0.5,0.6,3,0,1,0.375,0.73333335,3,0,1,0.7225807,0.64,0.65806454,0.56,1,3,0,2,0,1,1,0,0,1,0,0,0,1
healon,hiːlɑːn,healon,hyalgan,haɪælgən,hjalgan,1,0.2857143,0.8181818,2,1,0,0.2857143,0.14285715,0.57142854,0.6,2,1,0,0.14285715,0.7692308,2,1,0,0.59791666,0.62666667,0.51458335,0.4311111,1,1,1,2,0,0,1,0,0,1,1,0,1,0
zestoretic,zɛstoːɹɛɾɪk,zestoɾetik,zusduri,zʌsdʒuːɹi,zusduɾiʔ,0,0.1,0.7352941,3,0,3,0.1,0.0,0.39999998,0.5,3,0,3,0.1,0.64705884,3,0,3,0.67580646,0.68064517,0.64354837,0.62580645,3,1,0,2,1,0,1,0,1,0,0,0,0,0
escitalopram,ɛsɪtæləpɹæm,ʔessitalopɾam,aloprim,ɐlɑːpɹɪm,ʔalopɾim,0,0.33333334,0.7297298,1,0,5,0.41666666,0.083333336,0.5,0.57142854,1,0,5,0.0,0.68421054,1,0,5,0.63432837,0.54320985,0.53283584,0.48641977,5,0,1,3,2,2,2,0,1,0,1,0,0,0
carteolol hydrochloride,kɑːɹɾɪɑːlɑːl haɪdɹəkloːɹaɪd,kaɾteololhjdɾoʧloɾide,propoxyphene hydrochloride,pɹəpɑːksɪfiːn haɪdɹəkloːɹaɪd,pɾopoksjphenehjdɾoʧloɾide,0,0.5,0.78651685,6,4,1,0.53846157,0.53846157,0.5769231,0.6111111,6,4,1,0.0,0.7659575,6,4,1,0.68108106,0.6006289,0.62635136,0.5943396,3,0,14,3,1,2,0,0,1,0,1,0,0,1
hydrea,haɪdɹiə,hjdɾea,hydrap es,haɪdɹæp iːz,hjdɾapʔes,0,0.44444445,0.76,1,2,0,0.44444445,0.0,0.5555556,0.57142854,1,3,0,0.44444445,0.78571427,1,2,0,0.7054545,0.59322035,0.65090907,0.5254237,3,4,0,2,1,0,0,0,1,1,0,0,1,0
saxagliptin,sæksɐglɪptɪn,saksagliptin,sitagliptin,sɪɾɐglɪptɪn,sitagliptin,1,0.72727275,0.9318182,2,0,0,0.72727275,0.72727275,0.8181818,0.85714287,2,0,0,0.09090909,0.9047619,2,0,0,0.8407895,0.8881579,0.8407895,0.82236844,0,1,8,0,0,0,0,0,1,1,1,0,0,1
desipramine,dɪzɪpɹɐmiːn,desipɾamine,disopyramide,dɪsɑːpɪɹæmaɪd,disopjɾamide,1,0.33333334,0.86956525,3,1,0,0.33333334,0.083333336,0.6666666,0.71428573,3,1,0,0.083333336,0.82608694,3,1,0,0.78333336,0.8445946,0.575,0.8175676,1,1,1,1,0,1,0,0,1,1,0,0,0,1
regranex,ɹɪgɹeɪnɛks,ɾegɾaneks,reglan,ɹɪglæn,ɾeglan,0,0.5,0.82142854,1,0,2,0.375,0.0,0.625,0.6,1,0,2,0.375,0.78571427,1,0,2,0.61129034,0.622807,0.61129034,0.622807,2,3,0,1,1,1,1,0,1,1,0,0,0,0
zelapar,zɛlɐpɑːɹ,zelapaɾ,zelboraf,zɛlboːɹæf,zelboɾaf,0,0.375,0.76666665,3,1,0,0.375,0.0,0.5,0.6,3,1,0,0.375,0.73333335,3,1,0,0.692,0.684,0.592,0.588,1,3,0,1,0,0,0,0,0,1,0,0,0,1
celebrex,sɛlɪbɹɛks,kelebɾeks,cerebyx,sɛɹɪbɪks,keɾebjks,1,0.375,0.8666667,2,0,1,0.25,0.125,0.625,0.6,2,0,1,0.25,0.8,2,0,1,0.80526316,0.80350876,0.80526316,0.80350876,1,2,1,0,1,0,1,1,1,1,1,0,0,1
faslodex,fæsloʊdɛks,faslodeks,nasonex,næsoʊnɛks,nasoneks,0,0.25,0.8,2,0,1,0.25,0.25,0.625,0.39999998,2,0,1,0.0,0.8,2,0,1,0.67741936,0.64912283,0.67903227,0.6508772,1,0,2,1,0,0,0,1,1,0,1,0,0,1
dextrose 5 and potassium chloride 015 in plastic container,dɛkstɹoʊz faɪv ænd pətæsiəm kloːɹaɪd ziəɹoʊ fɪftiːn ɪn plæstɪk kənteɪnɚ,dekstɾose5ʔandpotasumʧloɾide015ʔinplastikkontaʔineɾ,dextrose 5 sodium chloride 033 and potassium chloride 015 in plastic container,dɛkstɹoʊz faɪv soʊdiəm kloːɹaɪd ziəɹoʊ θɜːɾi θɹiː ænd pətæsiəm kloːɹaɪd ziəɹoʊ fɪftiːn ɪn plæstɪk kənteɪnɚ,dekstɾose5sodjumʧloɾide033ʔandpotasumʧloɾide015ʔinplastikkontaʔineɾ,0,0.74358976,0.8643216,0,14,0,0.61538464,0.61538464,0.74358976,0.7407408,0,20,0,0.14102565,0.8679245,0,14,0,0.64952743,0.7204787,0.62344044,0.71542555,20,11,48,8,5,7,6,0,1,1,1,0,0,1
flonase,flɑːneɪs,flonase,flovent,flʌvɛnt,flavnt,1,0.42857143,0.75,4,0,0,0.42857143,0.0,0.4285714,0.6,4,0,0,0.42857143,0.71428573,4,0,0,0.66888887,0.62093025,0.55777776,0.5,0,3,0,1,1,0,1,1,1,1,0,0,2,1
alfentanil,ɐlfɛntɐnɪl,ʔalfentanil,fentanyl,fɛntɐnaɪl,fentanjl,1,0.5,0.8611111,1,0,2,0.6,0.1,0.7,0.6666666,1,0,2,0.0,0.82857144,1,0,2,0.83709675,0.6057971,0.7741935,0.6057971,2,0,1,0,2,1,2,0,1,0,1,0,0,1
motrin,mɑːtɹɪn,motɾin,neurontin,nʊɹɹɔntɪn,neuɾontin,1,0.11111111,0.6551724,3,3,0,0.22222222,0.22222222,0.3333333,0.19999999,3,3,0,0.0,0.6333333,3,3,0,0.5385965,0.51272726,0.4508772,0.48363635,3,0,2,1,1,1,2,0,1,0,1,0,0,0
chlorpromazine,kloːɹəpɹɑːmɐziːn,ʧloɾpɾomasʔineʔ,chloraprep one step,kloːɹɐpɹɛp wʌn stɛp,ʧloɾapɾepʔonestep,0,0.36842105,0.7580645,6,3,0,0.2631579,0.0,0.4736842,0.53846157,5,5,0,0.2631579,0.7258065,6,3,0,0.63235295,0.6214953,0.5539216,0.6046729,5,5,0,2,1,2,1,0,0,1,0,0,0,1
floranex,floːɹeɪnɛks,floɾaneks,flolan,flɑːlæn,flolan,0,0.5,0.82142854,1,0,2,0.375,0.0,0.625,0.6,1,0,2,0.375,0.78571427,1,0,2,0.6048387,0.622807,0.5241935,0.622807,2,3,0,1,1,1,1,0,0,1,0,0,1,0
cubicin,kjuːbɪsɪn,kubjsjn,ocumycin,ɑːkəmaɪsɪn,ʔokamjsjn,0,0.375,0.8333333,2,1,0,0.375,0.375,0.625,0.6,2,1,0,0.0,0.8,2,1,0,0.7226415,0.71525425,0.61132073,0.65084743,1,0,3,1,0,1,0,0,0,0,1,0,0,0
mitoxantrone,maɪɾəksæntɹoʊn,mitoksantɾone,metastron,mɛɾəstɹən,metastɾon,0,0.33333334,0.78571427,2,0,3,0.33333334,0.0,0.5833334,0.71428573,2,0,3,0.083333336,0.7619048,2,0,3,0.6302326,0.6259259,0.5139535,0.554321,3,1,0,1,2,1,2,0,1,1,1,0,0,1
lipitor,lɪpɪɾɚ,lipitoɾ,zyrtec,zɪətɛk,zjɾtek,1,0.0,0.6153846,5,0,1,0.14285715,0.0,0.14285713,0.19999999,5,0,1,0.0,0.56,5,0,1,0.57222223,0.4255814,0.5,0.40232557,1,0,0,1,2,1,2,0,1,0,0,0,0,1
taxol,tæksɑːl,taksol,taxotere,tæksoʊɾɚ,taksoteɾe,1,0.5,0.7307692,1,3,0,0.5,0.0,0.5,0.5,1,3,0,0.5,0.6923077,1,3,0,0.76458335,0.57272726,0.5854167,0.57272726,3,4,0,1,2,1,2,0,0,1,0,0,0,0
codeine,koʊdaɪn,kodejne,lodine,lɑːdiːn,lodine,1,0.42857143,0.84000003,1,0,1,0.42857143,0.42857143,0.71428573,0.6666666,1,0,1,0.0,0.84615386,1,0,1,0.66097564,0.627907,0.38780487,0.60465115,1,0,3,0,0,0,1,1,1,0,1,0,2,1
triavil 4 25,tɹaɪævəl foːɹ twɛnti faɪv,tɾiʔavjl425,triavil 4 50,tɹaɪævəl foːɹ fɪfti,tɾiʔavjl450,0,0.8333333,1.0,0,0,0,0.8333333,0.0,0.8333333,0.7777778,2,0,0,0.8333333,1.0,0,0,0,0.6744186,1.0,0.675969,1.0,0,10,0,0,0,0,0,1,1,1,1,1,0,1
engerix b adult,ɛndʒɛɹɪks biː ɐdʌlt,ʔeŋeɾjksbʔadult,engerix b pediatric adolescent,ɛndʒɛɹɪks biː piːdɪætɹɪk ædəlɛsənt,ʔeŋeɾjksbpediʔatɾajsʔadoleskent,1,0.4,0.66233766,1,14,0,0.33333334,0.033333335,0.46666664,0.5263158,1,15,0,0.33333334,0.625,1,14,0,0.50893855,0.42639595,0.48435754,0.40304568,15,10,1,8,5,5,6,0,0,1,1,0,1,0
accupril,ɐkʌpɹəl,ʔakupɾil,aciphex,ɐsɪfɛks,ʔasipʤks,1,0.25,0.75,4,0,1,0.25,0.0,0.375,0.39999998,4,0,1,0.25,0.6551724,4,0,1,0.49069768,0.5846154,0.4255814,0.5769231,1,2,0,1,0,0,0,0,0,1,0,0,1,1
seroquel,sɛɹɑːkwəl,seɾokel,sinequan,saɪŋkwən,sinekan,1,0.25,0.76666665,5,0,0,0.25,0.0,0.375,0.5,5,0,0,0.125,0.6875,5,0,0,0.634,0.644186,0.478,0.49534884,0,1,0,0,0,0,0,0,1,1,0,0,0,0
bryrel,bɹaɪɹəl,bɾjɾel,lybrel,lɪbɹəl,ljbɾel,0,0.5,0.7916667,1,1,1,0.5,0.5,0.5,0.39999998,3,0,0,0.0,0.75,3,0,0,0.67209303,0.7125,0.5813953,0.7125,0,0,3,0,0,0,0,0,1,0,1,0,1,1
oxycontin,ɑːksɪkɔntɪn,ʔoksikeontin,oxytocin,ɑːksɪtɑːsɪn,ʔoksjosjn,1,0.44444445,0.8235294,2,0,1,0.33333334,0.22222222,0.6666666,0.5,2,0,1,0.33333334,0.8235294,2,0,1,0.7919355,0.51216215,0.6983871,0.5067568,1,3,2,1,0,0,0,0,0,1,1,0,1,1
aminocaproic acid in plastic container,ɐmɪnəkɐpɹoʊɪk æsɪd ɪn plæstɪk kənteɪnɚ,ʔaminokapɾojsʔasidʔinplastikkontaʔineɾ,plegisol in plastic container,plɛdʒɪsɑːl ɪn plæstɪk kənteɪnɚ,plegisolʔinplastikkontaʔineɾ,0,0.5263158,0.79130435,7,0,8,0.55263156,0.55263156,0.57894737,0.6521739,7,0,9,0.0,0.77310926,7,0,8,0.684466,0.6613445,0.6563107,0.6378151,9,0,21,3,4,4,5,0,1,0,1,0,0,1
carboplatin,kɑːɹbəplætɪn,kaɾboplatin,carbidopa,kɑːɹbɪdoʊpə,kaɾbidopa,0,0.45454547,0.725,5,0,2,0.36363637,0.0,0.45454544,0.4285714,0,2,4,0.36363637,0.7,0,2,4,0.7217391,0.6956522,0.6463768,0.56231886,2,4,0,2,0,0,0,0,0,1,0,0,1,0
ambisome,æmbaɪsʌm,ʔambisome,amphotericin b,æmfoʊtɹɪsɪn biː,ʔamphoteɾajsjnb,1,0.14285715,0.63414633,5,5,0,0.14285715,0.0,0.21428573,0.111111104,5,6,0,0.14285715,0.54761904,5,5,0,0.5063291,0.414433,0.4101266,0.36597937,6,2,0,4,1,2,1,0,0,1,0,0,0,1
hydro reserp,haɪdɹoʊ ɹɪsɜːp,hjdɾoɾeseɾp,hydropres 25,haɪdɹɑːpɚz twɛnti faɪv,hjdɾopɾes25,0,0.5833333,0.78947365,0,1,3,0.41666666,0.0,0.6666666,0.6,4,0,0,0.41666666,0.8,0,1,3,0.47948718,0.70422536,0.42478633,0.70422536,0,5,0,1,1,1,1,0,0,1,0,0,0,0
tradjenta,tɹædʒɛntə,tɾadʤenta,trudhesa,tɹʌdhɛsə,tɾudhesa,0,0.22222222,0.78787875,3,0,1,0.22222222,0.11111111,0.5555556,0.5,3,0,1,0.22222222,0.7647059,3,0,1,0.7,0.68421054,0.69298244,0.6175439,1,2,1,1,0,0,0,0,1,1,1,0,0,0
lovaza,lʌvɑːzə,lovasa,akovaz,ækəvæz,ʔakovas,0,0.5,0.75,1,1,1,0.6666667,0.0,0.5,0.6666666,1,1,1,0.0,0.75,1,1,1,0.65,0.55813956,0.47500005,0.55813956,0,0,0,0,0,0,0,0,1,0,0,0,1,0
seroquel,sɛɹɑːkwəl,seɾokel,serzone,sɜːzoʊn,seɾsone,1,0.375,0.7241379,3,0,1,0.375,0.0,0.5,0.5,3,0,1,0.375,0.73333335,3,0,1,0.45,0.6511628,0.326,0.6418605,1,3,0,0,0,1,1,0,1,1,0,0,0,0
morphine non concentrated oral liquid,mɔːɹfiːn nɑːn kɑːnsəntɹeɪɾɪd oːɹəl lɪkwɪd,moɾphinenonkkentɾatedʔoɾallikid,morphine oral liquid concentrate,mɔːɹfiːn oːɹəl lɪkwɪd kɑːnsəntɹeɪt,moɾphineʔoɾallikidkkentɾate,1,0.5405405,0.6923077,3,7,11,0.3243243,0.0,0.35135138,0.4166667,3,8,13,0.24324325,0.68333334,3,7,11,0.499,0.51794875,0.4885,0.50666666,5,9,0,3,1,2,1,0,1,1,0,0,0,0
lanophyllin,lænəfɪlɪn,lanophjllin,neothylline,niːoʊθɪlaɪn,neotjlline,0,0.45454547,0.7692308,3,1,1,0.54545456,0.0,0.5454545,0.75,3,1,1,0.0,0.75,3,1,1,0.75344825,0.70422536,0.6,0.70985913,0,0,0,1,0,1,1,0,0,0,1,0,1,0
daunorubicin,dɔːnoːɹuːbɪsɪn,daʔunoɾubjsjn,idarubicin,aɪdɑːɹɹuːbɪsɪn,ʔidaɾubjsjn,1,0.5833333,0.8372093,3,0,2,0.5833333,0.5833333,0.6666666,0.8333333,0,1,3,0.0,0.8181818,0,1,3,0.80694443,0.7879518,0.72083336,0.7301205,2,0,7,1,0,0,1,0,1,0,1,0,0,1
ketorolac,kɛɾoːɹɑːlæk,ketoɾolak,methadone,mɛθɐdoʊn,methadone,1,0.11111111,0.68571424,5,1,1,0.22222222,0.0,0.22222221,0.19999999,7,0,0,0.0,0.6111111,7,0,0,0.41454545,0.4490909,0.32909092,0.3181818,0,0,0,0,0,1,0,0,0,0,0,0,0,1
neo cort dome,niːoʊ kɔːɹt doʊm,neokoɾtdome,neo cortef,niːoʊ kɔːɹɾɛf,neokoɾtef,0,0.61538464,0.8378378,2,0,2,0.61538464,0.0,0.6153846,0.625,2,0,3,0.61538464,0.8,2,0,2,0.6666667,0.7208955,0.6611111,0.7208955,3,8,0,1,1,0,1,1,1,1,0,0,0,0
bupivacaine,bjuːpɪveɪkeɪn,bupivakaʔineʔ,ropivacaine,ɹɑːpɪveɪkeɪn,ɾopivakaʔineʔ,1,0.72727275,0.9285714,2,0,0,0.8181818,0.8181818,0.8181818,0.8,2,0,0,0.0,0.9090909,2,0,0,0.88055557,0.94050634,0.825,0.9278481,0,0,9,0,0,0,0,1,1,0,1,0,0,1
nifedipine,naɪfdɪpaɪn,nifedipine,nimodipine,nɪmədɪpaɪn,nimodipine,1,0.7,0.925,2,0,0,0.6,0.6,0.8,0.8,2,0,0,0.2,0.9,2,0,0,0.825,0.87166667,0.735,0.87166667,0,2,6,0,0,1,0,0,0,1,1,0,0,1
paroxetine,pæɹəksɛtiːn,paɾoksetine,piroxicam,pɪɹəksɪkæm,piɾoksikam,1,0.3,0.78947365,5,0,1,0.3,0.0,0.39999998,0.6,5,0,1,0.1,0.71052635,5,0,1,0.9451613,0.87761194,0.92903227,0.73731345,1,1,0,0,1,0,1,0,1,1,0,0,0,1
amaryl,æmɑːɹɹɪl,ʔamaɾjl,reminyl,ɹɪmɪnaɪl,ɾeminjl,1,0.14285715,0.7692308,3,1,0,0.2857143,0.2857143,0.4285714,0.6,3,1,0,0.0,0.6923077,3,1,0,0.5729167,0.67777777,0.49791667,0.46444446,1,0,2,1,0,0,0,0,0,0,1,0,1,0
mirapex,mɜːɹeɪpɛks,miɾapeks,mirabegron,mɜːɹeɪbgɹən,miɾabegɾon,0,0.4,0.7352941,2,3,0,0.4,0.0,0.5,0.3333333,2,3,0,0.4,0.7058823,2,3,0,0.6854839,0.7258065,0.6854839,0.7258065,3,4,0,2,1,1,1,0,1,1,0,0,0,1
metyrosine,mɛɾɪɹɑːsaɪn,metjɾosine,myoscint,maɪəsɪnt,mjossjnt,0,0.3,0.7352941,1,1,3,0.2,0.0,0.5,0.3333333,1,1,3,0.1,0.7222222,1,1,3,0.645,0.44032258,0.46,0.44032258,2,1,0,0,2,2,2,0,0,1,0,0,0,1
thrombate iii,θɹɑːmbeɪt ɹoʊmən θɹiː,tɾombateʔiʔiiʔ,aerolate iii,ɛɹoʊleɪt ɹoʊmən θɹiː,ʔaeɾolateʔiʔiiʔ,0,0.53846157,0.82051283,3,0,1,0.53846157,0.53846157,0.6923077,0.4285714,3,0,1,0.0,0.8095238,3,0,1,0.7904762,0.70561796,0.70857143,0.70561796,1,0,7,3,1,1,2,0,1,0,1,0,0,1
neupogen,nuːpədʒən,neupogen,desogen,dɪsoʊdʒən,desogen,0,0.375,0.8275862,2,0,1,0.5,0.5,0.625,0.5,2,0,1,0.0,0.8,2,0,1,0.78909093,0.78125,0.6618182,0.7604167,1,0,4,0,0,0,1,0,1,0,1,0,0,0
neulasta,nuːlæstə,neulasta,nuedexta,nuːdɛkstə,nuedekstaʔ,1,0.25,0.8,5,0,0,0.25,0.25,0.375,0.5,5,0,0,0.125,0.6875,5,0,0,0.71,0.62741935,0.702,0.5048387,0,1,2,0,0,1,0,0,0,1,0,0,0,1
mafenide acetate,meɪfnaɪd æsɪteɪt,mafenideʔaketate,octreotide acetate,ɑːktɹɪɑːɾaɪd æsɪteɪt,ʔoktɾeotideʔaketate,0,0.5555556,0.8196721,4,2,0,0.6111111,0.6111111,0.6666666,0.5555556,4,2,0,0.0,0.828125,4,2,0,0.6811881,0.6808696,0.63465345,0.6652174,2,0,11,1,0,0,1,0,1,0,1,0,0,1
tracleer,tɹæklɪɹ,tɾakeleɾ,tricor,tɹaɪkɚ,tɾajsoɾ,1,0.25,0.8148148,2,0,2,0.25,0.125,0.5,0.8,2,0,2,0.25,0.71428573,2,0,2,0.64,0.618,0.5511111,0.618,2,2,1,1,0,0,1,0,1,1,1,0,0,0
diprivan,dɪpɹɪvæn,dipɾivan,risvan,ɹɪsvæn,ɾisvan,0,0.375,0.71428573,2,0,2,0.375,0.375,0.5,0.39999998,2,0,2,0.0,0.71428573,2,0,2,0.624,0.624,0.624,0.624,2,0,3,1,1,1,1,0,1,0,1,0,0,0
cefotetan,sɛfoʊttən,kefotetan,ceftazidime,sɛftɐzɪdaɪm,keftasidime,1,0.36363637,0.725,6,2,0,0.27272728,0.0,0.27272725,0.5,6,2,0,0.27272728,0.64102566,6,2,0,0.6791045,0.74925375,0.5358209,0.60597014,2,3,0,1,1,0,1,0,1,1,0,0,0,1
protamine,pɹoʊɾɐmiːn,pɾotamine,protonix,pɹoʊtənɪks,pɾotonjks,1,0.44444445,0.8235294,3,0,1,0.44444445,0.0,0.5555556,0.6,3,0,1,0.44444445,0.7941176,3,0,1,0.68064517,0.6101695,0.63225806,0.5457627,1,4,0,0,1,0,1,0,0,1,0,0,0,1
physostigmine,faɪsəstɪgmaɪn,phjsostigmine,pyridostigmine,pɪɹɪdɑːstɪgmaɪn,pjɾidostigmine,1,0.64285713,0.8867924,3,1,0,0.64285713,0.64285713,0.71428573,0.6666666,3,1,0,0.071428575,0.8518518,3,1,0,0.84069765,0.79318184,0.7546512,0.7886364,1,1,9,0,1,1,1,0,1,0,1,0,0,1
zolpidem,zɑːlpaɪdəm,zolpidem,zyloprim,zaɪlɑːpɹɪm,zjlopɾim,1,0.125,0.75,5,0,0,0.125,0.125,0.375,0.6666666,5,0,0,0.125,0.6875,5,0,0,0.7145454,0.56346154,0.54,0.5365385,0,1,1,1,1,1,1,0,0,1,1,0,0,1
potassium acetate,pətæsiəm æsɪteɪt,potasumʔaketate,sodium acetate,soʊdiəm æsɪteɪt,sodjumʔaketate,1,0.64705884,0.8545455,2,0,3,0.64705884,0.64705884,0.7058823,0.6666666,2,0,3,0.0,0.8275862,2,0,3,0.8303371,0.83076924,0.81573033,0.83076924,3,0,11,2,1,1,1,0,1,0,1,0,0,1
aerosporin,ɛɹoʊspoːɹɪn,ʔaeɾospoɾin,polysporin,pɑːlɪspoːɹɪn,poljspoɾin,0,0.5,0.8717949,4,0,0,0.6,0.6,0.6,0.57142854,4,0,0,0.0,0.8,4,0,0,0.85806453,0.68955225,0.783871,0.67164177,0,0,6,2,1,0,2,0,0,0,1,0,1,0
micronase,maɪkɹoʊneɪs,mikɾonase,microzide,maɪkɹoʊzaɪd,mikɾozide,1,0.5555556,0.8611111,3,0,0,0.5555556,0.11111111,0.6666666,0.6,3,0,0,0.5555556,0.8333333,3,0,0,0.8769231,0.8545455,0.78615385,0.76363635,0,5,1,0,0,0,0,0,1,1,0,0,0,1
ampicillin sodium,æmpɪsɪlɪn soʊdiəm,ʔampisillinsodjum,micafungin sodium,mɪkɐfʌŋgɪn soʊdiəm,mikafuŋinsodjum,0,0.5294118,0.78688526,3,2,2,0.5294118,0.5294118,0.58823526,0.6,3,2,2,0.0,0.77049184,3,2,2,0.72427183,0.63738316,0.67572814,0.5981308,0,0,9,0,0,0,0,0,1,0,1,0,0,1
colchicine,kɑːltʃɪsiːn,kolʧikʔineʔ,cortrosyn,kɔːɹtɹəsɪn,koɾtɾosjn,1,0.2,0.7297298,6,0,1,0.2,0.0,0.3,0.28571427,6,0,1,0.2,0.6315789,6,0,1,0.8789474,0.4289855,0.7140351,0.40869564,1,2,0,1,2,0,2,0,0,1,1,0,0,1
pantoprazole sodium,pæntəpɹæzoʊl soʊdiəm,pantopɾasolesodjum,pentobarbital sodium,pɛntəbɑːɹbɪɾəl soʊdiəm,pentobaɾbitalsodjum,0,0.45,0.8333333,5,2,1,0.35,0.35,0.6,0.75,7,1,0,0.05,0.7837838,7,1,0,0.85,0.8210084,0.8008197,0.6983193,1,1,7,1,0,0,0,0,1,1,1,0,0,1
mucinex,mjuːsaɪnɛks,mukʔeks,mucinex allergy,mjuːsaɪnɛks ælɚdʒi,mukʔeksʔallɾgj,1,0.46666667,0.68292683,0,7,0,0.46666667,0.0,0.46666664,0.39999998,0,8,0,0.46666667,0.68292683,0,7,0,0.63265306,0.48913044,0.63265306,0.48913044,8,7,0,5,2,3,2,0,0,1,0,0,0,1
neo synephrine,niːoʊ saɪnɪfɹiːn,neosjnephɾine,neostigmine,niːoʊstɪgmaɪn,neostigmine,1,0.35714287,0.76086956,4,0,2,0.21428572,0.21428572,0.5,0.3333333,4,0,3,0.21428572,0.7916667,4,0,2,0.6883117,0.5567901,0.55974025,0.54444444,3,3,3,2,0,1,0,0,0,1,1,0,0,1
lunesta,lʌnɛstə,lunesta,bonjesta,bɑːndʒɛstə,bonʤesta,0,0.375,0.8333333,2,1,0,0.5,0.5,0.625,0.6,2,1,0,0.0,0.8,2,1,0,0.5614035,0.68,0.47368422,0.66,1,0,4,1,0,0,0,1,1,0,1,0,0,1
kadian,keɪdiən,kadiʔan,kapidex,kæpaɪdɛks,kapidjks,1,0.2857143,0.72,3,1,0,0.2857143,0.0,0.4285714,0.5,3,1,0,0.2857143,0.6923077,3,1,0,0.57454544,0.41923076,0.45090908,0.42692307,1,2,0,1,1,1,0,0,0,1,0,0,0,1
abiraterone acetate,æbɚɹæɾɚɹoʊn æsɪteɪt,ʔabiɾateɾoneʔaketate,guanabenz acetate,gwɑːneɪbənts æsɪteɪt,guʔanabensʔaketate,0,0.42105263,0.77272725,7,0,2,0.42105263,0.42105263,0.57894737,0.44444442,6,0,2,0.0,0.7647059,6,0,2,0.6,0.6166667,0.5009091,0.60333335,2,0,8,0,3,2,2,0,1,0,1,0,0,1
etravirine,ɪtɹævɪɹiːn,ʔetɾaviɾine,veraring,vɛɹɛɹɪŋ,veɾaɾiŋ,0,0.3,0.7222222,3,0,2,0.3,0.0,0.5,0.39999998,3,0,2,0.0,0.7222222,3,0,2,0.6218182,0.5283582,0.59636366,0.4119403,2,0,0,0,2,1,2,0,1,0,0,0,0,1
roxanol,ɹɑːksɐnɑːl,ɾoksanol,roxicet,ɹɑːksɪsɪt,ɾoksjset,1,0.42857143,0.78571427,4,0,0,0.42857143,0.0,0.4285714,0.5,4,0,0,0.42857143,0.71428573,4,0,0,0.722,0.5673077,0.52,0.50576925,0,3,0,0,0,0,0,0,0,1,0,0,0,1
humapen memoir,hjuːmeɪpən mɛmwɑːɹ,humapenmemojɾ,humira pen,hjuːmiəɹə pɛn,humiɾapen,1,0.35714287,0.675,5,0,4,0.21428572,0.0,0.35714287,0.375,5,0,4,0.21428572,0.6511628,0,2,6,0.5946237,0.5074074,0.5258064,0.4962963,4,3,0,2,1,1,2,0,1,1,0,0,1,0
sarafem,sæɹəfəm,saɾafem,serophene,sɛɹəfiːn,seɾophene,1,0.11111111,0.7419355,4,2,0,0.11111111,0.0,0.3333333,0.39999998,4,2,0,0.11111111,0.65625,4,2,0,0.96744186,0.67454547,0.9302326,0.5,2,1,0,1,1,0,1,0,0,1,0,0,0,1
glipizide,glɪpɪzaɪd,glipizide,glyburide,glaɪbɪɹaɪd,gljbuɾide,1,0.44444445,0.8611111,4,0,0,0.33333334,0.33333334,0.5555556,0.5,4,0,0,0.22222222,0.7714286,4,0,0,0.89,0.75438595,0.825,0.75438595,0,2,3,1,1,0,1,1,1,1,1,0,0,1
citalopram,sɪɾɐlɑːpɹæm,kitalopɾam,escitalopram,ɛsɪtæləpɹæm,ʔessitalopɾam,1,0.75,0.90697676,0,2,0,0.8333333,0.8333333,0.8333333,0.85714287,0,2,0,0.0,0.9090909,0,2,0,0.85223883,0.7222222,0.74179107,0.7222222,2,0,10,1,1,1,1,0,1,0,1,0,0,1
bactrim ds,bæktɹɪm diːɛs,baktɾimds,bactrim pediatric,bæktɹɪm piːdɪætɹɪk,baktɾimpediʔatɾajs,0,0.47058824,0.71428573,1,7,0,0.47058824,0.0,0.5294118,0.6363636,1,7,0,0.47058824,0.68,1,7,0,0.652,0.45877194,0.652,0.45877194,7,8,0,3,3,3,4,0,1,1,0,0,0,0
sulfadiazine,sʌlfeɪdɪɐziːn,sulfadiasʔineʔ,sulfasalazine,sʌlfeɪzælɐziːn,sulfasalasʔineʔ,1,0.6923077,0.8979592,2,1,0,0.3846154,0.3846154,0.7692308,0.71428573,2,1,0,0.3846154,0.9,2,1,0,0.8658228,0.8763441,0.8607595,0.8268817,1,5,5,1,1,0,0,0,1,1,1,0,0,1
cefazolin,sɛfɐzɑːlɪn,kʔefasolin,cefaclor,sɛfæklɚ,kʔefakloɾ,0,0.44444445,0.8235294,3,0,1,0.44444445,0.0,0.5555556,0.6,3,0,1,0.44444445,0.75757575,3,0,1,0.6218182,0.7048387,0.53090906,0.6887097,1,4,0,0,1,1,1,0,0,1,0,0,0,1
carac,kæɹæk,kaɾak,kuric,kjʊɹɹɪk,kuɾjs,1,0.0,0.85,3,0,0,0.2,0.2,0.39999998,0.6666666,3,0,0,0.0,0.7,3,0,0,0.66888887,0.6060606,0.66888887,0.4909091,0,0,1,0,0,0,0,0,0,1,1,0,2,1
darvon,dɑːɹvɑːn,daɾvon,diovan,dɪɑːvæn,diovan,1,0.16666667,0.82608694,3,0,0,0.16666667,0.16666667,0.5,0.75,3,0,0,0.16666667,0.75,3,0,0,0.81578946,0.80526316,0.5868421,0.48421052,0,1,1,1,0,1,1,0,0,1,1,0,1,1
freamine ii 85,fɹiːmaɪn ɹoʊmən tuː eɪɾi faɪv,fɾeamineʔiiʔ85,freamine iii 10,fɹiːmaɪn ɹoʊmən θɹiː tɛn,fɾeamineʔiʔiiʔ10,0,0.8,0.9714286,0,1,0,0.73333335,0.0,0.8,0.75,2,1,0,0.73333335,0.974359,0,1,0,0.74379563,0.85714287,0.7233577,0.85714287,1,11,0,0,0,0,1,1,1,1,1,1,0,1
doxorubicin liposomal,dɑːksoːɹuːbɪsɪn lɪpəsɑːməl,doksoɾubjsjnliposomal,doxil liposomal,dɑːksɪl lɪpəsɑːməl,doksilliposomal,0,0.5714286,0.7910448,1,0,6,0.47619048,0.47619048,0.6666666,0.6666666,1,0,6,0.14285715,0.796875,1,0,6,0.60697675,0.5842105,0.60697675,0.57894737,6,3,10,3,3,3,3,0,1,1,1,0,0,1
pamelor,peɪmlɚ,pameloɾ,tambocor,tæmbɑːkɚ,tambokoɾ,1,0.25,0.76666665,3,1,0,0.25,0.25,0.5,0.39999998,3,1,0,0.0,0.73333335,3,1,0,0.51860464,0.6,0.48604652,0.608,1,0,2,1,0,0,0,0,0,0,1,0,0,0
tacrolimus,tækɹəlɪməs,takɾolimus,tracrium,tɹækɹiəm,tɾakɾjum,0,0.3,0.71428573,1,1,3,0.3,0.0,0.5,0.5,1,1,3,0.1,0.71428573,1,1,3,0.62419355,0.5967742,0.5435484,0.5967742,2,1,0,1,2,1,1,0,1,1,0,0,0,1
duzallo,duːzæloʊ,dusoloʔ,dycill,daɪsɪl,silj,0,0.2857143,0.7916667,3,0,1,0.2857143,0.0,0.4285714,0.6,3,0,1,0.14285715,0.6521739,3,0,1,0.7414634,0.4232558,0.6390244,0.4,1,1,0,1,2,1,2,0,0,1,0,0,1,1
alogliptin and metformin hydrochloride,ɐlɑːglɪptɪn ænd mɛtfoːɹmɪn haɪdɹəkloːɹaɪd,ʔalogliptinʔandmetfoɾminhjdɾoʧloɾide,dutasteride and tamsulosin hydrochloride,duːɾeɪstɹaɪd ænd tæmsuːlɑːsɪn haɪdɹəkloːɹaɪd,dutasteɾideʔandtamsulosinhjdɾoʧloɾide,0,0.475,0.7714286,14,3,1,0.4,0.4,0.575,0.5769231,13,3,1,0.0,0.75714284,13,3,1,0.72378856,0.6939394,0.7013216,0.67142856,2,0,16,0,2,2,2,0,1,0,1,0,0,1
loxitane,lɑːksɪteɪn,loksitaneʔ,lithane,lɪθeɪn,lithane,0,0.5,0.79310346,3,0,1,0.375,0.375,0.625,0.5,0,1,2,0.125,0.79310346,0,1,2,0.6036364,0.5032258,0.5272727,0.46774194,1,1,3,0,1,1,1,0,1,1,1,0,1,0
akovaz,ækəvæz,ʔakovas,alvaiz,ælveɪz,ʔalvejjs,0,0.33333334,0.7826087,1,1,1,0.33333334,0.16666667,0.5,0.6666666,1,1,1,0.16666667,0.75,1,1,1,0.65833336,0.44230768,0.60833335,0.41153845,0,1,1,0,1,1,0,0,0,1,1,0,0,0
vesanoid,vɛsɐnɔɪd,vesanoid,stanozide,stænəzaɪd,stanozide,0,0.33333334,0.6969697,2,2,1,0.33333334,0.0,0.44444442,0.39999998,2,2,1,0.0,0.7058823,2,2,1,0.6690909,0.6490909,0.5018182,0.64181817,1,0,0,1,1,0,0,0,0,0,1,0,0,1
prilosec,pɹɪloʊsək,pɾilosek,pristiq,pɹɪstɪk,pɾistik,1,0.375,0.73333335,4,0,1,0.375,0.0,0.375,0.39999998,4,0,1,0.375,0.6896552,4,0,1,0.6363636,0.72,0.57454544,0.692,1,3,0,0,1,1,1,0,0,1,0,0,0,0
hyalgan,haɪælgən,hjalgan,halcion,hælʃən,halsjon,0,0.2857143,0.7916667,2,1,1,0.2857143,0.14285715,0.4285714,0.6,2,1,1,0.14285715,0.71428573,2,1,1,0.7125,0.6377778,0.72083336,0.5311111,0,1,1,1,0,1,1,0,0,1,1,0,1,0
sertraline,sɜːtɹəlaɪn,seɾtɾaline,setlakin,sɛtlɐkɪn,setlakin,0,0.3,0.8055556,2,0,2,0.2,0.0,0.6,0.5,2,0,2,0.2,0.7714286,2,0,2,0.74,0.58870965,0.6690909,0.58870965,2,2,0,1,1,0,1,0,1,1,1,0,0,1
avandia,ævændiə,ʔavandia,coumadin,kaʊmɐdɪn,koumadin,1,0.125,0.64285713,3,2,1,0.25,0.0,0.25,0.25,5,1,0,0.0,0.6333333,5,1,0,0.53125,0.56666666,0.40208334,0.37291667,1,0,0,1,0,1,0,0,0,0,0,0,0,1
sitagliptin,sɪɾɐglɪptɪn,sitagliptin,sumatriptan,suːmɐtɹɪptən,sumatɾiptan,1,0.27272728,0.8409091,5,0,0,0.27272728,0.09090909,0.5454545,0.57142854,5,0,0,0.09090909,0.76744187,5,0,0,0.78985506,0.81884056,0.726087,0.757971,0,1,1,0,0,0,0,0,1,1,1,0,0,1
capozide 25 15,kæpəzaɪd twɛnti faɪv fɪftiːn,kapozide2515,capozide 50 25,kæpəzaɪd fɪfti twɛnti faɪv,kapozide5025,0,0.78571427,1.0,0,0,0,0.64285713,0.071428575,0.78571427,0.7,3,0,0,0.64285713,1.0,0,0,0,0.7067568,1.0,0.70405406,1.0,0,9,1,0,0,0,0,1,1,1,1,1,0,1
sarafem,sæɹəfəm,saɾafem,solaraze,soʊlæɹəz,solaɾaseʔ,0,0.375,0.73333335,1,2,1,0.375,0.0,0.5,0.25,1,2,1,0.125,0.73333335,1,2,1,0.62916666,0.5672727,0.56666666,0.5672727,1,1,0,0,1,0,1,0,1,1,0,0,0,1
ditropan,dɪtɹəpæn,ditɾopan,drolban,dɹɑːlbən,dɾolban,0,0.375,0.76666665,1,1,2,0.25,0.25,0.5,0.39999998,1,1,2,0.125,0.73333335,1,1,2,0.672,0.68,0.572,0.68,1,1,2,0,1,1,1,0,1,1,1,0,0,0
cardura,kɑːɹdʒuːɹə,kaɾduɾa,coumadin,kaʊmɐdɪn,koumadin,1,0.125,0.62068963,4,2,1,0.125,0.0,0.125,0.5,6,1,0,0.125,0.5333333,6,1,0,0.466,0.51875,0.312,0.31875,1,1,0,0,0,0,1,0,0,1,0,0,0,1
metyrapone,mɛɾɪɹæpoʊn,metjɾapone,metyrosine,mɛɾɪɹɑːsaɪn,metjɾosine,1,0.6,0.9,3,0,0,0.5,0.2,0.7,0.8333333,3,0,0,0.5,0.85,3,0,0,0.92333335,0.93064517,0.76,0.83709675,0,5,2,0,0,0,0,0,0,1,1,0,0,1
daunorubicin liposomal,dɔːnoːɹuːbɪsɪn lɪpəsɑːməl,daʔunoɾubjsjnliposomal,doxil liposomal,dɑːksɪl lɪpəsɑːməl,doksilliposomal,0,0.45454547,0.75,2,0,7,0.45454547,0.45454547,0.5909091,0.5833334,2,0,7,0.045454547,0.74242425,2,0,7,0.6229508,0.51521736,0.5852459,0.5050725,7,1,10,3,3,3,4,0,1,1,1,0,0,1
labetalol,læbɪtælɑːl,labetalol,lamictal,læmɪktəl,lamiktal,1,0.44444445,0.7352941,2,1,2,0.33333334,0.11111111,0.44444442,0.39999998,2,1,2,0.22222222,0.7058823,2,1,2,0.7054545,0.7090909,0.64363635,0.68363637,1,2,1,0,1,1,1,0,0,1,1,0,0,1
everolimus,ɛvɚɹɑːlɪməs,ʔeveɾolimus,temsirolimus,tɛmzɪɹɑːlɪməs,temseɾolimus,0,0.5,0.8409091,2,2,0,0.5833333,0.5833333,0.6666666,0.57142854,2,2,0,0.0,0.8095238,2,2,0,0.7445946,0.772973,0.7445946,0.7675676,2,0,7,2,0,0,0,1,1,0,1,0,0,1
clindamycin phosphate and tretinoin,klɪndɐmaɪsɪn fɑːsfeɪt ænd tɹɛtɪnɔɪn,klindamjsjnphosphateʔandtɾetinojn,clindamycin phosphate in 09 sodium chloride,klɪndɐmaɪsɪn fɑːsfeɪt ɪn ziəɹoʊ naɪn soʊdiəm kloːɹaɪd,klindamjsjnphosphateʔin09sodjumʧloɾide,0,0.53488374,0.8267716,8,4,0,0.5116279,0.0,0.60465115,0.6333333,9,8,0,0.5116279,0.82089555,8,4,0,0.6413284,0.77347827,0.6107011,0.75173914,8,22,0,2,2,2,2,0,0,1,0,0,1,0
hydroxyprogesterone,haɪdɹɑːksɪpɹoʊdʒstɚɹoʊn,hjdɾoksjpɾogesteɾone,medroxyprogesterone,mɛdɹəksɪpɹoʊdʒstɚɹoʊn,medɾoksjpɾogesteɾone,1,0.84210527,0.96,2,0,0,0.8947368,0.8947368,0.8947368,0.84615386,2,0,0,0.0,0.96052635,2,0,0,0.9242647,0.890625,0.89485294,0.890625,0,0,17,1,1,1,1,0,1,0,1,0,0,1
tylenol,taɪlənɑːl,tjlenol,tylenol pm,taɪlənɑːl piːɛm,tjlenolpm,1,0.7,0.875,0,2,0,0.7,0.0,0.7,0.625,0,3,0,0.7,0.875,0,2,0,0.6666667,0.7627119,0.6666667,0.7627119,3,7,0,2,0,0,0,1,1,1,0,0,0,1
xeloda,zɛloʊdə,kseloda,xenical,zɛnɪkəl,ksjikal,1,0.2857143,0.7307692,3,1,0,0.2857143,0.0,0.4285714,0.25,3,1,0,0.2857143,0.6923077,3,1,0,0.5488372,0.64444447,0.53023255,0.61333334,1,2,0,1,0,0,0,0,1,1,0,0,1,0
atorvastatin,æɾoːɹvæstɐtɪn,ʔatoɾvastatin,lovastatin,lʌvɐstætɪn,lovastatin,0,0.5833333,0.8636364,1,0,2,0.6666667,0.6666667,0.75,0.71428573,1,0,2,0.0,0.8636364,1,0,2,0.77567565,0.6691358,0.64054054,0.6691358,2,0,8,1,1,1,1,0,1,0,1,0,0,1
metolazone,mɛɾəlæzoʊn,metolasone,mytelase,maɪɾɪleɪz,mjtelase,0,0.2,0.8055556,3,0,2,0.2,0.1,0.5,0.39999998,3,0,2,0.1,0.7222222,3,0,2,0.7783333,0.62333333,0.6616667,0.62333333,2,1,1,0,2,1,2,0,0,1,0,0,0,1
b o,biː oʊ,bʔo,beano,biːnoʊ,beano,1,0.2,0.6153846,0,3,0,0.2,0.2,0.39999998,0.5,1,2,0,0.2,0.57142854,0,3,0,0.6896552,0.3586207,0.6896552,0.31724137,2,1,1,1,1,1,2,0,0,1,0,0,1,0
lanoxin,lænəksɪn,lanoksin,lanophyllin,lænəfɪlɪn,lanophjllin,0,0.45454547,0.7647059,1,4,0,0.36363637,0.18181819,0.5454545,0.375,1,4,0,0.36363637,0.7352941,1,4,0,0.69454545,0.5084507,0.69454545,0.5084507,4,4,2,4,0,1,0,1,1,1,1,0,1,0
stalevo 50,stæliːvoʊ fɪfti,stalevoʔ50,stalevo 75,stæliːvoʊ sɛvənti faɪv,stalevoʔ75,0,0.8,1.0,0,0,0,0.8,0.0,0.8,0.71428573,2,0,0,0.8,1.0,0,0,0,0.6356522,1.0,0.6356522,1.0,0,8,0,0,0,0,0,1,1,1,1,1,2,1
diflucan,dɪfluːkən,diflukan,diflunisal,dɪfljuːnɪsəl,diflunisal,0,0.5,0.8055556,2,2,0,0.5,0.0,0.6,0.5,2,2,0,0.5,0.7777778,2,2,0,0.5304348,0.58870965,0.5014493,0.57258064,2,5,0,1,1,1,1,0,0,1,0,0,0,1
cefoxitin,sɛfəksɪtɪn,kefoksitin,ceftriaxone,sɛftɹɪæksoʊn,keftɾiʔaksone,1,0.27272728,0.74358976,4,2,0,0.27272728,0.0,0.45454544,0.5,4,2,0,0.27272728,0.6923077,4,2,0,0.6891892,0.5395062,0.6662162,0.5123457,2,3,0,1,0,0,1,0,0,1,1,0,0,1
toujeo,taʊdʒɪoʊ,toʔuʤeo,tresiba,tɹɛzɪbə,tɾesiba,1,0.14285715,0.625,5,1,0,0.14285715,0.0,0.14285713,0.25,5,1,0,0.14285715,0.5769231,5,1,0,0.5804348,0.53720933,0.4304348,0.38372093,1,1,0,2,1,1,1,0,0,1,0,0,0,1
novolog flexpen,nɑːvəlɑːg flɛkspən,novologflkspen,novolog mix 70 30 flexpen,nɑːvəlɑːg mɪks sɛvənti θɜːɾi flɛkspən,novologmiks7030flkspen,1,0.6,0.9032258,0,3,0,0.32,0.32,0.6,0.5263158,0,10,0,0.32,0.9032258,0,3,0,0.4218085,0.73448277,0.40478724,0.73448277,10,8,8,2,1,1,1,0,1,1,1,0,0,1
amiloride,æmɪloːɹaɪd,ʔamiloɾide,amlodipine,æmlədɪpaɪn,ʔamlodipine,1,0.3,0.7368421,5,1,0,0.2,0.1,0.5,0.39999998,2,2,1,0.2,0.7297298,2,2,1,0.62,0.70597017,0.5183333,0.69104475,1,2,1,1,0,0,0,0,0,1,0,0,0,1
humira pen,hjuːmiəɹə pɛn,humiɾapen,humulin r pen,hjuːmjʊlɪn ɑːɹ pɛn,humulinɾpen,0,0.46153846,0.81578946,3,2,0,0.30769232,0.30769232,0.6153846,0.6666666,2,3,0,0.23076923,0.7948718,2,2,0,0.59659094,0.6913043,0.5534091,0.6304348,3,3,4,2,0,0,0,0,1,1,1,0,0,1
femara,fɛmɑːɹɹə,femaɾa,femhrt,fɛmhət,femhɾt,1,0.5,0.875,2,0,0,0.5,0.0,0.6666666,0.6,2,0,0,0.5,0.82608694,2,0,0,0.5534884,0.55,0.4976744,0.55,0,3,0,2,2,2,2,0,1,1,0,0,1,1
fortical,fɔːɹɾɪkəl,foɾtikal,myfortic,maɪfɔːɹɾɪk,mjfoɾtik,0,0.625,0.75,0,2,2,0.75,0.0,0.5,0.5,0,2,2,0.0,0.75,0,2,2,0.6909091,0.7307692,0.6909091,0.7307692,0,0,0,1,1,0,1,0,0,0,0,0,0,0
zestril,zɛstɹəl,zestɾil,zyprexa,zɪpɹɛksə,zjpɾeksaʔ,1,0.14285715,0.64285713,4,1,1,0.14285715,0.0,0.14285713,0.39999998,6,0,0,0.14285715,0.5555556,6,0,0,0.576,0.42542374,0.524,0.41525424,0,1,0,0,0,1,0,0,1,0,0,0,0,0
cardene,kɑːɹdiːn,kaɾdene,cardizem,kɑːɹdaɪzəm,kaɾdizem,1,0.5,0.8333333,2,1,0,0.5,0.0,0.625,0.6,2,1,0,0.5,0.8,2,1,0,0.6309091,0.75,0.54727274,0.722,1,4,0,1,0,1,0,0,1,1,0,0,0,0
paclitaxel,pæklɪtæksəl,paklitaksel,paclitaxel protein bound particles,pæklɪtæksəl pɹoʊtiːn baʊnd pɑːɹɾɪkəlz,paklitakselpɾotejnboundpaɾtikles,1,0.29411766,0.5,0,21,0,0.29411766,0.0,0.29411763,0.27272725,0,24,0,0.29411766,0.47500002,0,21,0,0.345,0.34158415,0.345,0.34158415,24,10,0,13,6,6,8,0,0,1,0,0,0,1
covaryx hs,kɑːvɑːɹɹɪks eɪtʃɛs,kovaɾjkshs,covera hs,kʌvɚɹə eɪtʃɛs,koveɾahs,1,0.5,0.8787879,2,0,1,0.3,0.3,0.7,0.75,2,0,1,0.3,0.8235294,2,0,1,0.727957,0.5954546,0.588172,0.51666665,1,3,3,2,1,0,1,0,0,1,1,0,0,1
tresiba,tɹɛzɪbə,tɾesiba,tevimbra,tɛvɪmbɹə,tevimbɾa,0,0.125,0.73333335,1,2,1,0.125,0.125,0.5,0.39999998,1,2,1,0.125,0.73333335,1,2,1,0.584,0.564,0.584,0.564,1,1,1,1,0,0,0,1,1,1,1,0,0,1
clonidine,klɑːnɪdiːn,klonidine,klonopin,klɑːnəpɪn,klonopin,1,0.33333334,0.8235294,3,0,1,0.33333334,0.0,0.5555556,0.6,3,0,1,0.0,0.7647059,3,0,1,0.952,0.8545455,0.88,0.84363633,1,0,0,0,1,0,1,0,0,1,1,0,0,1
quinidine,kwɪnɪdiːn,kinidine,quinine,kwɪnaɪn,kinine,1,0.7777778,0.8666667,0,0,2,0.5555556,0.33333334,0.7777778,0.75,0,0,2,0.5555556,0.875,0,0,2,0.816,0.6666667,0.696,0.6666667,2,5,3,1,1,1,1,0,0,1,1,0,1,0
tranmep,tɹænmɛp,tɾanmep,trimpex,tɹɪmpɛks,tɾimpeks,0,0.2857143,0.7777778,4,0,0,0.2857143,0.0,0.4285714,0.6,4,0,0,0.2857143,0.7407408,4,0,0,0.6826923,0.6846154,0.6903846,0.61153847,0,2,0,0,0,0,0,0,0,1,0,0,0,1
nilotinib,naɪlətɪnɪb,nilotinib,niraparib,nɜːɹɐpæɹɪb,niɾapaɾib,1,0.33333334,0.8055556,5,0,0,0.22222222,0.22222222,0.44444442,0.39999998,5,0,0,0.22222222,0.71428573,5,0,0,0.75666666,0.7818182,0.66,0.6181818,0,2,2,0,0,0,0,0,0,1,1,0,0,1
potassium chloride 0037 in dextrose 10 and sodium chloride 045 in plastic container,pətæsiəm kloːɹaɪd ziəɹoʊziəɹoʊθɹiːsɛvən ɪn dɛkstɹoʊz tɛn ænd soʊdiəm kloːɹaɪd ziəɹoʊ foːɹɾi faɪv ɪn plæstɪk kənteɪnɚ,potasumʧloɾide0037ʔindekstɾose10ʔandsodjumʧloɾide045ʔinplastikkontaʔineɾ,potassium chloride 015 in sodium chloride 09 in plastic container,pətæsiəm kloːɹaɪd ziəɹoʊ fɪftiːn ɪn soʊdiəm kloːɹaɪd ziəɹoʊ naɪn ɪn plæstɪk kənteɪnɚ,potasumʧloɾide015ʔinsodjumʧloɾide09ʔinplastikkontaʔineɾ,0,0.72289157,0.90047395,1,0,11,0.25301206,0.25301206,0.74698794,0.7241379,3,0,18,0.24096386,0.9026549,0,0,11,0.6387205,0.73417723,0.61936027,0.7321519,18,20,21,7,4,4,4,0,1,1,1,0,0,1
labetalol,læbɪtælɑːl,labetalol,lamotrigine,læmətɹɪdʒɪn,lamotɾigine,1,0.18181819,0.675,6,2,0,0.18181819,0.0,0.27272725,0.3333333,6,2,0,0.18181819,0.65,6,2,0,0.51594204,0.4910448,0.39710146,0.4761194,2,2,0,1,1,0,1,0,0,1,0,0,0,1
clomiphene,klɑːmɪfiːn,klomiphene,clomipramine,kləmɪpɹɐmiːn,klomipɾamine,1,0.5833333,0.8604651,2,2,0,0.5,0.16666667,0.6666666,0.71428573,2,2,0,0.5,0.8409091,2,2,0,0.64492756,0.7,0.5782609,0.6486486,2,6,2,1,1,1,1,0,0,1,1,0,0,1
myleran,maɪlɚɹən,mjleɾan,myzilra,maɪzɪlɹə,mjzilɾa,0,0.42857143,0.7407408,2,1,1,0.2857143,0.0,0.4285714,0.6,2,1,1,0.2857143,0.7407408,2,1,1,0.71666664,0.73333335,0.71666664,0.7111111,0,2,0,0,0,0,0,1,1,1,0,0,0,1
benicar,bɪnɪkɑːɹ,benikaɾ,sensipar,sɛnsɪpɑːɹ,sensipaɾ,0,0.25,0.8,2,1,0,0.25,0.25,0.625,0.39999998,2,1,0,0.0,0.8,2,1,0,0.68,0.682,0.68,0.682,1,0,2,1,0,0,0,0,1,0,1,0,1,0
benadryl,bɛnɐdɹɪl,benadɾjl,bontril,bɔntɹəl,bontɾil,0,0.125,0.8333333,3,0,1,0.125,0.125,0.5,0.6666666,3,0,1,0.125,0.7241379,3,0,1,0.822,0.66346157,0.762,0.66346157,1,1,1,1,0,1,0,0,0,1,1,0,0,0
isordil,aɪsoːɹdɪl,ʔisoɾdil,plendil,plɛndɪl,plendil,1,0.2857143,0.75,4,0,0,0.42857143,0.42857143,0.4285714,0.39999998,4,0,0,0.0,0.6923077,4,0,0,0.5104167,0.5,0.50208336,0.492,0,0,3,1,1,1,1,0,0,0,1,0,0,0
depo medrol,dɪpoʊ mɛdɹɑːl,depomedɾol,solu medrol,sɑːluː mɛdɹɑːl,solumedɾol,1,0.54545456,0.85,4,0,0,0.6363636,0.6363636,0.6363636,0.71428573,4,0,0,0.0,0.8,4,0,0,0.7910448,0.8145161,0.680597,0.7919355,0,0,7,0,0,0,0,0,1,0,1,0,0,1
pitocin,pɪɾəsɪn,pitosjn,pitressin,pɪtɹɪsɪn,pitɾessin,1,0.44444445,0.8387097,2,2,0,0.33333334,0.22222222,0.5555556,0.5,2,2,0,0.33333334,0.75,2,2,0,0.808,0.622807,0.748,0.622807,2,3,2,2,0,0,0,0,0,1,1,0,0,1
avandia,ævændiə,ʔavandia,lazanda,læzændə,lasanda,0,0.2857143,0.7777778,1,1,1,0.42857143,0.14285715,0.57142854,0.5,1,1,1,0.0,0.78571427,1,1,1,0.8604651,0.75416666,0.81395346,0.67083335,0,0,1,1,0,1,1,0,0,0,0,0,0,0
cometriq,kəmɛtɹɪk,kometɾik,contrave,kɑːntɹəviː,kontɾave,0,0.375,0.75,3,1,1,0.25,0.0,0.375,0.6,3,1,1,0.25,0.71875,3,1,1,0.724,0.73,0.632,0.654,0,2,0,0,0,1,0,0,0,1,0,0,0,0
tegretol,tɛgɹɪtɑːl,tegɾetol,trental,tɹɛntəl,tɾental,1,0.25,0.76666665,1,1,2,0.25,0.125,0.5,0.6,1,1,2,0.125,0.73333335,1,1,2,0.654,0.644,0.606,0.54,1,1,1,0,1,1,1,0,1,1,1,0,0,0
poly rx,pɑːli ɑːɹɹɛks,poljɾks,polymox,pɑːlɪmɑːks,poljmoks,0,0.5714286,0.84615386,1,1,0,0.5714286,0.14285715,0.71428573,0.6666666,2,0,0,0.5714286,0.84615386,1,1,0,0.6451613,0.6980769,0.5467742,0.6980769,0,4,1,0,1,1,1,0,0,1,1,0,0,1
sorafenib,soːɹeɪfnɪb,soɾafenib,sunitinib,sjuːnɪtɪnɪb,sunitinib,1,0.33333334,0.8055556,5,0,0,0.33333334,0.33333334,0.44444442,0.6,5,0,0,0.11111111,0.75,5,0,0,0.64032257,0.8218182,0.63064516,0.7090909,0,1,3,0,0,0,0,1,1,1,1,0,0,1
remeron,ɹɪmɜːɹən,ɾemeɾon,demerol,dɛmɚɹɑːl,demeɾol,0,0.5714286,0.85714287,2,0,0,0.71428573,0.0,0.71428573,0.5,2,0,0,0.0,0.85714287,2,0,0,0.69069767,0.75581396,0.6348837,0.74651164,0,0,0,0,0,0,0,0,1,0,0,0,1,0
cefuroxime,sɛfjʊɹɹɑːksaɪm,kefuɾoksime,chibroxin,tʃɪbɹəksɪn,ʧibɾoksin,0,0.4,0.7837838,4,0,1,0.4,0.0,0.5,0.5,4,0,1,0.1,0.7631579,4,0,1,0.6469136,0.72686565,0.5888889,0.71791047,1,1,0,1,2,1,2,0,1,0,0,0,0,1
viracept,vɜːɹeɪsəpt,viɾakept,viramune,vɜːɹɐmjuːn,viɾamune,1,0.5,0.78125,4,0,0,0.5,0.0,0.5,0.39999998,4,0,0,0.5,0.75,4,0,0,0.5672727,0.556,0.37818182,0.544,0,4,0,1,1,0,1,0,0,1,0,0,0,1
diabenese,daɪəbəniːz,diabenese,diamox,daɪəmɑːks,diʔamoks,1,0.33333334,0.67857146,4,0,3,0.33333334,0.0,0.3333333,0.25,3,0,3,0.33333334,0.6333333,3,0,3,0.68490565,0.62830186,0.5924528,0.50754714,3,3,0,1,2,1,2,0,0,1,1,0,0,1
bicillin c r,baɪsɪlɪn siː ɑːɹ,bjsillinkɾ,bicillin l a,baɪsɪlɪn ɛl eɪ,bjsillinlʔa,1,0.75,0.8947368,2,0,0,0.75,0.0,0.8333333,0.7777778,2,0,0,0.75,0.88235295,2,0,0,0.8,0.76760566,0.7361111,0.76760566,0,9,0,1,1,1,1,0,1,1,0,0,0,1
ancef in dextrose 5 in plastic container,ænsɛf ɪn dɛkstɹoʊz faɪv ɪn plæstɪk kənteɪnɚ,ʔankefʔindekstɾose5ʔinplastikkontaʔineɾ,branchamin 4 in plastic container,bɹæntʃɐmɪn foːɹ ɪn plæstɪk kənteɪnɚ,bɾanʧamin4ʔinplastikkontaʔineɾ,0,0.6,0.79310346,5,2,7,0.525,0.525,0.625,0.5925926,4,2,9,0.0,0.78688526,2,3,8,0.660262,0.61125,0.64323145,0.5804167,7,0,21,2,3,3,3,0,1,0,1,0,0,1
methazolamide,mɛθeɪzɑːlɐmaɪd,methasolamide,methimazole,mɛθɪmæzoʊl,methimasole,1,0.53846157,0.76086956,5,0,2,0.30769232,0.07692308,0.53846157,0.57142854,0,2,4,0.30769232,0.75,0,2,4,0.6103896,0.6455696,0.4987013,0.5822785,2,4,1,1,1,1,1,0,1,1,0,0,0,1
vascor,væskɚ,vkoɾ,vascoray,væskoːɹeɪ,vkoɾaj,0,0.75,0.88,0,2,0,0.75,0.0,0.75,0.8,0,2,0,0.75,0.85714287,0,2,0,0.59166664,0.68421054,0.59166664,0.68421054,2,6,0,1,1,1,1,0,0,1,0,0,0,0
clonazepam,klɑːneɪzpæm,klonasepam,clonidine,klɑːnɪdiːn,klonidine,1,0.4,0.7631579,5,0,1,0.4,0.0,0.39999998,0.5,5,0,1,0.4,0.68421054,5,0,1,0.7903226,0.7467742,0.78064513,0.61612904,1,4,0,1,0,1,0,0,1,1,0,0,0,1
migalastat,mɪgɐlæstæt,migalastat,miostat,mɪɑːstæt,miostat,0,0.5,0.78787875,1,0,3,0.4,0.4,0.6,0.6666666,1,0,3,0.2,0.7647059,1,0,3,0.59354836,0.58387095,0.59354836,0.5064516,3,2,4,2,2,1,1,0,0,1,1,0,0,0
glipizide,glɪpɪzaɪd,glipizide,glimepiride,glaɪmpɪɹɪd,glimepiɾide,0,0.54545456,0.85,1,2,0,0.27272728,0.27272728,0.72727275,0.6666666,1,2,0,0.27272728,0.84210527,1,2,0,0.7951613,0.73134327,0.66935486,0.73134327,2,3,3,1,1,1,1,0,1,1,1,0,0,1
mucinex d,mjuːsaɪnɛks diː,mukʔeksd,mucinex dm,mjuːsaɪnɛks diːɛm,mukʔeksdm,1,0.9,0.9411765,0,1,0,0.9,0.0,0.9,0.85714287,0,1,0,0.9,0.9411765,0,1,0,0.88372093,0.88135594,0.872093,0.88135594,1,9,0,1,0,0,0,1,1,1,0,0,0,1
ditropan xl,dɪtɹəpæn ɛksɛl,ditɾopanksl,innopran xl,ɪnnɑːpɹən ɛksɛl,ʔinnopɾanksl,0,0.45454547,0.7948718,2,1,1,0.45454547,0.45454547,0.6363636,0.5,2,1,1,0.0,0.7948718,2,1,1,0.7345679,0.63461536,0.67777777,0.62948716,0,0,5,0,0,0,0,0,0,0,1,0,0,1
fiorinal,fɪoːɹɪnəl,fioɾinal,afrinol,æfɹɪnɑːl,ʔafɾinol,0,0.25,0.79310346,3,0,1,0.375,0.125,0.5,1.0,3,0,1,0.0,0.73333335,3,0,1,0.7270833,0.692,0.68541664,0.568,1,0,1,0,0,1,1,0,0,0,1,0,0,1
atrovent,ætɹoʊvənt,ʔatɾovent,gastrovist,gæstɹəvɪst,gastɾovist,0,0.3,0.8055556,2,2,0,0.4,0.1,0.6,0.57142854,2,2,0,0.0,0.7777778,2,2,0,0.6984375,0.71875,0.5453125,0.690625,2,0,1,2,0,0,0,1,1,0,1,0,0,1
inderide la 120 50,ɪndɪɹaɪd læ wʌnhʌndɹɪd twɛnti fɪfti,ʔindeɾidela12050,inderide la 80 50,ɪndɪɹaɪd læ eɪɾi fɪfti,ʔindeɾidela8050,0,0.8333333,1.0,0,0,0,0.6666667,0.22222222,0.8888889,0.84615386,1,0,1,0.6666667,1.0,0,0,0,0.46217617,1.0,0.4611399,1.0,1,12,4,0,0,0,0,1,1,1,1,1,0,1
cefazolin,sɛfɐzɑːlɪn,kʔefasolin,mezlin,mɛzlɪn,meslin,0,0.22222222,0.73333335,1,0,3,0.33333334,0.33333334,0.5555556,0.6,1,0,3,0.0,0.71428573,1,0,3,0.5254545,0.46935484,0.45454547,0.4032258,3,0,3,1,2,2,2,0,0,0,1,0,0,0
prednisolone,pɹɪdnɪsəloʊn,pɾednisolone,fernisolone p,fɜːnɪsɑːloʊn piː,feɾnisolonep,0,0.53846157,0.8541667,2,1,1,0.61538464,0.0,0.6153846,0.5,2,2,1,0.0,0.8333333,2,1,1,0.727027,0.8081081,0.7,0.8027027,1,0,0,0,0,2,0,0,1,0,0,0,0,1
alprazolam,ælpɹɐzɑːlæm,ʔalpɾasolam,clonazepam,klɑːneɪzpæm,klonasepam,1,0.2,0.775,5,0,0,0.2,0.2,0.5,0.3333333,5,0,0,0.0,0.75,5,0,0,0.5467742,0.46086955,0.4016129,0.46666667,0,0,2,0,0,0,0,0,0,0,1,0,0,1
reprexain,ɹɪpɹɛkseɪn,ɾepɾeksaʔin,zyprexa,zɪpɹɛksə,zjpɾeksaʔ,1,0.44444445,0.8064516,2,0,2,0.5555556,0.0,0.5555556,0.39999998,2,0,2,0.0,0.75,2,0,2,0.7935484,0.7,0.7145161,0.7,2,0,0,0,1,0,2,1,1,0,0,0,0,0
actonel,æktoʊnəl,ʔaktonel,actos,æktoʊz,ʔaktos,1,0.5714286,0.75,1,0,2,0.5714286,0.0,0.57142854,0.5,1,0,2,0.5714286,0.75,1,0,2,0.64375,0.63,0.62708336,0.622,2,4,0,1,1,1,1,0,0,1,0,0,0,0
menactra,mɛnæktɹə,menaktɾa,menomune,mɛnəmjuːn,menomune,1,0.375,0.75,5,0,0,0.375,0.0,0.375,0.39999998,5,0,0,0.375,0.6875,5,0,0,0.656,0.5,0.564,0.38,0,3,0,1,1,0,1,0,0,1,0,0,0,1
carteolol hydrochloride,kɑːɹɾɪɑːlɑːl haɪdɹəkloːɹaɪd,kaɾteololhjdɾoʧloɾide,dobutamine hydrochloride,dəbjuːɾɐmiːn haɪdɹəkloːɹaɪd,dobutaminehjdɾoʧloɾide,0,0.5416667,0.8139535,8,1,0,0.5833333,0.5833333,0.625,0.73333335,8,1,0,0.0,0.8111111,8,1,0,0.7312057,0.7198529,0.6787234,0.6455882,1,0,14,0,2,2,1,0,1,0,1,0,0,1
celebrex,sɛlɪbɹɛks,kelebɾeks,celexa,sɛlɛksə,kʔelksaʔ,1,0.625,0.75,2,0,2,0.5,0.0,0.5,0.6,2,0,2,0.5,0.71428573,2,0,2,0.61403507,0.522807,0.5614035,0.43157893,2,4,0,2,0,0,0,1,1,1,0,0,0,1
cefotetan,sɛfoʊttən,kefotetan,ceftriaxone,sɛftɹɪæksoʊn,keftɾiʔaksone,1,0.27272728,0.7179487,5,2,0,0.27272728,0.0,0.45454544,0.6666666,2,3,1,0.27272728,0.6923077,2,3,1,0.6554054,0.5382716,0.56891894,0.40864196,2,3,0,1,0,0,1,0,0,1,1,0,0,1
levemir,lɛvɪmɪɹ,levemiɾ,lovenox,lʌvnɑːks,lavnoks,1,0.2857143,0.82142854,4,0,0,0.2857143,0.0,0.4285714,0.5,4,0,0,0.14285715,0.75,4,0,0,0.63555557,0.64444447,0.53333336,0.51555556,0,1,0,0,0,0,0,0,0,1,0,0,1,0
dioval,dɪuːvəl,dioval,diovan,dɪɑːvæn,diovan,1,0.8333333,0.9090909,1,0,0,0.8333333,0.0,0.8333333,0.6666666,1,0,0,0.8333333,0.9166667,1,0,0,0.7888889,0.8055556,0.59444445,0.8055556,0,5,0,0,0,0,0,0,1,1,0,0,2,1
velosef 125,vɛloʊsəf wʌnhʌndɹɪd twɛnti faɪv,velosef125,velosef 250,vɛloʊsəf tuːhʌndɹɪd fɪfti,velosef250,0,0.8181818,1.0,0,0,0,0.72727275,0.0,0.8181818,0.75,0,1,1,0.72727275,1.0,0,0,0,0.6764368,1.0,0.67183906,1.0,0,8,0,0,0,0,0,1,1,1,1,1,0,1
tolazamide,tɑːlɐzæmaɪd,tolasamide,tolbutamide,tɑːlbjuːtæmaɪd,tolbutamide,1,0.6363636,0.88095236,2,1,0,0.45454547,0.45454547,0.72727275,0.6666666,2,1,0,0.27272728,0.85714287,2,1,0,0.71486485,0.8313433,0.6554054,0.76865673,1,3,5,1,0,0,0,0,1,1,1,0,0,1
oxybutynin,ɑːksɪbjuːtɪnɪn,ʔoksjbutjnin,oxycodone,ɑːksɪkɑːdoʊn,ʔoksikeodone,1,0.3,0.78947365,5,0,1,0.3,0.0,0.39999998,0.4285714,5,0,1,0.3,0.68421054,5,0,1,0.6621622,0.5769231,0.6081081,0.53846157,1,3,0,2,1,1,1,0,0,1,1,0,1,0
ogivri,ɑːdʒɪvɹi,ʔogivɾiʔ,osvyrti,ɑːsvɪəɾi,ʔosvjɾti,0,0.14285715,0.6923077,3,1,0,0.14285715,0.14285715,0.4285714,0.39999998,3,1,0,0.14285715,0.72,3,1,0,0.75581396,0.5730769,0.67674416,0.5730769,1,1,1,2,1,0,1,1,1,1,1,0,0,0
farxiga,fɑːɹksɪgə,faɾksigaʔ,fetzima,fɛtsɪmə,fetsima,1,0.14285715,0.78571427,4,0,0,0.14285715,0.14285715,0.4285714,0.25,4,0,0,0.14285715,0.71428573,4,0,0,0.628,0.55789477,0.52,0.45964912,0,1,1,0,0,0,0,0,1,1,1,0,0,1
letairis,lɛɾɛɹɪs,letaiɾis,soliris,sɑːlɪɹɪs,soliɾis,0,0.375,0.7586207,3,0,1,0.5,0.5,0.5,0.5,3,0,1,0.0,0.7241379,3,0,1,0.8023256,0.66041666,0.68604654,0.56875,1,0,4,0,0,0,1,0,1,0,1,0,0,1
minoxidil,mɪnəksɪdɪl,minoksidil,monocid,mɑːnoʊsɪd,monosid,0,0.33333334,0.78125,2,0,2,0.22222222,0.0,0.5555556,0.6,2,0,2,0.11111111,0.7741935,2,0,2,0.67741936,0.65645164,0.5,0.64032257,2,1,0,1,1,1,1,0,0,1,0,0,0,1
toradol,toːɹɐdɑːl,toɾadol,tofranil,tɑːfɹɐnɪl,tofɾanil,0,0.375,0.8333333,2,1,0,0.25,0.125,0.625,0.6,2,1,0,0.25,0.79310346,2,1,0,0.726,0.728,0.526,0.708,1,2,1,1,0,0,0,0,1,1,1,0,0,1
adderall 10,ædɚɹɔːl tɛn,ʔadɾol10,adderall 125,ædɚɹɔːl wʌnhʌndɹɪd twɛnti faɪv,ʔadɾol125,0,0.8333333,1.0,0,0,0,0.8333333,0.0,0.8333333,0.7777778,1,1,0,0.8333333,1.0,0,0,0,0.29876542,1.0,0.30123457,1.0,1,10,0,0,0,0,0,1,1,1,1,1,0,1
arista ah,æɹɪstə ɑː,ʔaɾistaa,arixtra,æɹɪkstɹə,ʔaɾikstɾa,1,0.33333334,0.85714287,2,0,1,0.33333334,0.0,0.5555556,0.39999998,2,0,2,0.33333334,0.8,2,0,1,0.686,0.7280702,0.65,0.7280702,2,3,0,0,1,1,1,0,1,1,0,0,0,1
stalevo 125,stæliːvoʊ wʌnhʌndɹɪd twɛnti faɪv,stalevoʔ125,stalevo 150,stæliːvoʊ wʌnhʌndɹɪd fɪfti,stalevoʔ150,0,0.8181818,1.0,0,0,0,0.8181818,0.0,0.8181818,0.75,2,0,0,0.8181818,1.0,0,0,0,0.76609194,1.0,0.7649425,1.0,0,9,0,0,0,0,0,1,1,1,1,1,2,1
k phos neutral,keɪ foʊz nuːtɹəl,kphosneutɾal,neutra phos k,nuːtɹə foʊz keɪ,neutɾaphosk,1,0.35714287,0.57142854,1,4,5,0.42857143,0.0,0.0714286,0.3,12,0,1,0.0,0.5652174,1,4,5,0.49873418,0.47368422,0.40126583,0.47368422,1,0,0,1,0,0,0,0,0,0,0,0,0,0
metadate,mɛɾədeɪt,metadate,methadone,mɛθɐdoʊn,methadone,1,0.44444445,0.8484849,2,1,0,0.33333334,0.11111111,0.6666666,0.6,2,1,0,0.33333334,0.8235294,2,1,0,0.79375,0.7309091,0.75208336,0.64363635,1,3,1,1,0,0,0,0,1,1,0,0,0,1
brevibloc,bɹɛvɪblɑːk,bɾeviblok,brevital,bɹɛvaɪɾəl,bɾevital,1,0.5555556,0.7941176,3,0,1,0.5555556,0.0,0.5555556,0.6666666,3,0,1,0.5555556,0.7647059,3,0,1,0.70526314,0.7157895,0.63684213,0.722807,1,5,0,1,0,0,0,0,0,1,0,0,0,1
flumazenil,fluːmeɪznɪl,flumaʔzenil,flaxedil,flæksɪdɪl,flaʔksedil,0,0.3,0.8055556,2,0,2,0.2,0.2,0.6,0.5,2,0,2,0.2,0.7647059,2,0,2,0.61129034,0.6666667,0.58870965,0.6666667,2,2,2,1,1,1,1,0,1,1,1,0,0,1
coenzyme q10,koʊɛnzaɪm kjuː tɛn,kojsjmek10,cometriq,kəmɛtɹɪk,kometɾik,1,0.25,0.72727275,5,0,1,0.16666667,0.0,0.3333333,0.22222221,4,0,4,0.16666667,0.6764706,5,0,1,0.43956044,0.52692306,0.31428573,0.5,4,2,0,1,1,1,0,0,1,1,0,0,0,0
centrax,sɛntɹæks,kentɾaks,contrave,kɑːntɹəviː,kontɾave,0,0.5,0.8333333,2,1,0,0.5,0.0,0.625,0.8,2,1,0,0.125,0.8,2,1,0,0.7134615,0.77692306,0.5596154,0.77692306,1,1,0,0,1,0,1,0,0,0,0,0,0,0
abiraterone acetate,æbɚɹæɾɚɹoʊn æsɪteɪt,ʔabiɾateɾoneʔaketate,icatibant acetate,aɪkɐtɪbənt æsɪteɪt,ʔikatibantʔaketate,0,0.42105263,0.82089555,5,0,2,0.42105263,0.42105263,0.6315789,0.5555556,5,0,2,0.0,0.7941176,5,0,2,0.6575472,0.7108333,0.5311321,0.6433333,2,0,8,0,2,2,2,0,1,1,1,0,0,1
cefazolin,sɛfɐzɑːlɪn,kʔefasolin,cefotetan,sɛfoʊttən,kefotetan,1,0.33333334,0.8055556,5,0,0,0.33333334,0.11111111,0.44444442,0.6,5,0,0,0.33333334,0.71428573,5,0,0,0.71272725,0.6919355,0.4909091,0.533871,0,3,1,0,0,0,0,0,0,1,1,0,0,1
hydralazine,haɪdɹɐlæziːn,hjdɾalasʔineʔ,hydro d,haɪdɹoʊ diː,hjdɾod,0,0.36363637,0.59375,2,0,5,0.36363637,0.0,0.36363637,0.57142854,3,0,4,0.36363637,0.58823526,2,0,5,0.71791047,0.4,0.6373134,0.33734939,4,4,0,2,3,2,3,0,1,1,0,0,0,1
cefazolin,sɛfɐzɑːlɪn,kʔefasolin,ceftriaxone,sɛftɹɪæksoʊn,keftɾiʔaksone,1,0.27272728,0.7179487,5,2,0,0.27272728,0.0,0.36363637,0.5,3,3,1,0.27272728,0.68421054,3,3,1,0.5581081,0.42098767,0.42432433,0.3654321,2,3,0,1,0,0,1,0,0,1,1,0,0,1
proscar,pɹəskɑːɹ,pɾoskaɾ,provera,pɹɑːvɚɹə,pɾoveɾa,1,0.42857143,0.7777778,2,1,1,0.42857143,0.0,0.4285714,0.6,4,0,0,0.42857143,0.71428573,4,0,0,0.70666665,0.76,0.5511111,0.64444447,0,3,0,1,1,1,1,0,0,1,0,0,0,1
activase,æktɪveɪs,ʔaktivase,cutivate,kjuːɾɪveɪt,kwtivate,0,0.375,0.8125,3,0,0,0.5,0.125,0.625,0.75,3,0,0,0.0,0.8125,3,0,0,0.6,0.7181818,0.5854545,0.71090907,0,0,1,0,0,0,0,0,1,0,0,0,0,1
memantine,mɛmɐntiːn,memantine,timentin,tɪməntɪn,timentin,0,0.44444445,0.8235294,3,0,1,0.44444445,0.0,0.5555556,0.8,3,0,1,0.0,0.7647059,3,0,1,0.872,0.79636365,0.82,0.6909091,1,0,0,0,1,1,1,0,1,0,1,0,0,1
enjuvia,ɛndʒuːviə,ʔenʤuvja,monjuvi,mɔndʒuːvi,monʤuvi,0,0.5714286,0.8518518,1,1,1,0.71428573,0.0,0.57142854,0.75,1,1,1,0.0,0.78571427,1,1,1,0.88,0.664,0.844,0.604,0,0,0,1,0,1,1,0,0,0,0,0,0,1
bayrab,beɪɹæb,bajɾab,bayrho d,beɪrhoʊ diː,bajɾhoʔd,1,0.5,0.82608694,2,1,0,0.5,0.0,0.5,0.5,2,2,0,0.5,0.8076923,2,1,0,0.56981134,0.61538464,0.5773585,0.5307692,2,4,0,1,0,0,0,0,1,1,0,0,0,0
amantadine hydrochloride,æmɐntædiːn haɪdɹəkloːɹaɪd,ʔamantadinehjdɾoʧloɾide,ethambutol hydrochloride,ɛθɐmbjuːɾɑːl haɪdɹəkloːɹaɪd,ʔethambutolhjdɾoʧloɾide,0,0.5833333,0.82954544,8,1,1,0.5833333,0.5833333,0.5833334,0.6875,10,0,0,0.0,0.8043478,8,1,1,0.75602835,0.7710345,0.7205674,0.7158621,0,0,14,1,1,1,1,0,1,0,1,0,0,1
tarceva,tɑːɹsɛvə,taɾseva,tresiba,tɹɛzɪbə,tɾesiba,1,0.14285715,0.71428573,5,0,0,0.14285715,0.14285715,0.28571427,0.5,5,0,0,0.14285715,0.64285713,5,0,0,0.7209302,0.74651164,0.7209302,0.7232558,0,1,1,0,0,0,0,0,1,1,1,0,0,1
focalin,foʊkɐlɪn,fokalin,evoclin,ɪvɑːklɪn,ʔevoklin,0,0.42857143,0.82142854,1,1,1,0.42857143,0.42857143,0.57142854,0.75,1,1,1,0.0,0.7692308,1,1,1,0.75416666,0.7,0.60625,0.7,0,0,3,0,0,0,0,0,0,0,1,0,0,0
dronabinol,dɹɑːnɐbɪnɑːl,dɾonabinol,droperidol,dɹoʊpɹɪdɑːl,dɾopeɾidol,1,0.4,0.825,4,0,0,0.3,0.2,0.6,0.5,4,0,0,0.3,0.8,4,0,0,0.7258065,0.7596774,0.5645161,0.68225807,0,3,2,0,0,0,0,0,0,1,1,0,0,1
ortho cyclen 28,ɔːɹθoʊ saɪklən twɛnti eɪt,ʔoɾthoʔsikeln28,ortho tri cyclen,ɔːɹθoʊ tɹaɪ saɪklən,ʔoɾthoʔtɾisikeln,0,0.75,0.875,1,3,0,0.4375,0.0,0.5625,0.5,0,4,3,0.375,0.88,0,3,0,0.55748034,0.75490195,0.52992123,0.75490195,1,6,0,2,1,1,1,0,1,1,0,0,0,0
dilacor xr,dɪlækɚɹ ɛksɑːɹ,dilakoɾksɾ,pilocar,paɪləkɑːɹ,pilokaɾ,1,0.1,0.75,3,0,2,0.2,0.1,0.39999998,0.4285714,3,0,3,0.0,0.6666666,3,0,2,0.5445946,0.6125,0.3918919,0.46875,3,0,1,2,0,1,0,0,1,0,1,0,0,1
lumify,luːmɪfaɪ,lumifj,lumryz,lʌmɹɪz,lumɾjs,0,0.5,0.75,3,0,0,0.5,0.0,0.5,0.6,3,0,0,0.5,0.75,3,0,0,0.6536585,0.68,0.6292683,0.68,0,3,0,1,1,1,1,0,0,1,0,0,0,0
sinequan,saɪŋkwən,sinekan,zonegran,zoʊŋgɹən,zonegɾan,1,0.25,0.8064516,4,0,0,0.25,0.25,0.5,0.39999998,4,0,0,0.0,0.78125,4,0,0,0.906,0.764,0.81,0.744,0,0,2,1,0,0,1,0,1,0,1,0,0,1
talwin 50,tælwɪn fɪfti,talwin50,talwin compound,tælwɪn kɑːmpaʊnd,talwinko³³pɔ⁴¹und,0,0.46666667,0.5945946,1,8,0,0.46666667,0.0,0.46666664,0.5,2,6,0,0.46666667,0.6,0,8,0,0.65340906,0.4691358,0.5443182,0.4691358,6,7,0,5,2,2,3,0,0,1,0,0,0,1
fioricet,fɪoːɹɪsɪt,fioɾajset,fiorinal,fɪoːɹɪnəl,fioɾinal,1,0.625,0.8333333,3,0,0,0.625,0.0,0.625,0.5,3,0,0,0.625,0.8125,3,0,0,0.71666664,0.59090906,0.6458333,0.52363634,0,5,0,0,0,0,0,1,1,1,0,0,0,1
amifostine,æmɪfɑːstiːn,ʔamifostine,carmustine,kɑːɹməstiːn,kaɾmustine,0,0.4,0.775,5,0,0,0.5,0.5,0.5,0.5,5,0,0,0.0,0.75,5,0,0,0.67017543,0.6850746,0.56491226,0.6791045,0,0,5,1,1,1,1,0,1,0,1,0,0,1
indocin,ɪndɑːsɪn,ʔindosjn,minocin,mɪnəsɪn,minosjn,0,0.5714286,0.85714287,0,1,1,0.5714286,0.5714286,0.71428573,0.5,0,1,1,0.0,0.85714287,0,1,1,0.7860465,0.6923077,0.73953485,0.6923077,0,0,4,0,0,0,0,0,0,0,1,0,1,0
tresiba,tɹɛzɪbə,tɾesiba,strensiq,stɹɛnsɪk,stɾensik,0,0.375,0.73333335,1,2,1,0.375,0.0,0.5,0.5,1,2,1,0.0,0.73333335,1,2,1,0.60192305,0.62115383,0.5942308,0.61346155,1,0,0,2,1,1,1,0,1,0,0,0,0,0
axitinib,æksɪtɪnɪb,ʔaksitinib,baricitinib,bæɹɪsɪtɪnɪb,baɾjsitinib,0,0.45454547,0.78947365,1,3,0,0.54545456,0.54545456,0.6363636,0.5,1,3,0,0.0,0.78947365,1,3,0,0.6925373,0.68405795,0.6925373,0.68405795,3,0,6,2,1,1,1,0,1,0,1,0,0,1
dexamethasone,dɛksɐmɛθɐsoʊn,deksʔamethasone,dexmedetomidine,dɛksmɪdɛɾəmɪdiːn,deksmedetomidine,1,0.4,0.78181815,6,2,0,0.2,0.13333334,0.46666664,0.625,6,2,0,0.2,0.73214287,6,2,0,0.64946234,0.65612245,0.56666666,0.5928571,2,3,2,1,1,0,1,0,0,1,1,0,0,1
lupron depot 3 month,lʌpɹɑːn diːpoʊ θɹiː mʌnθ,lupɾondepot3mont,lupron depot ped,lʌpɹɑːn diːpoʊ pɛd,lupɾondepotped,1,0.65,0.8666667,3,0,2,0.65,0.0,0.65,0.6,3,0,4,0.65,0.8333333,3,0,2,0.68303573,0.8336842,0.6776786,0.8336842,4,13,0,2,0,1,0,0,0,1,1,0,0,1
mitomycin,maɪɾəmaɪsɪn,mitomjsjn,erythromycin,ɜːɹɪθɹəmaɪsɪn,ʔeɾjtɾomjsjn,0,0.41666666,0.78571427,2,3,0,0.5,0.5,0.5833334,0.5555556,2,3,0,0.0,0.7619048,2,3,0,0.7486111,0.575,0.7097222,0.5625,3,0,6,3,0,1,0,0,1,0,1,0,0,1
dilaudid,dɪlədɪd,dilawdid,dilaudid 5,dɪlədɪd faɪv,dilawdid5,1,0.8,1.0,0,0,0,0.8,0.0,0.8,0.6666666,0,2,0,0.8,1.0,0,0,0,0.64179105,1.0,0.64179105,1.0,2,8,0,0,0,0,0,1,1,1,1,1,0,1
nalbuphine,nælbəfiːn,nalbuphine,alphalin,ælfəlɪn,ʔalphalin,0,0.3,0.7058823,4,0,2,0.2,0.0,0.39999998,0.5,4,0,2,0.0,0.6571429,4,0,2,0.674,0.48387095,0.654,0.48387095,2,0,0,1,1,0,1,0,0,0,1,0,0,1
allegra,ɐlɛgɹə,ʔallegɾa,allegra anti itch cream,ɐlɛgɹə æntaɪ ɪtʃ kɹiːm,ʔallegɾaʔantiiʧkɾeam,1,0.3043478,0.53061223,0,13,0,0.3043478,0.0,0.3043478,0.26666665,0,16,0,0.3043478,0.5098039,0,13,0,0.34363636,0.4032258,0.3272727,0.4032258,16,7,0,8,4,4,5,0,1,1,0,0,0,0
toujeo,taʊdʒɪoʊ,toʔuʤeo,trulicity,tɹuːlɪsɪɾi,tɾuljsitj,1,0.11111111,0.57142854,5,3,0,0.11111111,0.0,0.22222221,0.16666669,4,3,0,0.11111111,0.5862069,4,3,0,0.4490909,0.23898308,0.35454544,0.20508474,3,1,0,4,1,2,1,0,0,1,1,0,0,1
idamycin,aɪdɐmaɪsɪn,ʔidamjsjn,indocin,ɪndɑːsɪn,ʔindosjn,0,0.375,0.76666665,3,0,1,0.375,0.375,0.5,0.39999998,3,0,1,0.125,0.73333335,3,0,1,0.6034483,0.6474576,0.51724136,0.5864407,1,1,3,1,0,1,0,0,0,0,1,0,1,1
oxaprozin,ɑːksɐpɹɑːzɪn,ʔoksapɾozin,tiopronin,tɪɑːpɹənɪn,tiopɾonin,0,0.33333334,0.8,4,0,0,0.33333334,0.22222222,0.5555556,0.6,4,0,0,0.0,0.7777778,4,0,0,0.7177419,0.6405797,0.60967743,0.5217391,0,0,2,0,1,1,0,0,1,0,1,0,0,1
caspofungin acetate,kæspəfʌŋgɪn æsɪteɪt,kaspofuŋinʔaketate,icatibant acetate,aɪkɐtɪbənt æsɪteɪt,ʔikatibantʔaketate,0,0.42105263,0.7647059,5,1,3,0.42105263,0.42105263,0.5263158,0.5454545,5,1,3,0.0,0.7352941,5,1,3,0.7081818,0.7618182,0.63363636,0.7145454,2,0,8,2,0,0,0,0,1,0,1,0,0,1
ultracet,ʊltɹæsɪt,ʔultɾaket,ultratag,ʊltɹɐtæg,ʔultɾatag,0,0.625,0.84375,3,0,0,0.625,0.0,0.625,0.6,3,0,0,0.625,0.8125,3,0,0,0.904,0.9122807,0.788,0.80701756,0,5,0,0,0,0,0,0,1,1,0,0,0,1
pneumococcal 7 valent vaccine,nuːməkɑːkəl sɛvən veɪlənt væksiːn,pneumokokal7valentvakʔineʔ,pneumococcal polyvalent vaccine,nuːməkɑːkəl pɑːlɪveɪlənt væksiːn,pneumokokalpoljvalentvakʔineʔ,1,0.83870965,0.92156863,0,4,0,0.4516129,0.4516129,0.87096775,0.85,2,2,0,0.41935483,0.92523366,0,4,0,0.8952096,0.8165746,0.8473054,0.8165746,2,13,14,3,1,2,1,0,1,1,1,0,0,1
ethaverine,ɛθɐvɚɹiːn,ʔetʔaveɾine,etravirine,ɪtɹævɪɹiːn,ʔetɾaviɾine,1,0.6,0.9230769,2,0,0,0.4,0.4,0.8,0.8,2,0,0,0.2,0.9,2,0,0,0.76,0.8432836,0.67636365,0.82835823,0,2,4,0,0,0,0,1,1,0,1,0,0,1
lamivudine zidovudine 150 mg 300 mg tablets co packaged with nevirapine 200 mg tablets,læmɪvjuːdiːn zɪdəvjuːdiːn wʌnhʌndɹɪd fɪfti ɛmdʒiː θɹiːhʌndɹɪd ɛmdʒiː tæbləts koʊ pækɪdʒd wɪð nɛvɚɹæpaɪn tuːhʌndɹɪd ɛmdʒiː tæbləts,lamivudinezidovudine150mʤi300mʤitableʧkopakkagedwitneviɾapine200mʤitableʧ,lamivudine zidovudine tabs 150mg 300mg co packaged with nevirapine tabs 200mg,læmɪvjuːdiːn zɪdəvjuːdiːn tæbz wʌnhʌndɹɪd fɪfti ɛmdʒiː θɹiːhʌndɹɪd ɛmdʒiː koʊ pækɪdʒd wɪð nɛvɚɹæpaɪn tæbz tuːhʌndɹɪd ɛmdʒiː,lamivudinezidovudinetabs150mʤi300mʤikopakkagedwitneviɾapinetabs200mʤi,0,0.74418604,0.87447697,7,1,7,0.3372093,0.0,0.67441857,0.62903225,9,5,14,0.25581396,0.87603307,7,1,7,0.8240964,0.7862944,0.82259035,0.76649743,9,22,0,4,2,2,2,0,0,1,0,0,0,0
medroxyprogesterone,mɛdɹəksɪpɹoʊdʒstɚɹoʊn,medɾoksjpɾogesteɾone,methyltestosterone,mɛθəlɾɪstɑːstɚɹoʊn,methjltestosteɾone,1,0.47368422,0.7808219,7,1,2,0.36842105,0.36842105,0.4736842,0.4166667,9,0,1,0.10526316,0.7297298,9,0,1,0.61221373,0.62539685,0.57709926,0.62539685,1,2,7,0,1,0,1,0,1,1,1,0,0,1
casodex,kæsoʊdɛks,kks,faslodex,fæsloʊdɛks,faslodeks,0,0.5,0.8666667,1,1,0,0.5,0.5,0.75,0.6,1,1,0,0.0,0.8666667,1,1,0,0.7854839,0.28070176,0.7854839,0.28070176,1,0,4,1,0,0,0,1,1,0,1,0,0,1
amikacin sulfate,æmɪkæsɪn sʌlfeɪt,ʔamikasjnsulfate,morphine sulfate,mɔːɹfiːn sʌlfeɪt,moɾphinesulfate,0,0.5,0.8135593,4,1,1,0.5,0.5,0.625,0.7,4,1,1,0.0,0.8,4,1,1,0.7736264,0.6,0.7626374,0.577,0,0,8,1,1,1,1,0,0,0,1,0,0,1
tradjenta,tɹædʒɛntə,tɾadʤenta,tresiba,tɹɛzɪbə,tɾesiba,1,0.22222222,0.6875,4,0,2,0.22222222,0.11111111,0.3333333,0.3333333,4,0,2,0.22222222,0.65625,4,0,2,0.67368424,0.6315789,0.67368424,0.51578945,2,2,1,2,0,0,0,0,1,1,1,0,0,0
oxycodone,ɑːksɪkɑːdoʊn,ʔoksikeodone,oxycontin,ɑːksɪkɔntɪn,ʔoksikeontin,1,0.6666667,0.8333333,2,1,1,0.5555556,0.0,0.5555556,0.6666666,4,0,0,0.5555556,0.7777778,4,0,0,0.84193546,0.85405403,0.7612903,0.8405405,0,5,0,1,1,0,1,0,0,1,1,0,1,1
cozaar,kəzɑːɹ,kosaʔaɾ,ecoza,ɛkoʊzə,ʔekosa,0,0.5,0.7619048,0,1,2,0.6666667,0.0,0.5,0.6666666,0,1,2,0.0,0.72727275,0,1,2,0.7235294,0.55813956,0.4882353,0.55813956,1,0,0,1,1,1,0,0,0,0,0,0,1,0
thrombate iii,θɹɑːmbeɪt ɹoʊmən θɹiː,tɾombateʔiʔiiʔ,thrombin topical,θɹɑːmbɪn tɑːpɪkəl,tɾombintopikal,1,0.375,0.78431374,4,3,0,0.375,0.0,0.5,0.5454545,5,3,0,0.375,0.75,4,3,0,0.58190477,0.70454544,0.5152381,0.5863636,3,6,0,4,1,1,1,0,0,1,0,0,0,1
ephedrine,ɛfɪdɹiːn,ʔephedɾine,phenurone,fɛnjʊɹɹoʊn,phenuɾone,0,0.33333334,0.7941176,2,1,1,0.33333334,0.22222222,0.5555556,0.8,2,1,1,0.0,0.7777778,2,1,1,0.5209677,0.6967742,0.4887097,0.68064517,0,0,2,0,0,0,0,0,0,0,1,0,0,1
serophene,sɛɹəfiːn,seɾophene,reserpine,ɹɪsɜːpaɪn,ɾeseɾpine,0,0.33333334,0.7714286,1,2,2,0.33333334,0.22222222,0.44444442,0.6,1,2,2,0.0,0.7222222,1,2,2,0.74791664,0.7090909,0.58125,0.6909091,0,0,2,0,0,0,0,1,1,0,1,0,0,0
cisplatin,sɪsplɐtɪn,kisplatin,dilantin,dɪlɐntɪn,dilantin,0,0.33333334,0.7647059,1,1,2,0.33333334,0.33333334,0.5555556,0.3333333,1,1,2,0.0,0.75757575,1,1,2,0.6052632,0.5964912,0.5982456,0.58947366,1,0,3,1,0,0,0,1,1,0,1,0,0,1
norcuron,noːɹkjʊɹɹən,noɾsuɾon,norco,noːɹkoʊ,noɾko,0,0.5,0.7692308,0,0,3,0.5,0.0,0.625,0.6,0,0,3,0.5,0.7692308,0,0,3,0.484375,0.55,0.484375,0.53,3,4,0,2,1,1,1,0,1,1,0,0,0,0
activase,æktɪveɪs,ʔaktivase,tnkase,tiːɛŋkeɪs,tŋkase,1,0.25,0.71428573,2,0,2,0.375,0.375,0.5,0.25,2,0,2,0.0,0.71428573,2,0,2,0.64166665,0.42181817,0.6145833,0.39454547,2,0,3,0,2,2,2,0,1,0,1,0,0,1
antrenyl,æntɹənaɪl,ʔantɾenjl,pregnyl,pɹɛgnaɪl,pɾegnjl,0,0.375,0.73333335,1,1,2,0.375,0.375,0.5,0.5,1,1,2,0.0,0.73333335,1,1,2,0.72,0.6237288,0.6727273,0.6305085,1,0,3,0,1,1,1,0,1,0,1,0,0,0
rifamate,ɹɪfɐmeɪt,ɾifamate,topiramate,tɑːpɚɹæmeɪt,topiɾamate,0,0.4,0.7777778,2,2,0,0.5,0.5,0.6,0.39999998,2,2,0,0.0,0.7777778,2,2,0,0.61,0.64166665,0.5316667,0.64166665,2,0,5,1,1,1,1,0,1,0,1,0,0,1
