x_1,x_2,label
saphmox 500,saphroxol c75,-1
prinson,primesal,-1
saphbiotin,spitone 25,-1
inoclav,penclav 1000,1
cartin,crotamiton,-1
tobramet,tobaren,-1
zobrixol,zeprazole,-1
albutein 25 solution,alvedon,-1
bluemedzole,betamed,-1
prinson,primigyn,-1
triderm,tridecon drops,1
gentaxel 100,gentacare,-1
afaxor 150,amoxsur 500,-1
gmet 1000,gencivenz 1000,-1
amnique 5,anexxx 50,-1
linesave,linocaine,-1
klarmyn,clarion,-1
asterol,aztrozin,-1
onsett,omestop ii,-1
amocled,amso,-1
immunostan,immunforte,-1
iselpin,isoxsuprine hydrochloride,-1
ironsave,iron sucrose ferric hydroxide sucrose complex,-1
aminoleban,aminolife,1
tivicav,triacebact,-1
tocilizumab,tocinox,-1
tetrahydrozoline hcl,antazoline hydrochloride tetrahydrozoline hydrochloride,1
gmet 1000,gemcisaph 1000,-1
sivab,sevela,-1
somex,sonoxi,-1
olangem od 10,olmecor 20,-1
bendared,bendamustine hydrochloride,1
multivitamins buclizine hydrochloride iron ferrous sulfate,multivitamins calcium,-1
valugan,valazyd 160,-1
carboprost tromethamine,carbabene,-1
bdmero 1000,betam,-1
gmet 1000,gacet 500,-1
lipisim,levizam 500,-1
neovite,nabota,-1
ameval,amplify 8010,-1
iv pro,ivabrox,-1
novarox 10,naprex 250,-1
zetrocyn,zetriz,1
nephrone,napran,-1
coughlogen,mecligen,-1
morvicor,meiyi herbs essentials massage rub rozine,-1
spivar,ivabrox,-1
gazgo,kezo,-1
effertab,epirad,-1
koxib,moxif eye,1
aclasta,cyclostad,-1
vfresh aromatherapy green tea,vfresh aromatherapy lavender,1
eloxatin,ebastine betamethasone sodium phosphate,-1
amlo med 5,amlog,-1
emend,emizid,-1
mertazine,vortioxetine hydrobromide,-1
cartin,carbinom 5,-1
effertab,fevertab plus,1
flamex,flamocare,-1
recombinant human erythropoietin alfa,raxem forte,-1
gasmodic,gasmid,1
ad c plus,alka zinc plus,-1
sivab,safiya,-1
heparin sodium,heparin sodium allium cepa l onion allantoin,-1
gazgo,gozole,-1
sirdalud,artal,-1
remol 240,bmol,-1
sidprazole,sitivorane,-1
sterica,starcef,-1
tsartan 40,tesar,-1
esmolife,fosmol,-1
oppisartan 40,apocartin 450,-1
conchoice,concore am,-1
esotid 40,eso 40,-1
ceenovate,genvit,-1
gasmodic,gestodene ethinylestradiol,-1
clocephen,chlorphenamine maleate,-1
gmet 1000,pemeta 100,-1
abisin,apixanov 25,-1
moxifloxacin hydrochloride dexamethasone phosphate sodium,mexiflam,-1
tramid,tramadex,1
accetaxime,acetagen,-1
urazole,prazolife,-1
tanafen,tenepride 20,-1
darzalex sc,droxyl,-1
oppisartan 40,optiray 300,-1
latochek,letrocord 25,-1
amiodarone hydrochloride,amio,1
vostrin,vastarel mr,-1
glycinorm 80,glizen 80,-1
butamirate citrate,sodium bicarbonate tartaric acid citric acid sodium citrate,-1
salbutamol guaifenesin,salbuden,-1
euroferron,irofer,-1
gentakast 10,gentacare,-1
clopend 75,clavmoxwel 375,-1
rocemed,vasomed 1000,-1
deslorastal,diachloroz,-1
biopril,reparil,-1
levoxid,levocetirizine hydrochloride,-1
lisnoxl 10,pneumococcal polysaccharide conjugate vaccine adsorbed 10 valent,-1
gazgo,tazi,-1
alco katinko,alkacent,-1
leverap,levosaphzine plus,-1
amixol,ammocil,-1
eloxatin,glucotin,-1
gasmodic,sugammadex sodium,-1
asmamed plus,augmentin ds,-1
eurolac,eurocoxin,-1
folifron ob,feloprime er,-1
medcit,medical grade oxygen,-1
klarmyn,klarex,-1
gazgo,gabi,-1
neurotrene 300,neuronerv,-1
koselugo,k zol,-1
folifron ob,floproxa,-1
skinoren,sinresor,-1
doxycycline hyclate,deoxysaph,-1
amikacy 250,amisac 500,-1
tanafen,tazopen,1
vostrin,vextria,1
neostilex,neostin 10,1
effertab,overt,-1
multivitamins buclizine hydrochloride iron ferrous sulfate,multivitamin iron,-1
fungsoft,fungiloupe,-1
rocuronium bromide,zycuron,-1
oratrime,fortrixone,-1
evofix,evacoxib,-1
bligem,blazen,-1
zdonate,zarnat,-1
blanc white,blinic,-1
brinzolamide brimonidine tartrate,bronchomide,-1
blanc white,branched chain amino acids,-1
duvadilan,diafat,-1
trental,trometa,-1
licegone,lysozyme hydrochloride dequalinium chloride,-1
cefoxid,cefazoden,-1
fever nil 200,fibranex,-1
ceftibet,ceftridec,-1
chlorsaph,chloramphenicol palmitate,-1
diavin 500 xr,depen c,-1
fungsoft,flusoft day,1
vitacinc,vitacinc forte,1
resaire,raxide,-1
zobrixol,ziprox,-1
xozid,coxidia,-1
plenacyl 600,plemstop,-1
ziac,zykadia,-1
bluemedzole,golmet,-1
cloracef,chlorhexidine gluconate cetrimide,-1
tored 10,pred 50,-1
cyclolux,cyzole,-1
fevergan,faverach,-1
mixigil,mucocilat,-1
duvadilan,diapid,-1
plone 5,palonosetron hydrochloride,-1
rispedin 2,rexvita c,-1
fixnar,foxin,-1
brinzolamide brimonidine tartrate,bronzine,-1
cenprahep,camphor dementholized oil eucalyptus oil menthol capsicum extract,-1
skinoren,senogen,-1
gazgo,fizzgo,1
brinzolamide brimonidine tartrate,bronix,-1
finox,fenoceed,-1
brospec,brompheniramine,-1
ceenovit,cefavit,1
bestricare,bactrex,-1
skinoren,iomeron,-1
isoconazole nitrate diflucortolone valerate,fixicon,-1
krenazol,korn c,-1
angioten,amoxden,-1
blanc white,blanc by beautederm acne banishing toner,1
celejys,celesky,1
katinko ginger patchouli scent,katinko calming,-1
celabin,calvin plus,-1
petroleum jelly,medrol,-1
naflax,affolac,-1
medroxcure,metrozen,-1
verist 16,velsta,-1
tacrostal 1,technostat 10,-1
altovox,altoxime,-1
propicillin,provex,-1
conchoice,co enzoclav,-1
zytapram,retapraz r,1
asmamed plus,aceamen 250,-1
neovite,cevita,-1
amikacy 250,amac cl,-1
veltezom,vildagliptin metformin,-1
flamitin,folimate plus cap,-1
eprohab,heprabica 5000,-1
celetor 200,caltri,-1
klopi,klofred,-1
klarmyn,k barin,-1
ceenovit,combetzar,-1
asterol,astorv,-1
novamet,normetec,-1
ultra d,ultraxime,-1
retamaxz,rytam,-1
surinem 1000,sriphen 100,-1
metovasc,metofar,1
vagclr m,vexal a,-1
tenemax,teneligliptin hydrobromide hydrate,-1
pharzole,prizol 10,-1
retazar,retapraz,-1
cefogram,cefuxcure,-1
tacrostal 1,hydrocortisone acetate benzocaine benzalkonium chloride 1 solution bismuth subgallate,-1
premiliptin plus,prem c,-1
losacura,lodeesart,-1
ascor kid,ascorgen1000,-1
lonoxie,linocaine,-1
pubergen,piperax,-1
zdonate,betamethasone valerate,-1
valium,volt,-1
dobutamine,devetam,-1
trimaxone,tranexamic acid,-1
novamet,nauvent,-1
amikacy 250,amkoxime 500,-1
prinson,prenaxon,1
medliptin,medgivit,-1
gazgo,yaz,-1
clusivol plus,ceelin plus,-1
bestricare,bioster,-1
conchoice,co amoxiclav see reverse for formulation,-1
sanpara,sayana press,-1
clonigen,clamoxid,-1
dixspiro,doxoprim,-1
cylocortix,cholecur,-1
albutein 25 solution,alburx,1
cefogram,cipcor,-1
cylocortix,clotrix,-1
ingafol,zinacef,-1
cistovent,cixtor,-1
deslorastal,dichlorobenzyl alcohol amylmetacresol vitamin c,-1
epival,expel,-1
live attenuated infectious bronchitis ib virus vaccine vet,diphtheria tetanus pertussis hepatitis b and haemophilus influenzae type b conjugate vaccine adsorbed,-1
asterol,azithrocirc,-1
hydrocortibas,hydrocortisone acetate polymyxin b sulfate neomycin sulfate,-1
ceenovit,cholevit,-1
flamitin,flomist,-1
novazithro,novacetam,-1
ibuprofen,ibuparex t,-1
betamethasone dipropionate gentamicin sulfate clotrimazole,betamethasone dipropionate betamethasone sodium phosphate,-1
bonpime,blefime,-1
xovax,topvex 100,-1
saphtriaxone,saphvidone,-1
amlo med 5,amlonav,-1
carboprost tromethamine,carbovan,-1
krenazol,armacetamol,-1
immunostan,immunultra,-1
robitussin ex,robedim,-1
eprohab,euphorbia hirta l tawa tawa leaf,-1
gocifime,geoxcib,-1
decicord,denecort,1
asmamed plus,acumen,-1
petroleum jelly,patryl,-1
doripenem monohydrate,donepezil hydrochloride monohydrate,-1
ironsave,irinocan 40,-1
remznc,lemzinc,1
asmamed plus,azimin,-1
akidin,acyden,-1
avertin,aprinol 25000,-1
fungsoft,fungtopic,-1
amlopure 10,amlovic 10,-1
sitapro,sitaguard m,-1
efamed,cephamed,1
levipil 750,levofloxacin hydrochloride,-1
iv pro,ibuprofen sodium dihydrate paracetamol,-1
ifamso,isoniazid pyridoxine hcl,-1
blanc white,bronc heal,-1
brospec,bercef,-1
cillox,caelyx,-1
fusid,fusiphil,-1
vertasanz,vertam,-1
lewinamic,kenamic,1
carboprost tromethamine,carbofon,-1
vedolizumab,tocilizumab,1
zolefon,zolonic,-1
gentaxel 100,gentocin,-1
vitacinc,vitex negundo l,-1
pak c,pak c plus,1
capddpca 4,cupid,-1
gazgo,ooc,-1
verist 16,kirsty,-1
pak c,per c plus forte,-1
cyclolux,cyclosporine,-1
tocilizumab,togesic,-1
albunorm 20,alsuni,-1
bonpime,unipim,-1
angioten,anastragen,-1
bupivaxine iso,bupivaxine,1
iselpin,vigliptic 50,-1
duomed,dimet 850,-1
ole,zoleduo,-1
furorad,forherdin,-1
ketorine,k derm,-1
xovax,levaxa,-1
bdmero 1000,betno b,-1
evofix,eurovox,-1
suncetin tab,sancit,-1
azurin,aprinol 5000,-1
onsett,omega advance spray,-1
omepace,omephar,-1
gastropem,gastroprime,1
salbutamol guaifenesin,salbutamol sulfate carbocisteine,-1
losacura,losec,-1
angeliq,dequadin orange,-1
celcarb,celecorvic,-1
trimaxone,trimesolone,-1
ciprosan 3,cefuroxime sodium with sterile water for injection,-1
dixspiro,dexproken,-1
vitguard c,retaguard 40,-1
fox balm,tazobal,-1
urazole,ursolex 500,-1
episert,episave,1
oratrime,oral rehydration salts ors,-1
levipil 750,levoplus,-1
trental,tramadol paracetamol,1
tivicav,t vac,-1
golfen 400,gluventa pr 1000,-1
startline 25,star c,-1
mistacor am,mst continus,-1
vfresh aromatherapy green tea,virex,-1
virbez,virbez 300,-1
bligem,blazine,-1
coldrex ppa,clodroxine,-1
entyvio,endo pro,-1
petroleum jelly,ketorolife,-1
losacura,losaver,-1
clusivol plus,calcifediol,-1
novthasone,neovita,-1
folifron ob,reliferon,-1
tramid,trimetro iv,-1
harvimide,verapamil hydrochloride,-1
candiva v gel,candegen,-1
flamex,flunase,-1
duasaph,decaphen,-1
tocilizumab,totilac,-1
avertin,nuvert,-1
brospec,brisofer,-1
cymor 60,aenor,-1
ifosfaget,ifosfamide,1
eprohab,epirubisaph 100,-1
ceenovit,comvita b forte,-1
tivicav,tepriva,-1
tenemax,tienam,-1
aclasta,aggrastat,1
saphbiotin,saphtamicill,-1
dabigatran etexilate,diulactone,-1
vertasanz,ertax,-1
clobazam,clobechem,-1
blanc white,katinko white extra strength,-1
chocoflem,moxflakem,-1
eucet,c zett,-1
sivab,saphbapentin g100,-1
ceenovit,cleovate,-1
scheepril,sifrol,-1
inoclav,insuljack 3070,-1
tocilizumab,agliza,-1
sitaglinex,sitagpina,-1
femaron ob,finar,-1
verist 16,vera c,-1
plone 5,olandus odt 5,-1
valium,valianz solo,1
astiget,bactigent,1
iprazo 45,ioper,-1
celcarb,clogrel,-1
dixspiro,isopropyl alcohol,-1
tai chi ginger,tazacin,-1
eurovox,nervex,-1
mucostan,megestrol acetate,-1
petroleum jelly,ketral,-1
ingafol,infiobiotic,-1
doripenem monohydrate,doxivent,-1
novarox 10,nepriqo 4,-1
pak c,bewell c,-1
duomed,dimide,-1
neurotrene 300,nu ro 300,-1
riscare odt,nicardo,-1
ingesta for adults,symbicort turbuhaler 160 mcg45 mcg per dose powder for inhalation,-1
belfur,blopress plus,-1
alco katinko,alco ice,-1
ceenovate,timovate,-1
pecfent,axefen,-1
synflorix,sumpilin,-1
biopril,loprel,-1
euroferron,euroserv,-1
salbutamol guaifenesin,salbutamol sulfate ipratropium bromide,-1
recombinant human erythropoietin alfa,recombinant alfa 2b,-1
verist 16,aristor 5,-1
deconsaph plus,daisamox,-1
teralev,airlevo,-1
vildus,vildagliptin,-1
lykaspetin,losaget,-1
lilasartan,sacubitril valsartan,-1
mucotech,cort,-1
dabigatran etexilate,diabase,-1
asterol,azithrom,-1
duasaph,diosh,-1
dextricyl,dextrovit,1
levipil 750,levobi,-1
tocilizumab,taziluke,-1
furorad,farazid,-1
biolipy,bioxib,-1
chlorsaph,chlorhexidine gluconate ethyl alcohol,-1
zdonate,zarnat plus,-1
cixtor z,factor viii purified human,-1
avazart,apixar,-1
lewinamic,lintaz,-1
loragen plus,lorizine,-1
gavlin,rebalin 150,-1
evofix,efrox,-1
virbez,irbez 150,1
eucet,aeketo,-1
iprazo 45,opraz,-1
tai chi ginger,texakind,-1
bdmero 1000,butamirate citrate,-1
tobrasaph,tobrin,-1
vitaplex b,vitablod,-1
novarox 10,natrasol 100,-1
saphmox 500,saphcisin 500,-1
mucotech,mucotil,1
zytapram,butaprev,-1
mertazine,merotam,-1
gavlin,gabatin,-1
rhedin 75,riphen,-1
ifamso,iflox,-1
vfresh aromatherapy green tea,versartan,-1
multivitamins buclizine hydrochloride iron ferrous sulfate,multivita,-1
co aleva,flev,-1
astiget,akticib,-1
ceftibet,ceftri,-1
tocilizumab,thiocolchicoside,-1
iron equivalent to 250 mg ferrous sulfate dried,iron ferric hydroxide sucrose complex 20mg ml 100mg 5ml solution for injection iv,-1
pred forte,predzone,-1
abisin,abizol easytab,1
novthasone,bepotastine besilate,-1
gazgo,giozole,-1
salbproduo,sulfur,-1
tanafen,traphen,-1
resaire,raciwel,-1
acalabrutinib,axal,-1
novamet,novastat 60,-1
ziac,loza 50,-1
scheepril,saphrinol,-1
amikacy 250,amiksan 250,-1
trimaxone,trimex,1
gasmodic,golendronic,-1
carvemax,clavmax,-1
iprazo 45,iprocin,-1
licegone,vicaxone,1
muprivex beta,muprixine,1
klarmyn,klorfen,-1
tenemax,tgzincmax,-1
sitapro,stivarga,-1
fox balm,coxapill,-1
ingafol,insvex,-1
skinoren,finerenone,-1
isoconazole nitrate diflucortolone valerate,ixazomib citrate,-1
zytrex,cetirex ld,-1
oxy pol,phospholipids,-1
startline 25,stercar,-1
omebloc 20,omefil wfi,-1
tenemax,tarnex,-1
albutein 25 solution,dialiptin 25,-1
olopatadine hydrochloride,olopatadine solution eye drops hydrochloride,-1
aclasta,azelaic acid,-1
celcarb,celecure,-1
gentakast 10,montas 10,-1
ferrofer,freever,-1
abisin,affocaine,-1
oratrime,cortiright 100,-1
cistovent,activent,1
rhinozal plus,medifortan c plus zinc,-1
irnizet 500,ironcare,-1
pecfent,dicofen,-1
belfur,bacefur,1
ziac,zonia 10,-1
novthasone,neobetasaph,-1
diavin 500 xr,defungin,-1
teramol,trinolone,-1
iselpin,isopavit liquid,-1
gesidol,estolax,-1
angioten,angitrim,-1
amiken,amkomep,-1
celejys,celecoxib,-1
alco katinko,alqoket,1
carvemax,carbomux 500 ct,1
betamethasone dipropionate gentamicin sulfate clotrimazole,betamethasone valerate neomycin sulfate,-1
saphmox 500,saphroxol t30,-1
sitaglinex,sitagliptin phosphate metformin hcl,-1
nir ns,noren,1
butamirate citrate,betamox,-1
deslorastal,euchlor,-1
amnique 5,amso,-1
coughlogen,coughdec,-1
micophil,muconil,1
zytrex,kathrex,-1
folifron ob,folimer,-1
ameval,amvasc plus,-1
risponz,risperidone,-1
vagclr m,vagilin,1
gastropem,gastrosil,-1
progefil,pregaphil,1
dibavit,dolovit,-1
amiodarone hydrochloride,ambroday,-1
methyxale 500,metzil,-1
valium,ilumya,-1
acalabrutinib,acellbia,-1
vancocym,vancoson,-1
guaifenesin chlorphenamine maleate phenylpropanolamine,guaifenesin terbutaline sulfate,-1
multivitamins buclizine hydrochloride iron ferrous sulfate,multivitamins buclizine hydrochloride lysine hydrochloride ferrous sulfate,1
pharzole,proglitab mr 60,-1
furimax 1500,triamax 1000,-1
avertin,abiratred,-1
nonacog alfa,none,-1
levizam 500,levosheen 500,-1
furorad,forair 500 dpi,-1
clobazam,clopicare,-1
amlopure 10,amlovac,-1
dapazox 10,dapzin m 10 forte,-1
tamsudin,thiamine hydrochloride vitamin b1,-1
premiliptin plus,para plus,-1
cillox,cilosol 100,-1
vostrin,vestadin,-1
cymor 60,emero 500,-1
amlo med 5,amlospeed 5,-1
iselpin,oxaliplatin oxaplat,-1
amiodarone hydrochloride,amigard,-1
esmolife,esozole,-1
stilnox,stalmox cl 600,1
lykaspetin,laxose,-1
micophil,micoshield,1
betamethasone dipropionate gentamicin sulfate clotrimazole,betamethasone,-1
fox balm,mecobalamin,-1
gasmodic,bsi medicated plaster,-1
mistacor am,meditaz,-1
diapid,diphtheria tetanus toxoids and pertussis dtp,-1
sitaglinex,sitaglimin,1
aminoleban,aminofer fa,-1
tamsudin,twinact,-1
diapid,diphtheria and tetanus vaccine adsorbed,-1
ritusin,medusin,-1
flamitin,flamdovix,-1
neovite,rovita,-1
zobrixol,zyprexa,-1
lupizin,lifeozinc,-1
rispedin 2,rospec,-1
retazar,betacard,-1
isoconazole nitrate diflucortolone valerate,isoket,-1
rhedin 75,iadin,-1
conchoice,concore,1
tenemax,teneligliptin,-1
fusedex,fusid,1
chlorsaph,cloracef,-1
katinko ginger patchouli scent,katniss,-1
amlopure 10,amlon,-1
chocoflem,coxibwell,-1
mistacor am,ristac,1
levoxid,levocarbdin,-1
vertasanz,vertex,-1
scheepril,sterile water for injection,-1
tsartan 40,tsartan plus,1
salbproduo,sulbrim,-1
moxeth 125,maxcid,-1
iselpin,isef,-1
skinoren,minirin,-1
candiva v gel,candertt,-1
levipil 750,levoplant,-1
cistovent,cardivest plus,-1
virbez,irbesaph 150,-1
methyxale 500,medzol,-1
stilnox,otilonium bromide,-1
scheepril,nipril h,-1
risponz,rispernov 2,-1
lupizin,lavoxin,-1
immutrax,immuforte,-1
startline 25,stardol 370,-1
pred forte,predbiz,-1
eucalyptus oil dementholized mint oil cajuput oil menthol methyl salicylate juniper oil clove oil,diclofenac sodium diethylamine methyl salicylate menthol linseed oil,-1
carvemax,carbenoxolone sodium,-1
blanc white,bluemox,-1
levohab,levofloxacin hemihydrates,-1
glycinorm 80,glycerin,1
zinetab,zintrene 10,-1
rispedin 2,risponz 2,-1
pubergen,pipercil 225,-1
muprivex beta,m prib 35,-1
asmamed plus,aceamen 500,-1
astiget,aizet s,-1
stilnox,sitiflox,-1
cloracef,chlorhexidine gluconate ethyl alcohol,-1
poten cee,patent blue v sodium,-1
ad c plus,jewel zee plus,-1
choicesulin,chokocee,-1
harvimide,nervimin,1
ramgesic,ramec,-1
numazid,riniazid,-1
rocemed,rociem,1
mistacor am,maxitobra,-1
somex,simeco,-1
lykaspetin,icosapent ethyl,-1
paraglee,paraglee forte,-1
neurotrene 300,neuroprim,-1
ibuprofen,iroferose,-1
co aleva,clohab,-1
dyvelamer,difflam lemon,-1
sulfur zinc oxide salicylic acid,salufer,-1
eprohab,eufropin,-1
eurolac,erlox,-1
fina 5,fbn,-1
isoconazole nitrate diflucortolone valerate,isocaine 3,-1
spivar,sevofran,-1
lykaspetin,lacidipine,-1
iprazo 45,ziproc 25,-1
finox,fingolimod hydrochloride,-1
harvimide,treviamet,-1
risponz,rogivent,-1
aminotrene,aminoleban,-1
cixtor z,acitrate plus,-1
glysolin 3070,gluclazz 30,-1
avertin,aeperidone,-1
cymor 60,jamari 40,-1
xotacil,cataclon 150,-1
iron equivalent to 250 mg ferrous sulfate dried,iron sucrose,-1
paraglee,preglibest,-1
inoclav,imiclast,-1
candiva v gel,candibec topical solution,1
eloxatin,dalactin,-1
premiliptin plus,pramiz,-1
tobramet,tobra v,-1
olangem od 10,olmeget,-1
robikids,rovista,-1
ifosfaget,icosapent ethyl,-1
gastropem,gestron,-1
rinoease,rinella,-1
avertin,bevert,-1
astiget,acetazolamide,-1
cenprahep,camphor cajuput oil menthol clove oil,-1
paraglee,parical,-1
olopatadine hydrochloride,klopide,-1
multivitamins buclizine hydrochloride iron ferrous sulfate,multivitamins,-1
cillox,celex,-1
ambisor,ampistar 500,-1
dextricyl,dextromethorphan hydrobromide guaifenesin phenylephrine hydrochloride,-1
sterica,sterile water for injection,1
ketorine,etoricon,1
altovox,alvovilda met,-1
losacura,lazicare,-1
loragen plus,lortan plus,-1
easekin,megascent herbascent oil,-1
epival,levipil,1
tobrasaph,tobramycin sulfate dexamethasone,-1
lanzaph,lanac,-1
broncodam,bronchodox,1
zytapram,zitformin,-1
ameval,ampihil 750,-1
triloupe,tral,-1
risponz,rispesaph 2,-1
avazart,avaprel plus,-1
ameval,amvasc be,-1
zophizole,mepzol,-1
clopida,clopidogrelas bisulfate,1
viteron,vitex negundo l nirgundi leaf,-1
ceenovit,ceenovit kids,1
conchoice,consac,-1
moxeth 125,moxsea,-1
golfen 400,glizen 60,-1
diavin 500 xr,duoglica plus 50 500,-1
ascor kid,ascorgen cap,-1
katinko ginger patchouli scent,katinko white extra strength,-1
acce clav,aceclomed,-1
ad c plus,acce c,-1
valugan,valcimox ds,-1
satcapto 25,sitazit 25,-1
linesave,linesave iv,-1
veltezom,valtor,-1
accetaxime,accediazine,-1
flamex,flanaxcool,1
somex,sanix 200,-1
coughlogen,cocilone,-1
eucalyptus oil dementholized mint oil cajuput oil menthol methyl salicylate juniper oil clove oil,eucalyptus oil,-1
ingafol,invaflozin 5,-1
amlo med 5,aml 5,-1
bonpime,buenaxime,-1
nulong 20,olmecor 20,-1
ketorine,ketrom,-1
tocilizumab,tiglipza,-1
eloxatin,duloxetine hydrochloride,1
ritusin,citisan,-1
eloxatin,bilastine,-1
katinko ginger patchouli scent,katinko white,-1
teramol,tramadol hydrochloride dexketoprofen trometamol,1
harvifer,nerviflex plus,-1
tobramet,tobracare,-1
ultra d,ultreinac 600,-1
retazar,retaproban r,-1
bendared,benedex,-1
vamcetin,amacet,-1
aminotrene,amkoteine,-1
rexta,ruzit,-1
katinko ginger patchouli scent,katinko alco,-1
fungsoft,fenofibric acid,-1
medroxcure,metrex,-1
clopidogrel bisulfate aspirin,clopate,-1
doripenem monohydrate,desvenlafaxine succinate monohydrate,-1
hydrocortibas,hydroxycarbamide,-1
plone 5,polynerv 250 plus zinc 40,-1
biolipy,biozef,-1
claribid,chlorpheniramine maleate phenylephrine hydrochloride paracetamol,-1
metovasc,metrocor,-1
tacrostal 1,tacroz forte,-1
flamex,flemisten,-1
neurotrene 300,ertraxone,-1
neurotrene 300,naratriptan hydrochloride,-1
levoxid,levocet natrapharm,-1
flamex,flammasul,-1
cetraxal plus,xtracee plus chewtab,-1
esmolife,esomeprazole,-1
ultra d,ultrasept,-1
levoxid,levocetirizine dihydrochloride grape flavor,-1
regizole,esozole,-1
accexime,acetimax,-1
tarlonib 25,trodon,-1
tored 10,telday 80,-1
golfen 400,glibenclamide metformin hydrochloride,-1
carac h,cura c,1
ritusin,retasone,-1
femaron ob,amiron,-1
vancocym,vancomycin hydrochloride,-1
trane west,tranexbest,1
clopend 75,calpine,-1
furorad,floradine,-1
trental,trimetaz,-1
metocirc,metta sr,-1
gentaxel 100,gentasaph 40,-1
deslorastal,dichlorobenzyl alcohol amylmetacresol ascorbic acid,-1
prinson,pronex 40,-1
ultra d,ultramol,-1
cloracef,clarisave,-1
amlopure 10,amlovart 1605,-1
sivab,sifubact,-1
finox,frixo,-1
coldrex ppa,clotrix,1
eurovox,epovax,-1
losargard,losartan hydrochlorothiazide,-1
plenacyl 600,palnos,-1
heparin sodium,hybrin,-1
cyclolux,cyclohab,-1
medliptin,methylphenidate hydrochloride,-1
cillox,cilostadin,-1
losargard,losarx plus,-1
ciprosan 3,cifrextab 750,-1
tored 10,tres,-1
butamirate citrate,betamin forte,1
telcard 20,telstar 40,-1
charmcee plus zinc,ampix plus,-1
dibavit,diabee forte,-1
mucostan,mucast,1
tai chi ginger,tazogen,-1
resaire,escore,-1
amixol,anxiol,-1
amlopure 10,amloval 1605,-1
irnizet 500,iron zinc folic acid cyanocobalamin,-1
micophil,moxiflo,-1
metocirc,medisartan,-1
cortizol,clozol,-1
neurotrene 300,nir d5rl,-1
ziac,zaecys,-1
nulong 20,balanced multiple replacement solution for iv infusion,-1
sitrizine,stresstabs energy men,-1
femaron ob,fedrin,-1
pharzole,paraglee,-1
clopend 75,calbon d,-1
cenprahep,centrapaz,-1
multivitamins buclizine hydrochloride iron ferrous sulfate,multivitamins amino acids,-1
moxifloxacin hydrochloride dexamethasone phosphate sodium,maxfield,-1
fentare,fenoterol hydrobromide ipratropium bromide monohydrate,-1
tafnext,tranexam,-1
omepace,omeprazole,-1
prinson,promeclin,-1
tobrasaph,tobramycin sulfate dexamethasone phosphate sodium,-1
tamsudin,tamysin 04,-1
regizole,rasagiline,-1
tdlplus,telzel,-1
neozep,neocefixim,-1
plenacyl 600,pulmocaz,-1
clostridium botulinum toxin type a,clozid 25,-1
fentare,fenoterol hydrochloride ipratropium bromide,-1
eurythmic,ertalym,-1
asterol,astrodal,1
iron equivalent to 250 mg ferrous sulfate dried,ironcare,-1
medliptin,metil,-1
alco katinko,alcoshield,-1
tamsudin,tamsulon xl,1
chlorsaph,clorazepate dipotassium,-1
claribid,chlorpheniramine maleate phenylephrine hcl paracetamol,-1
lykaspetin,ikoxpin,-1
eurolac,korlac,-1
ulzim,ultinerv,-1
ramgesic,angicee,-1
rinoease,inno cee,-1
dabigatran etexilate,depakote er,-1
saphtriaxone,viptriaxone,1
celejys,celcoxgen,-1
ferrofer,ferroplex ob,-1
somex,somazine 1000,-1
celejys,celecosan,-1
xovax,topvex 50,-1
moxifloxacin hydrochloride dexamethasone phosphate sodium,mecobalzone,-1
hydrocortibas,hydrax,-1
abisin,atussin,-1
pantozisaph,atorsaph,-1
monastar,onstal forte,-1
sunpant 40,sonap,-1
salbutamol guaifenesin,salbutamol sulfate,-1
cefoxid,cefixime trihydrate,-1
carboprost tromethamine,carbobil,-1
ibuprofen,ibuprofen paracetamol,1
evofix,evirose 400,-1
iv pro,ibuprofen phenylephrine hydrochloride,-1
aminoleban,aminoplasmal b braun 5 e,-1
zophizole,avazol,-1
glucosur,glucor mr 60,1
vitacinc,vitex negundo l lagundi leaf,-1
zytrex,viatrex,-1
allergo,allerchem,-1
brospec,purispec,1
candiva v gel,canditral,1
furorad,feromate plus cap,-1
dinclav,donzil,-1
spivar,ivapro 75,-1
dapazox 10,depo gestin,-1
cefoxid,cefax,-1
medcit,metdazid,-1
isoconazole nitrate diflucortolone valerate,nazogen,-1
gastropem,gastrodol h,-1
novthasone,ophthasone,1
betamethasone dipropionate gentamicin sulfate clotrimazole,betamethasone valerate clotrimazole gentamicin sulfate,1
solphride,solbriz,-1
retamaxz,retagast plus,-1
bactier,bactroban,-1
carac h,corezac,-1
vertasanz,vertikind 8,-1
premiliptin plus,prend,-1
duvadilan,diufed,-1
numazid,anazdex,-1
novixon,neuviton,-1
clobazam,clofezest,-1
cillox,ciloxan,1
bluemedzole,bl metason,-1
sulfur zinc oxide salicylic acid,sulbrim,-1
darzalex sc,d rize,-1
cartin,cartrexed,-1
pralec,prem c,-1
loragen plus,orazinc plus,-1
trental,trimitamol,-1
brospec,berocca performance,-1
astiget,azitas,-1
novthasone,novotran,-1
bactier,bactriderm,-1
ceenovate,cenvert 8,-1
urazole,vorzole,-1
zyklor,euchlor,-1
clonigen,clincidam,-1
cefoxid,ceficad 1000,-1
candiva v gel,candelife,-1
albunorm 20,albulem,1
ole,golol,-1
ad c plus,alka c,-1
ulzim,ulfinaste,-1
dapazox 10,daphix,-1
diapid,diphtheria tetanus toxoid dt adsorbed,-1
bactier,bacitracin zinc neomycin sulfate polymyxin b sulfate,-1
clonigen,clinmicap,-1
eurogyl,erexil,-1
levizam 500,levoxina,-1
progefil,pregavit,-1
losacura,lozak,-1
stilnox,netiline,-1
glucosamine sulfate scutellaria baicalensis baikal skullcap root extract acacia catechu catechu heartwood extract,glucose monohydrate,-1
gesidol,gestacare ob,-1
neozep,neozep non drowsy,-1
trental,trimedin,-1
natravox,natriban,-1
eurythmic,erythromycin ethylsuccinate,-1
rocuronium bromide,rocutam,-1
ulzim,olazin,-1
lonoxie,lemmac,-1
tarlonib 25,trilam,-1
muprivex beta,mupirina,-1
tored 10,pred 1,-1
dobutamine,dobutel,-1
paraglee,procal,-1
mertazine,merit,-1
ziac,zaczin,-1
guaifenesin chlorphenamine maleate phenylpropanolamine hcl sodium citrate ammonium chloride,guaifenesin dextromethorpan hydrobromide,-1
plone 5,celemin 5 s,-1
immutrax,immucare advance,1
eucet,cisget,-1
eucet,eyesod,-1
vamcetin,vancomet,-1
prosride,prostriaz,1
recombinant human erythropoietin alfa,rixanep 500,-1
saphbiotin,epotin,-1
satcapto 25,sitastar 50,-1
vitacinc,vitgen,-1
tramid,trimetazidine dihydrochloride,-1
gastropem,gastrec 40,-1
asterol,aztrocin,-1
immunostan,immuntab,-1
dextromethorphan hydrobromide guaifenesin,dextrose,-1
allergo,allurase,-1
ferrofer,ferriprox,-1
biolipy,biosaph,-1
vfresh aromatherapy green tea,virofred,-1
folifron ob,folife,1
amlopure 10,amlovart 160 10,-1
levoxid,levocetirizine,-1
cyclolux,ceclobid,-1
amiodarone hydrochloride,amdozar,-1
latochek,latricon 100,-1
fentare,fenetor,-1
gasmodic,gascovid double action,-1
saphtriaxone,saphtorphan 10,-1
levizam 500,lefoxin,-1
somex,samsca,-1
pak c,pak c plus d,1
olopatadine hydrochloride,salbutamol sulfate guaifenesin bromhexine hydrochloride,-1
plenacyl 600,pulmocare 200,-1
petroleum jelly,phytoral,-1
metocirc,metacartin,-1
blumea balsamifera l dc sambong leaf,multivitamins minerals chlorella pyrenoidosa panax ginseng l korean ginseng root lecithin rutin taurine,-1
trental,tramadol hydrochloride paracetamol,1
riscare odt,viscort,1
cartin,cardiwon,-1
coughlogen,cigla kas,-1
fever nil 200,fevgon,-1
tdlplus,talafil,-1
amikacy 250,amsocyn 600,-1
glucosamine sulfate scutellaria baicalensis baikal skullcap root extract acacia catechu catechu heartwood extract,glucosamine sulfate,1
vitacinc,vitamin b complex,-1
sunpant 40,samvon,-1
candiva v gel,candephil,-1
katinko ginger patchouli scent,ketomix,-1
moxifloxacin hydrochloride dexamethasone phosphate sodium,micafungin sodium,-1
merpetri,meropdica,-1
rocuronium bromide,rocuroniusaph,1
clopida,clovate,-1
loragen plus,foragen,1
azurin,aprinol 25000,-1
synflorix,infliximab,-1
cefogram,cefux,-1
ole,olamedix,-1
capddpca 4,captp 500,-1
omebloc 20,omezol,-1
duomed,demedin,-1
clopend 75,clevan,-1
zophizole,mepazole,-1
rexta,rexcodyl,-1
alco katinko,alcoshield ethyl alcohol 70 solution armour boost,-1
risponz,rocephin,-1
vagclr m,acce lora,-1
novamet,neo penotran forte l,-1
heparin sodium,hypermox,-1
xovax,diovex,-1
azurin,aezolin,-1
pubergen,aubrex,-1
doxylamine succinate pyridoxine hydrochloride,diacoline,-1
urazole,ursoliv 500,-1
iv pro,ivetra iv,-1
gocifime,goconium iv,-1
loragen plus,lortan,-1
ironsave,irinocan 100,-1
albutein 25 solution,alivet iron,-1
amiodarone hydrochloride,amtrix,-1
skinoren,spirenze,-1
folifron ob,follitropin alfa lutropin alfa,-1
hyclens skin cleanser,levan,-1
hydrocortibas,hydrocortisone acetate miconazole nitrate,-1
ingafol,imojev,-1
blicyclo 400,bligef,-1
saphbiotin,saphvidone,1
coughlogen,ciclox,-1
skinoren,santon,-1
harvimide,hirafen,-1
zyklor,k chlor,-1
lostar,bactrostar,-1
candiva v gel,ondavell,-1
vagclr m,baclor,-1
alltrex,actranex,-1
gavlin,gaviscon double action,-1
furimax 1500,furimax 1500 plus,1
eurythmic,erythromycin stearate,-1
propicillin,probiogal,-1
fox balm,ls bl,-1
harvimide,darifenacin hydrobromide,-1
cofzol cs,cefozol,1
xotacil,meducil a,-1
immunostan,immungold,-1
capsuflex,capsicum extract zinc oxide,1
cistovent,coxto,-1
bligem,blitensta x,-1
fevergan,fever nil 240,-1
retazar,retaclav r,-1
hydrocortibas,hydrocent,-1
propicillin,provas,-1
ritusin,retaxzen 500,-1
fentare,entraver,-1
cixtor z,coxet,-1
ceenovit,meno vita,1
telarb ccb,tiger balm plaster rd,-1
xozid,maxi aid,-1
cyclolux,cycamil,-1
emend,memandin,-1
yucordin,nicardipine hydrochloride,-1
linesave,linezostad,-1
multivitamins buclizine hydrochloride iron ferrous sulfate,multivitamins chlorella taurine lysine,-1
eucet,ezetimibe simvastatin,-1
mucolem,mucolief,1
lupizin,levoxin,-1
metocirc,medcortin,-1
avazart,novasartan,-1
choicesulin,accecoline,-1
zyklor,zuslon,-1
perindopril erbumine,primadol,-1
azurin,accurecin,-1
sanpara,sanfur ds 125,-1
sitrizine,stressaide,-1
allergo,allerblock ct,-1
glucosamine sulfate scutellaria baicalensis baikal skullcap root extract acacia catechu catechu heartwood extract,glucosol,-1
vitaplex b,vitfolix,1
verist 16,verzen 16,-1
dixspiro,doxopro,-1
neostilex,neocyte,-1
curafen,carvemax,-1
novamet,novastat 120,-1
mistacor am,vistacom,1
amixol,amezolin,-1
cefuroxime axetil clavulanate potassium,cefpuro,-1
dixspiro,dizzivert 8,-1
ceenovit,celvit,-1
vagclr m,vastarel mr,-1
tacrostal 1,triax 1,-1
sitrizine,starcef,-1
sitaglinex,sitiglow,-1
xinprotec,protec,1
immunostan,imuncare,-1
blanc white,balanced multiple maintenance solution for iv infusion,-1
latochek,lidocaine prilocaine,-1
naflax,neobloc,-1
olangem od 10,olmezar,-1
synflorix,sitiflox,-1
ketorine,seth rine,-1
tres,tru cee,-1
avertin,vibert,-1
rexibile,reax plus,-1
nir ns,ironsave,-1
carvemax,clavomax,-1
novataxel 20,novatib 400,-1
cylocortix,calixarb,-1
moxeth 125,myox,-1
multivitamins and minerals orange flavor,multivitamins iron,-1
medliptin,methylin,-1
merpetri,myrevit c fc,-1
levohab,levobest,-1
gesidol,gastrodol h,-1
olopatadine hydrochloride,oxycodone hydrochloride naloxone hydrochloride,-1
bendared,beniforte,-1
salbutamol guaifenesin,salbutamol sulfate beclometasone dipropionate,-1
baamcillin 250,amizol,-1
dapazox 10,dapoxetine hydrochloride,-1
micophil,moxiflovic,-1
viteron,vitex negundo l,-1
tarlonib 25,arilan,-1
fina 5,figc,-1
triloupe,trilacgen,1
ramgesic,remdesivir,-1
maxitrol,maxtram,1
suncetin tab,sinustan,-1
deslorastal,dcal,-1
vildus,vildamed 50,-1
blanc white,blineks,-1
salbproduo,salufer,-1
blicyclo 400,cholecalciferol calcium carbonate 400 iu600 mg film coated tablet,-1
astiget,accediazine,-1
tamsudin,tinactin,-1
monastar,finasticare,-1
clusivol plus,ceelin plus chewables,-1
satcapto 25,stacef plus,-1
brospec,breztri aerosphere,-1
blanc white,blanc by beautederm acne banishing,1
methylcosaph,biosaph,-1
oppisartan 40,novasartan,1
zytrex,zithroace,-1
amixol,amoclav,-1
avertin,ascortin,1
accetaxime,actosmet,-1
gmet 1000,gemita,-1
ciprosan 3,cefroxsur 750,-1
vitarose,vitadex,-1
medcit,metsita,1
ifamso,avamys,-1
ad c plus,drexabion plus,-1
cenprahep,camphor menthol dementholised mint oil,-1
pubergen,piperacillin sodium tazobactam sodium,-1
lonoxie,lynase,-1
neozep,neosporex,-1
lilasartan,vivasartan,1
eurolac,easylac,-1
pharzole,procal,-1
ifamso,ibanox,-1
klopi,lolip,-1
asterol,axitro,-1
cefogram,cefker,-1
novataxel 20,novatib 100,-1
medroxcure,medroxin,1
vitarose,vital c plus,-1
trental,tramadol hydrochloride dexketoprofen trometamol,1
entyvio,entefuryl,-1
flamitin,fluomizin,-1
sanpara,synproxin,-1
zophizole,rapizole,1
vitaplex b,vitamin b complex calcium pantothenate folic acid,-1
doripenem monohydrate,dorpen,-1
metovasc,metfn,-1
ferrofer,feronerv fa,-1
gentakast 10,gentoxyn,-1
ultra d,ultramino,-1
jon c,c max zn,-1
vagclr m,aclor,-1
veltezom,velbastine,-1
olangem od 10,olan odt,-1
saphbiotin,ovatin,-1
altovox,altozol iv,1
conchoice,co amoxiclav see reverse,-1
sterica,steri q surgical cleanser,1
lisnoxl 10,lozamex,-1
eurythmic,eryzin,-1
immutrax,mometarex,-1
easekin,megascent oil,-1
adisart,atadar,-1
sym2,synmex,-1
amiodarone hydrochloride,amitriptyline hydrochloride,-1
mcson scent,micas,-1
tivicav,ivic,-1
diavin 500 xr,defnac,-1
sterica,stricarb,-1
pred forte,pharex b complex forte,-1
natravox,nutriflex omega special,-1
cistovent,coxet,-1
tarlonib 25,peritoneal dialysis solution low calcium with 25 dextrose,-1
metsure,budesure,1
moxeth 125,mox s,-1
surinem 1000,xrmin er 1000,-1
tdlplus,ameval plus,-1
rinoease,r nex 120,-1
euroferron,neurofort,-1
cyclolux,ciklox,1
poten cee,potenflo,1
celabin,clovintin,-1
albutein 25 solution,alvotaz,-1
spivar,ivabradine,-1
allergo,allerkast,-1
clopida,clopate,-1
ultra d,ultramax,-1
licegone,lidex ngn,-1
iselpin,guiasol plus,-1
sitrizine,steri q surgical cleanser,-1
naflax,nebiloc ccb,-1
avazart,avastin,1
ifosfaget,fefosaph,-1
vfresh aromatherapy green tea,cresart,-1
medcit,meducil a,1
dabigatran etexilate,abacid,-1
tres,trexasaph,-1
viteron,vitagen,1
biopril,bipera,-1
effertab,eperton,1
medroxcure,medrol,-1
ultra d,ultra rub,-1
celcarb,clacure,-1
cetraxal plus,cetirgen,-1
fentare,benadrex,-1
lonoxie,leneso,-1
tobrasaph,tobrazin plus,-1
regizole,nicozole,-1
katinko ginger patchouli scent,katinko fragrant oil,-1
fusid,fusidex,1
omepace,omeptas,-1
cylocortix,celecorvic,1
entyvio,enervon boost,-1
altovox,altocid,-1
fox balm,zecobal,-1
lisnoxl 10,isonix,1
bdmero 1000,adnerv,-1
carac h,presartan h 50,-1
resaire,lesirheu,-1
jon c,woncare c,-1
chocoflem,aciflam,-1
koxib,koact 12,-1
easekin,ascozin,-1
fungsoft,fenofibrate pravastatin sodium,-1
metsure,metacort,-1
levohab,lepiva 500,-1
fina 5,feri,-1
ketorine,k tori,-1
oxy pol,doxofylline,-1
dyvelamer,difflam for children,-1
perindopril erbumine,permetrizz,-1
urazole,marzole,-1
sitaglinex,stagalin,-1
bendared,bendexime,-1
solphride,salbutamol sulfate guaifenesin bromhexine hydrochloride,-1
budeson,desowen,-1
saphmox 500,saphtazone 1500,-1
zinetab,zentara,-1
salbproduo,salbo,-1
ciprosan 3,ciprospar plus,-1
tres,trexasaph 25,-1
teralev,terracef,1
belfur,melifirin,-1
butamirate citrate,butaciram,1
plenacyl 600,pulmocass 600,-1
bluemedzole,glaumed,-1
qvex,carvex,1
triloupe,terlev,-1
eleomox,lox,-1
esotid 40,escidix 10,-1
aminoleban,aminocent,-1
finox,folex,1
vancocym,vancoza 1,-1
surinem 1000,arunem,1
oppisartan 40,lopicard,-1
tivicav,triceftaz,-1
medroxcure,midrox,-1
scheepril,reparil,-1
tacrostal 1,tazracil,-1
mixigil,magnilek,-1
cetraxal plus,cotrazid,-1
celcarb,calcernate plus d,-1
clostridium botulinum toxin type a,cloxid,-1
herbamed,berafen,-1
zyklor,ceclor,-1
telcard 20,elzar 80,-1
bezogen,bocetin,-1
avertin,afreedipine,-1
gentakast 10,gentamin,-1
curafen,curevein,1
loragen plus,luoriaxon,-1
carboprost tromethamine,carboget,-1
olopatadine hydrochloride,clopidogen,-1
tanafen,tenofovir alafenamide fumarate,-1
retamaxz,retalac,-1
fever nil 200,sevren,-1
paraglee,proglutrol 500,-1
accexime,accesszinc,-1
klarmyn,klarifer,-1
rexibile,roxiprime,-1
vildus,vildalion 50,-1
duvadilan,duobaclin,-1
tamsudin,tamson,-1
amlopure 10,amlobes,-1
sirdalud,sartollen 50,-1
sidprazole,mediprazole,1
bactier,bacterial lysate,1
valugan,vitagain,-1
sulfur zinc oxide salicylic acid,silvirin,-1
telarb ccb,ticarbo,-1
cefoxid,cefzox,-1
tored 10,prednisaph 10,-1
iron equivalent to 250 mg ferrous sulfate dried,iron folic acid pyridoxine hydrochloride vitamin b6 cyanocobalamin vitamin b12,-1
furimax 1500,farmclar,-1
latochek,letrozole,-1
synflorix,synproxin,1
gavlin,aplinc ors,-1
fentare,centrane,-1
glysolin 3070,gliclyde,-1
golfen 400,clofenex 50,-1
zytapram,metopra,-1
vitacinc,vitagen forte,-1
epival,eperilife,-1
chlorsaph,chlorhexidine isopropyl alcohol,-1
mertazine,vertigine,-1
dinclav,demiclav,-1
cofzol cs,cefuzel,-1
duomed,omed 20,-1
fixidrops,fisteride,-1
sivab,ivabradine hydrochloride,1
panto plus,pantoprazole domperidone,-1
dapazox 10,daptica 10,-1
gasaide,gacet 250,-1
robikids,rofast 10,-1
sitaglinex,sitagliptin phosphate metformin hydrochloride,-1
biopril,biprosolone 125,-1
celabin,clavimox,-1
bdmero 1000,butamir,-1
decicord,dicloran gel,-1
amiodex,amnotic,-1
blicyclo 400,bluecozone,-1
harvifer,sorbifer durules,1
emend,zemande,1
sidprazole,sytopril,-1
urify,infasurf,-1
bonpime,omevin omecid suprecid,-1
nir ns,iron sucrose ferric hydroxide sucrose complex,-1
plenacyl 600,palonex,-1
cartin,cardamin,-1
darzalex sc,dorzolamide hydrochloride timolol maleate,-1
dinclav,domiclav,-1
vitacinc,vitamin b complex calcium pantothenate folic acid,-1
levoxid,lepsodex er,-1
duasaph,disaphverine,-1
loragen plus,lordam,-1
surinem 1000,duromine 15,-1
cyclolux,cyclophos,-1
fungsoft,fungisel,-1
azurin,azitan,1
amikacy 250,amiksan 50,-1
pecfent,decaphen,-1
vagclr m,meclormin,1
yucordin,eucardipine,-1
efamed,cepimed,1
episert,bepsar,-1
neurotrene 300,neuropro,-1
tdlplus,theraplus,-1
gazgo,g cob,-1
ibuprofen,ibuprofen phenylephrine hydrochloride,1
altovox,aldoxy,-1
cloracef,chlorhexidine gluconate,-1
deconsaph plus,dexamze,-1
epival,nebivolol hydrochloride,-1
cylocortix,cylocortix 250,-1
rispedin 2,rispernov 2,-1
olopatadine hydrochloride,olopatadine hydrochloride mometasone furoate monohydrate,1
yucordin,ascortain plus,-1
trifixime,bexime,-1
tocilizumab,aciloc,-1
duomed,diumide k,-1
guaifenesin chlorphenamine maleate phenylpropanolamine,guaifenesin salbutamol sulfate,-1
golfen 400,gluventa pr 750,-1
skinoren,sinedin,-1
scheepril,super leaf,-1
tenemax,unamax,-1
merpetri,meropen,-1
rhedin 75,rythma,-1
regizole,regivell,1
cartin,carminasen,-1
carbocisteine zinc,arb,-1
biolipy,silvi,-1
telarb ccb,claribid,-1
allergo,allerin syrup reformulated,1
conchoice,comxicura,-1
surinem 1000,sartan 100,-1
robitussin ex,levotusive,-1
trental,trimedial,-1
multivitamins and minerals orange flavor,multivitamins iron lysine,-1
regizole,ranzole,-1
gentakast 10,gentam,-1
fungsoft,fumicef,-1
tafnext,rafonex 625,-1
neozep,neotapp,-1
lipisim,lipiguard 20,-1
peprazom,mepraz,-1
aminotrene,aminoket,-1
bestricare,bacterase,-1
blumea balsamifera l dc sambong leaf,bluecef,-1
perindopril erbumine,prometil,-1
flamitin,folineed,-1
methyxale 500,metzole,-1
clonigen,clonigard,1
rexibile,cisbil,-1
zytrex,zetrinx,1
dextromethorphan hydrobromide guaifenesin,dextromik,-1
surinem 1000,surcon,-1
ifamso,ikshamox,-1
cylocortix,clogrix,-1
gentakast 10,genvasc 10,-1
asterol,azithrosave,-1
paracetamol phenylephrine hcl chlorpheniramine maleate,paracetamol 500 mg tablet,-1
eloxatin,elson,-1
claribid,clorfil,-1
losargard,losartan potassium hydrochlorothiazide,-1
saphtriaxone,saphtinoin,-1
teralev,travoprost timolol maleate,-1
dyvelamer,difflam c,-1
medcit,medical oxygen,-1
numazid,cmaxid 15,-1
eucet,esita,-1
oppisartan 40,episert,-1
effertab,enhertu,-1
folifron ob,fusifer b,-1
progefil,proglin,-1
satcapto 25,sitagpina,-1
zdonate,betamethasone dipropionate,-1
resaire,rigor,-1
fox balm,fextallert 180,-1
robitussin ex,dobuts,-1
pharzole,prokolen,-1
vitarose,nitrous oxide,-1
invokana,invanz,1
altovox,altoprazole,-1
risponz,rexofen,-1
naflax,neopenmax,-1
femaron ob,fenrus,-1
dibavit,diabee plus,-1
amnique 5,amo 5,-1
trental,trimetazidine,-1
aminotrene,aminoden,-1
recombinant human erythropoietin alfa,recombicyte,-1
dapazox 10,dapaglif 10,-1
iron equivalent to 250 mg ferrous sulfate dried,ironse,-1
co aleva,colav 250,-1
xypen,hypen,1
zyklor,zyclodex,1
vamcetin,vamstat,-1
conchoice,comxicla,-1
multivitamins lecithin lysine minerals,multivitamins minerals lysine,1
glysolin 3070,glysolin r,1
heparin sodium,tobramycin sulfate dexamethasone phosphate sodium,-1
vildus,vildasure,1
mertazine,merodex ii,-1
regizole,reximol,-1
capddpca 4,caftop,-1
jon c,bewell c,-1
koselugo,kezole,-1
asterol,azithronova,-1
harvifer,herba vomitz,-1
emend,epimeds,-1
petroleum jelly,neutroline,-1
sitapro,siti furose,-1
bonpime,bonvits,-1
akidin,actein,-1
esotid 40,escit,-1
chlorsaph,chloramphenicol,-1
merpetri,merprofez 1000,1
synflorix,sinuplus,-1
acce clav,aceclofenac,1
risponz,rispexolv,-1
carboprost tromethamine,carbobase,-1
candiva v gel,comtan,-1
novarox 10,novaron fa,1
tobramet,tobrasaph dex,-1
tored 10,thyres 100,-1
doxylamine succinate pyridoxine hydrochloride,diclomet,-1
eurolac,euromycin,-1
vitaplex b,nat b,-1
ironsave,irinogen,-1
tramid,tramadol paracetamol,-1
capddpca 4,captivo 25,-1
triloupe,triocef pfos,-1
mistacor am,miostat,-1
somex,sano cee,-1
dapazox 10,dapamac 10,-1
teralev,traloflam,-1
mixigil,moxiflostad,-1
riscare odt,nicardia retard 20,-1
capsuflex,cefxifix,-1
dyvelamer,difflam h extratm,-1
pubergen,peprazole,-1
resaire,regroe,-1
doripenem monohydrate,orapen,-1
oratrime,naratriptan hydrochloride,-1
tored 10,tareg,1
amnique 5,shan 5,-1
vitguard c,retaguard 80,-1
dextricyl,dextromethorphan hydrobromide phenylephrine hydrochloride,-1
akidin,acidem,-1
somex,somazine,-1
rexibile,rezafil iv,-1
co aleva,celevastatin,-1
telarb ccb,tiger balm soft,-1
eurovasc 10,erlocip 150,-1
esotid 40,esometor 20,-1
afaxor 150,appecare,-1
dyvelamer,duoval max,-1
eprohab,epirub 50,-1
neo penotran,novotran,1
oratrime,arthrimed 120,-1
tramid,trametinib,-1
rinoease,r nex 125,-1
solphride,belphrine,1
klopi,clopidogrel,1
numazid,cinazith,-1
inoclav,inclisiran sodium,-1
valugan,valazyd am 10,-1
skinoren,sanirom 1000,-1
celetor 200,clotrimazole beclometasone dipropionate,-1
cixtor z,maczithro ds,-1
actilyse,actibile,1
finox,finasticare,-1
propicillin,parfiz,-1
bonpime,bonmab,-1
morvicor,nervicore,1
muravit b300,revit b,-1
ifosfaget,ipravent,-1
recombinant human erythropoietin alfa,rh com,-1
riscare odt,rcarbonate,-1
capddpca 4,levodopa carbidopa monohydrate,-1
vfresh aromatherapy green tea,vera c,-1
iv pro,ibuprowell 200,-1
startline 25,startrex 500,-1
claribid,clarisaph 125,1
multivitamins and minerals orange flavor,multivitamins buclizine hydrochloride lysine hydrochloride ferrous sulfate,-1
rhedin 75,godine,-1
koselugo,vesselcure,-1
harvifer,harfurin,-1
vildus,vildagliptin metformin hydrochloride,-1
lykaspetin,eicosapentaenoic acid docosahexaenoic acid see reverse for formulation,-1
zetrocyn,zithroquest,-1
andros,antergal,-1
diapid,diufed,-1
carac h,ara,-1
rinoease,rounox,-1
amiken,amoxinex,-1
ifosfaget,ifosmide 1000,-1
latochek,letroget,-1
hydrocortibas,hydr,-1
amiodarone hydrochloride,antazoline hydrochloride tetrahydrozoline hydrochloride,-1
doxylamine succinate pyridoxine hydrochloride,diclon,-1
ciprosan 3,cyfrox,-1
atorzet,atorschwartz,-1
celetor 200,clotrimazole beclometasone dipropionate gentamicin sulfate,-1
astiget,astezol,-1
multivitamins buclizine hydrochloride iron ferrous sulfate,multivitamin,-1
immutrax,amtrix,-1
dobutamine,dobutamine hydrochloride,-1
mixigil,megescel,-1
immutrax,imotab,-1
startline 25,spartan 50,-1
muprivex beta,mupirina b,-1
invokana,inlacin,-1
robitussin ex,rovita,-1
biopril,operol,-1
butamirate citrate,betacrem,-1
vitarose,nitrosan,-1
novthasone,neo vita,-1
yucordin,nicardisan,-1
iron equivalent to 250 mg ferrous sulfate dried,iron ferrous sulfate,1
iprazo 45,ibra,-1
robitussin ex,revitiz,-1
metocirc,metoclopramide hydrochloride,-1
eurovasc 10,neuro bs 500,-1
fevergan,feburex,-1
morvicor,travocort,-1
vancocym,vancosar 500,-1
yucordin,bicardikon,-1
duasaph,hyosaph,1
eucalyptus oil dementholized mint oil cajuput oil menthol methyl salicylate juniper oil clove oil,eucalyptus oil cajuput oil clove oil juniper oil menthol peppermint oil methylsalicylate,1
zdonate,zolentra,-1
salbutamol guaifenesin,salbutamol ipratropium bromide,-1
duasaph,diacof,-1
sulfur zinc oxide salicylic acid,solbriz,-1
alltrex,altrazide,-1
vancocym,vancoza 500,-1
ferrofer,ferricore,-1
ulzim,ulceze,-1
amixol,amoxil forte,1
zyklor,faclor,-1
femaron ob,femax,-1
rexibile,rexiphrine,1
baamcillin 250,benzylpenicillin sodium,-1
immutrax,montra,-1
amiodarone hydrochloride,andrex,-1
spivar,savephrine,-1
vfresh aromatherapy green tea,varoxa,-1
vagclr m,maclar,-1
rifampicin isoniazid,rifamox,-1
cefuroxime axetil clavulanate potassium,cefurax ax,-1
ceenovate,corbate z,-1
dexamethasone,desonide,-1
pubergen,piperacillin sodium tazobactam sodium wfi,-1
vfresh aromatherapy green tea,vforci,-1
cefepime hydrochloride with l arginine,cefopti,-1
nulong 20,clonigen,-1
spivar,ivabradine hydrochloride,-1
fusedex,fusidic acid betamethasone valerate,-1
allergo,allerstop,-1
ziac,aza 500,-1
bupivaxine iso,bupibaric,-1
tai chi ginger,taxochem 100,-1
urazole,urisol,-1
rhedin 75,rixan 15,-1
gentaxel 100,genodes 5,-1
petroleum jelly,getryl,-1
novataxel 20,novotran,-1
cofzol cs,cefuxal,-1
mistacor am,mighty cee,-1
merpetri,myrevit c plus,-1
risponz,rispemind,-1
pubergen,evergreen,-1
cefoxid,cefixime anhydrous,-1
regizole,regixime,1
duasaph,duosan,1
methylcosaph,methycobal,1
bestricare,bactricef,1
salbutamol guaifenesin,salbutamol sulfate 2 mgml solution for nebulization,-1
zophizole,affozole,-1
vitguard c,vitacore,-1
broncodam,bronchogan,1
zinetab,zentan am forte,-1
baamcillin 250,benaxil,-1
khrizvela,korgivit e forte,-1
vildus,vildaberry 50,-1
eucalyptus oil dementholized mint oil cajuput oil menthol methyl salicylate juniper oil clove oil,diclofenac diethylamine methyl salicylate levomenthol linum usitatissimum linseed seed,-1
saphmox 500,saphlecox 200,-1
clocephen,calcipine,-1
scheepril,sobirlife,-1
cistovent,cistra,-1
bactier,bactrigon,-1
pharzole,paraglee forte,-1
mixigil,maxigen,1
tenemax,trunex,-1
tored 10,tron,-1
premiliptin plus,pranol,-1
stilnox,sedalin,-1
lykaspetin,levosaphzine,-1
jon c,j mox,-1
cetraxal plus,cytrakon,-1
tarlonib 25,targin,-1
valugan,velacom,-1
dextricyl,dextromethorphan hydrobromide phenylephrine hydrochloride paracetamol,-1
cillox,coolex,-1
olangem od 10,olanz 5,1
dextromethorphan hydrobromide guaifenesin,dexatrol,-1
ziac,zenia 10,-1
verist 16,verbeta 16,-1
allergo,allercef,-1
oxy pol,joy cee plus,-1
curafen,corbamax,-1
eurythmic,erdon,-1
sterica,stero cort s,-1
triloupe,trazuper,-1
dabigatran etexilate,depakote,-1
dinclav,amoiclav,-1
alco katinko,alcoxib,-1
vfresh aromatherapy green tea,thera care,-1
premiliptin plus,premio,1
khrizvela,korgivit e,-1
curafen,carpime,-1
neovite,next,-1
zytrex,zetranex,-1
carac h,carcirub 50,-1
fungsoft,fungisaph,-1
remznc,kremezin,-1
vostrin,vistrep,1
lupizin,lefixime 200,-1
sivab,sefepi 1000,-1
progefil,pirox,-1
sanpara,raniphar,-1
tres,thyres 100,1
zytapram,retapraz,1
ifosfaget,ifos,-1
fusedex,psydex,-1
petroleum jelly,letrolakas,-1
salbproduo,calpro d,1
solphride,sulver,-1
olopatadine hydrochloride,alfadine,-1
paracetamol phenylephrine hcl chlorpheniramine maleate,paracetamol phenylephrine hcl,-1
micophil,minipil,1
nephrone,novaron fa,-1
immunostan,imun z,-1
moxeth 125,mecid,-1
robikids,robust s,-1
decicord,docegard 20,-1
regizole,rainazole,-1
hydrocortibas,hydrospor,-1
bluemedzole,zolmed,1
brospec,berazoba 45,-1
amiodarone hydrochloride,androgel,-1
zytrex,ketorex,-1
blicyclo 400,bloxid,-1
rexibile,rezebloc,-1
glucosamine sulfate scutellaria baicalensis baikal skullcap root extract acacia catechu catechu heartwood extract,glucozide,-1
medliptin,medzef,-1
salbutamol guaifenesin,salbutamol carbocisteine,-1
pred forte,predmore,-1
capsuflex,cephacef,-1
blicyclo 400,blokacid,-1
lonoxie,lincomycin hydrochloride,-1
zytrex,motirex,-1
cartin,cardowin,-1
gazgo,izo,-1
deconsaph plus,digamex,-1
cefogram,cefax,-1
evofix,efica cee 500,-1
cymor 60,conmy,-1
clopend 75,clobenate,-1
tenemax,temlex,-1
guaifenesin chlorphenamine maleate phenylpropanolamine hcl sodium citrate ammonium chloride,guaifenesin bromhexine hydrochloride salbutamol sulfate,-1
fungsoft,fonkopac,-1
merpetri,myrevit b forte,-1
pralec,prolix,-1
clocephen,clocel,-1
glucosamine sulfate scutellaria baicalensis baikal skullcap root extract acacia catechu catechu heartwood extract,glucost r,-1
zytrex,zithrox,1
bdmero 1000,unomero 1000,1
gasmodic,dexamethasone phosphate sodium,-1
hemaplus,hemamed plus,1
vamcetin,vancomycin,-1
choicesulin,citicoline sodium,-1
micophil,mucofalk orange flavor,-1
azurin,acurium,-1
propicillin,provestin,-1
amiodarone hydrochloride,homatropine hydrobromide,-1
vedolizumab,colium,-1
vildus,valdoxan,-1
naflax,aflacin,1
perindopril erbumine,primetram,-1
naflax,cefulax,-1
golfen 400,glizen 80,-1
spivar,silver nitrate,-1
alco katinko,alcostar,-1
omebloc 20,omep,-1
rocuronium bromide,recormon,-1
cefuroxime axetil clavulanate potassium,cefurogen,-1
ketorine,uket,-1
santron,syntria,-1
ketorine,ketorz,-1
rhedin 75,cidine,-1
tranex,ranex,1
suncetin tab,cinzitab,-1
euroferron,empro,-1
spivar,silver sulfadiazine,-1
cymor 60,amero 500,-1
pred forte,protopic,-1
re leaf,renaleaf,1
moxeth 125,maxkid,-1
clopend 75,clopimed,-1
invokana,infanrix ipvhib,-1
asterol,asthromed,-1
cefoxid,cefoxitin sodium,1
sidprazole,sitipraz,-1
sitrizine,steri q hand cleanser plus,-1
evofix,epibbas,-1
albunorm 20,aluprin,-1
mixigil,medxil,-1
xotacil,retaclav,-1
clostridium botulinum toxin type a,cilostadin,-1
bendared,biometrine,-1
cloracef,chloroquine phosphate,-1
clonigen,choline salicylate benzalkonium chloride,-1
metsure,metxr 500,-1
robikids,rivastigmine,-1
biopril,biperiden hydrochloride,-1
tobrasaph,tobrex,-1
celetor 200,celtrix,-1
vancocym,vancosan,-1
effertab,exsert,-1
vildus,vildaxil,-1
alco katinko,alcogen,-1
trental,trimetab,-1
guaifenesin chlorphenamine maleate phenylpropanolamine,guaifenesin ammonium chloride sodium citrate chlorphenamine maleate,-1
afaxor 150,avagard,-1
ceenovit,cosvit c plus,-1
celabin,clobimed,-1
cofzol cs,cefazolin,-1
fina 5,fin cee,-1
moxifloxacin hydrochloride dexamethasone phosphate sodium,moxiflo,1
tobramet,tobramycin sulfate dexamethasone sodium phosphate,1
iprazo 45,iprin,-1
robitussin ex,rapid c,-1
klopi,felop,-1
gasaide,geozit,-1
ingafol,ginkgo biloba egb 761,-1
hemaplus,telmiprem plus,-1
evofix,evirose s,-1
mistacor am,vistachlor,1
tai chi ginger,tazocin,-1
fungsoft,fenofibrate atorvastatin calcium,-1
ketorine,ketourea,-1
golfen 400,gluventa pr 500,-1
hydrocortibas,hydrochlorothiazide,-1
immutrax,hemotrax,1
immunostan,immunocep,-1
sirdalud,cortalgesic xtra,-1
ulzim,alsium,-1
teralev,trumeprazole,-1
alco katinko,alcoshield armour boost,-1
poten cee,stenac,-1
zytrex,zithrocin,-1
butamirate citrate,betam,-1
santron,somatropin,-1
coldrex ppa,clotranex,-1
albunorm 20,albendazole,-1
naflax,nebilax,1
aminoleban,aminoven,-1
licegone,lariaxone,-1
dixspiro,isopropanol benzalkonium chloride,-1
carac h,carexetan 8,-1
tenemax,trenaxid,-1
stilnox,stimuno,-1
synflorix,envlo,-1
blanc white,blanestra,-1
zytapram,metoprim,-1
coughlogen,ca gluco,-1
bonpime,sanopime,1
triderm,trixsuer,-1
ameval,anvil 400,-1
pralec,priligy,-1
esmolife,esem,-1
ritusin,retaxone,-1
tonavir,lopinavir ritonavir,1
dibavit,robivit,1
khrizvela,trizef,-1
verist 16,arizt,-1
losargard,losaram,-1
gentakast 10,gentix eye,-1
cofzol cs,cefuxil,-1
accexime,agycin 500,-1
trental,trimedav,-1
irnizet 500,iron equivalent to 250 mg ferrous sulfate dried,-1
khrizvela,khrizcopan 10,-1
tres,true cee,-1
vagclr m,vaxol,-1
fevergan,febrex,-1
clopend 75,clophen,1
tarlonib 25,tramon,-1
xotacil,adcal,-1
fusedex,fusadoc,1
efamed,appimed,-1
amnique 5,aml 5,-1
multivitamins buclizine hydrochloride iron ferrous sulfate,multivitamins iron lysine hydrochloride,-1
decicord,dichlorobenzyl alcohol amylmetacresol,-1
fina 5,feme,-1
cillox,cilozia,-1
baamcillin 250,benzally,-1
effertab,bevert,-1
muprivex beta,methoxy polyethylene glycol epoetin beta,-1
propicillin,propacetamol hydrochloride,-1
panto plus,pantoprazole sodium sesquihydrate domperidone maleate,-1
tivicav,avisaph,-1
yucordin,myocard,-1
trimaxone,trimagen,1
klarmyn,klirnose,-1
vamcetin,tinactin,-1
prosride,prostarex,-1
broncodam,bronchosar,-1
ibuprofen,ibuprofen orange flavor,-1
perindopril erbumine,prometin,-1
cloracef,chlorsapheine,-1
esmolife,esmazol,-1
tafnext,tranexamic acid mefenamic acid,-1
zetrocyn,z tron,-1
cloracef,clorgen,-1
pharzole,proxilev,-1
suncetin tab,sinustap,-1
nir ns,normax,-1
vostrin,gosterid,-1
mixigil,mucosil,-1
vitacinc,vitamin b complex ferrous fumarate,-1
harvifer,hartpace,-1
clopend 75,clopiwin 75,-1
epival,cefuphil,-1
folifron ob,fullprotect,-1
losargard,losartan potassium amlodipine besylate,-1
butamirate citrate,bettam,-1
ingafol,ingesta for adults,1
neurotrene 300,noriter,-1
risponz,rosufen,-1
tocilizumab,paclius,-1
blumea balsamifera l dc sambong leaf,glemont l,-1
gastropem,gastrhotek,-1
lonoxie,comoxi,-1
chocoflem,chlorolem,-1
rexibile,rekovelle,-1
micophil,mucopid,1
suncetin tab,senzitene,-1
belfur,bemefor,-1
lonoxie,linagliptin metformin hydrochloride,-1
pralec,paracoxcy,-1
deslorastal,dioxel,-1
cofzol cs,cilozol 50,-1
gotazidine,akidin,-1
esmolife,esmo iv,-1
vitaplex b,vitabolic,-1
mixigil,meoxiclav ds 3125,-1
gastropem,gastride,-1
sulfur zinc oxide salicylic acid,solphride,-1
amnique 5,amena,-1
blumea balsamifera l dc sambong leaf,blomes,-1
koselugo,diclosil orange flavor,-1
xovax,rovasu 20,-1
medliptin,medoline,-1
gmet 1000,diamet 500,-1
rhedin 75,regain,-1
bendared,beautederm day and night toner,-1
fina 5,zonia 5,-1
harvimide,harbimox,1
capddpca 4,captopril,-1
lonoxie,leon,-1
lisnoxl 10,losmac,-1
triloupe,triocef,-1
cefoxid,cefxihyd 200,-1
celejys,celcoxib,-1
atorzet,aetricef,-1
multivitamins and minerals orange flavor,multivitamins choline,-1
vamcetin,ameustyn,-1
metocirc,metoclopramide,-1
vildus,vildalife,-1
ironsave,iron,-1
natravox,nootropil,-1
ceenovate,celenova,1
claribid,chlorpheniramine maleate phenylephrine hydrochloride,-1
carboprost tromethamine,carboplitin,-1
prinson,primo c plus zinc,-1
gmet 1000,gecita 200,-1
altovox,altolevo,-1
ziac,azi 200,-1
cefepime hydrochloride with l arginine,cefgen,-1
immunostan,immunace plus,-1
eurovasc 10,norvac,-1
jon c,shine c forte,-1
rhedin 75,ridil 50,-1
vitguard c,vitakon c,-1
amlopure 10,amlopress,1
saphtriaxone,saphetor 90,-1
zdonate,ademetionine butanedisulfonate,-1
klarmyn,klarimed,1
duvadilan,damadol,-1
esmolife,technolife,-1
iprazo 45,iobrix 350,-1
scheepril,sephrine,-1
onsett,onabet,-1
ferrofer,zirofer,1
neostilex,dosetil,-1
asmamed plus,asenza plus,-1
herbamed,herpes zoster vaccine recombinant adjuvanted,-1
novamet,novamenthol,1
vitacinc,vitagain,-1
nephrone,napren,-1
ingafol,inox,-1
amlo med 5,amlion 10,-1
alco katinko,algicap,-1
paraglee,prazole plus,-1
epival,ebeplatin,-1
novthasone,novatrazole,-1
dextricyl,dexatrol,-1
fusedex,fusidic acid betamethasone dipropionate,-1
vitacinc,vitagene,-1
ciprosan 3,cofressan,-1
ciprosan 3,ceeprazol,-1
celetor 200,celdron,-1
skinoren,si2norm plus,-1
peprazom,reopraz,-1
novazithro,novazol,-1
emend,emestane,-1
folifron ob,fluifort m,-1
esotid 40,eozet,-1
merpetri,myrevit fe plus,-1
losacura,losagan 50,-1
clariglob,clariget,1
flamitin,flumodex 600,-1
synflorix,snif,-1
cistovent,castra,-1
natravox,nutrivita,-1
amlopure 10,amloval 16010,-1
angioten,angiovert,-1
fentare,fendermal,-1
dinclav,limoclav,-1
curafen,sorafenib tosilate,-1
zytrex,zithrix,1
zophizole,zovixol,1
xovax,xifox,-1
plenacyl 600,planicid,1
clusivol plus,calcidoc plus,-1
dibavit,daivobet,-1
sanpara,sanfur 750,-1
vildus,vildanorm,-1
sym2,sainyo,-1
propicillin,pravox,-1
astiget,aztocin,-1
cenprahep,cenvert 16,-1
urazole,frazole forte,1
ifosfaget,ifocare,-1
belfur,blopress,-1
tenemax,thiamine hcl pyridoxine hcl cyanocobalamin,-1
regizole,ficuzole,-1
linesave,lanspro 10,-1
chlorsaph,chlorhexidine digluconate,-1
irnizet 500,irinocan 40,-1
peprazom,peprazom iv,-1
clopend 75,clobon ds,-1
ceenovate,conpadex,-1
cylocortix,clocel,-1
mucostan,mycocid,-1
synflorix,stafloxin,-1
gasaide,raxide,-1
viteron,vitex negundo l lagundi leaf,-1
neurotrene 300,neurofort,-1
dexamethasone,docemed,-1
zyklor,diachloroz,-1
cartin,carisen,-1
cartin,ceritinib,-1
recombinant human erythropoietin alfa,human papillomavirus vaccine types 16 18 recombinant adjuvanted adsorbed,-1
gasmodic,gotamed,-1
gazgo,guaicare,-1
ritusin,rategen,-1
latochek,lithium carbonate,-1
ceftibet,ceftizoxime sodium,-1
ramgesic,pengesic,1
celejys,calzeesaph,-1
herbamed,harbimox,-1
ceftibet,captobes,-1
iprazo 45,ioprost,-1
neozep,neozep z forte,1
bluemedzole,bluemox,1
nir ns,dironest,-1
atorzet,atracor,-1
ultra d,multirap,-1
tai chi ginger,tazosan,-1
deconsaph plus,lignosaph plus,1
sirdalud,servalin,-1
vitarose,vitair,-1
nonacog alfa,zinc sulfate,-1
accexime,aetaxime,-1
muprivex beta,mupros,-1
metsure,metacartin,-1
eurogyl,neuroxel 500,-1
epotin,zepotin,1
triderm,naratriptan hydrochloride,-1
ultra d,ultreinac 200,-1
carboprost tromethamine,carbopa 150,-1
tivicav,tofacitinib citrate,-1
entyvio,mentopas air,-1
tacrostal 1,tacroz,-1
startline 25,strator,-1
zobrixol,lebroxol,1
capsuflex,calcip,-1
harvifer,grovipen,-1
naflax,noflu non drowsy,-1
ambisor,ambigen,-1
klopi,kill ache,-1
amixol,amoiclav,-1
azilin,tazi,-1
tobramet,tobracare d,-1
recombinant human erythropoietin alfa,human papillomavirus vaccine types 16 and 18 recombinant adjuvanted adsorbed,-1
fever nil 200,fevorica 80,-1
novarox 10,naprocap,-1
oxy pol,doxophylline,-1
cylocortix,clogrel,-1
tramid,tramadol hydrochloride dexketoprofen trometamol,-1
moxeth 125,maxef,-1
eucet,exjade,-1
prinson,proanes,-1
zetrocyn,zithrocare 200,-1
acalabrutinib,paclib,-1
diavin 500 xr,dobumak,-1
cixtor z,cisatracurium besilate,-1
episert,epcetam,-1
ritusin,retaxone r,-1
rifampicin isoniazid,cifambic,-1
pharzole,prazolife,1
startline 25,startline 100,-1
yucordin,gocardipine,-1
ifosfaget,biposaph g10,-1
dobutamine,doparine,-1
zytrex,zitharix,-1
bluemedzole,budmed,-1
celetor 200,clotriva 6,-1
effertab,efervit,1
coldrex ppa,cladryl,-1
sym2,symdenx,-1
eurovox,eurocoxin,-1
panto plus,pantovex 40,-1
lczin,melzin,-1
multivitamins lecithin lysine minerals,d alpha tocopheryl acid succinate vitamin e korean ginseng bee pollen calcium pantothenate lecithin,-1
eloxatin,clostin,-1
fixnar,flunarizine dihydrochloride,-1
adisart,medisartan,1
metsure,medzart,-1
alco katinko,alka c,-1
ulzim,eloxim,-1
multivitamins buclizine hydrochloride iron ferrous sulfate,multivitamins amino acids iron guarana,-1
chlorsaph,chloroquine phosphate,-1
rexibile,exflem,-1
heparin sodium,heparin sodium bovine,-1
pralec,prolostan,-1
rifampicin isoniazid,ethambutol hcl isoniazid pyridoxine hcl,-1
coldrex ppa,childrens clusivol,-1
ingesta for adults,linezostad,-1
darzalex sc,dreiflex plus,-1
celcarb,welcard 160,1
vitaplex b,vitafer ob,-1
ferrofer,euroferron,-1
glucosamine sulfate scutellaria baicalensis baikal skullcap root extract acacia catechu catechu heartwood extract,glucoz,-1
olopatadine hydrochloride,clopidomed,-1
spivar,sevafor,-1
glycinorm 80,golcinc,-1
mertazine,mometasone,-1
altovox,altozef,-1
diapid,daptomycin,-1
saphtriaxone,savetron,-1
novthasone,novovast,-1
tramid,trimetazidine hydrocloride,-1
santron,sanitary balm,-1
tramid,trimedav,-1
plenacyl 600,pulmoxcel,-1
angioten,anesticaine spinal,-1
fentare,bendared,-1
abisin,apixanov 5,-1
sulfur zinc oxide salicylic acid,qualifur,-1
capddpca 4,levodopa carbidopa monohydrate entacapone,-1
emend,empa d,-1
eurolac,exalac,-1
ramgesic,rhinekast,-1
gavlin,aplinc ors orange,-1
sidprazole,sunipraz,-1
accexime,apoxime,-1
omebloc 20,omefhalox,-1
doripenem monohydrate,norepinephrine bitartrate monohydrate,-1
tarlonib 25,taflon,1
somex,somaset,-1
ifosfaget,ipc plus,-1
rocuronium bromide,becurium,-1
regizole,regison,1
dinclav,raniclav ds,-1
cyclolux,ceascol,-1
rinoease,ranexa,-1
glysolin 3070,golcolax,-1
solphride,sulbrim,-1
santron,somatropin rbe,-1
rexibile,rosuphil,-1
novarox 10,naprosyn lle,-1
furorad,froxeta,-1
fixnar,faranerv b,-1
suncetin tab,sinecod forte,-1
tivicav,tlc vita ob,-1
robikids,rofast 40,-1
bdmero 1000,beautederm night cream 1,-1
craven,curevein,-1
valium,aluma,-1
bonpime,bnp,-1
clusivol plus,calsup l,-1
aminotrene,aminocent,-1
verist 16,versant xr,-1
tivicav,rabies vaccine inactivated wistar strain rabies,-1
accetaxime,astagen,-1
xotacil,xatral od,-1
poten cee,lemon cee plus,-1
femaron ob,fentanyl citrate fentanyl citrate 628 mcg equivalent to fentanyl base 400 mcg,-1
leverap,levosaphzine,-1
allergo,allercet l,1
koxib,klopi,-1
teramol,trampro,-1
sitapro,sitaform 150,1
fentare,ventrex,-1
morvicor,meiyi herbs essentials massage ginger and tea,-1
altovox,altoclav,-1
rocuronium bromide,rozuor,-1
eurovasc 10,arvast 10,-1
finox,fbn,-1
montrizin,motrigine,1
zophizole,zyvosal,-1
ceftibet,ceftriden,-1
novthasone,novataxel 80,-1
clostridium botulinum toxin type a,cilzec a,-1
oppisartan 40,bepsar,-1
multivitamins and minerals orange flavor,multivitamins inositol choline bitartrate para aminobenzoic acid see reverse,-1
oratrime,dr trim,-1
dapazox 10,dapafoz,1
finox,famoxa,-1
solphride,sulfur zinc oxide resorcinol salicylic acid,-1
nonacog alfa,amac cl,-1
novazithro,novahexol,-1
trimaxone,tranez,-1
vitaplex b,vitamin b complex dexpanthenol,-1
allergo,alerchek,-1
veltezom,valtam,-1
diavin 500 xr,divalgen 500,-1
tranex,actranex,-1
naflax,diafloxcin,-1
sunpant 40,enpen 40,-1
carvemax,carpime,-1
deconsaph plus,dexamak,-1
veltezom,vildasolv,-1
novthasone,novaderm,-1
coughlogen,ceplegen,-1
zobrixol,oprizole,-1
duomed,domic,-1
panto plus,pantoprazole sodium domperidone,-1
ambical,ampicillin sodium sulbactam sodium,-1
cefogram,cbcort,-1
olopatadine hydrochloride,gliptadin,-1
betamethasone dipropionate gentamicin sulfate clotrimazole,betamed,-1
fusedex,fenodix,-1
cartin,cainedent,-1
fixnar,fixidrops,-1
tored 10,telod 80,-1
cenprahep,camphor eucalyptus oil menthol,-1
cistovent,cisatracurium besilate,-1
acalabrutinib,aculev,-1
sitaglinex,siti cillin,-1
tobramet,tobraxa,-1
sitaglinex,sitagen,-1
ultra d,caltrate advance,-1
clusivol plus,ceelin plus tf apple banana flavor,-1
andros,amtram s,-1
easekin,secukinumab,-1
ceftibet,cefitrene 100,-1
synflorix,anfol,-1
startline 25,sodalite 75,-1
nulong 20,celence 200,-1
doripenem monohydrate,drofepen,-1
emend,efamed,-1
velbastine,navelbine,1
prinson,purinase,-1
blumea balsamifera l dc sambong leaf,bleomed,-1
telarb ccb,telarb plus,1
katinko ginger patchouli scent,katinko peppermint,-1
chocoflem,leucovolex,-1
prosride,paragard,-1
novataxel 20,nefidoxime,-1
iron equivalent to 250 mg ferrous sulfate dried,iron plus folic acid vitamin b9,-1
progefil,procefep,-1
medcit,medihistin,-1
methyxale 500,medtaxel 100,1
bdmero 1000,betpred,-1
alltrex,aldren 70,-1
cefuroxime axetil clavulanate potassium,cefury,-1
glysolin 3070,gluclazide sr,-1
immutrax,indiurex,-1
gastropem,gastriv,-1
vitarose,ketorose,-1
naflax,nazalstap,-1
capsuflex,cefoxsaph,-1
vagclr m,faclor,-1
carvemax,carpenem 1000,-1
evofix,efficascent,-1
panlec,panlox,1
resaire,rosero,-1
eurogyl,droxyl,-1
immunostan,immunoceezinc,-1
salbproduo,silver sulfadiazine,-1
zytapram,quadpraz,-1
afaxor 150,atosar 10,-1
glysolin 3070,gliclasy 60,-1
monastar,menactra,-1
asmamed plus,aceamen 125,-1
maxitrol,asterol,-1
nephrone,nefrinor,1
brinzolamide brimonidine tartrate,brumox,-1
pak c,acce c,-1
biolipy,solif,-1
dinclav,danazol,-1
rhedin 75,fudion,-1
clusivol plus,alcoplus,-1
amnique 5,amika,1
fox balm,ferobles,-1
morvicor,meropegen,-1
maxitrol,moxetero,-1
koselugo,koxol,-1
fusedex,fisteride,-1
invokana,inovox,-1
levohab,levofloxacin hydrate,-1
metsure,medguard,-1
celcarb,clogrix,-1
monastar,amoxstan,-1
zdonate,betamethasone valerate neomycin sulfate,-1
pralec,perilax,-1
oxy pol,neo cee plus,-1
eucet,degut,-1
robikids,rofast 20,-1
poten cee,cosmo cee advanced,-1
euroferron,nervron,-1
telcard 20,telstar 80,-1
duomed,domepa,-1
oppisartan 40,apixar,-1
aclasta,azelastine hydrochloride fluticasone propionate,-1
dixspiro,dysport,-1
azurin,aizerone,-1
curafen,cervin,-1
fevergan,feverstop,-1
amixol,amocled,-1
perindopril erbumine,primodil 10,-1
tai chi ginger,tazac,-1
ferrofer,folifer,-1
eucalyptus oil dementholized mint oil cajuput oil menthol methyl salicylate juniper oil clove oil,essel forte,-1
novataxel 20,kaftax,-1
xotacil,vitacal,-1
teralev,tral,-1
gmet 1000,zymet,1
regizole,rexibile,-1
saphmox 500,saphbenzillin 5m,-1
vitguard c,vitazin c,-1
ramgesic,unigesic,1
isoconazole nitrate diflucortolone valerate,ascozin,-1
cefogram,cefacare,-1
folifron ob,follitropin delta,-1
furimax 1500,formigen 1000,-1
mertazine,irtazep,-1
angioten,amiget,-1
multivitamins buclizine hydrochloride iron ferrous sulfate,multivitamins iron buclizine hydrochloride lysine hydrochloride,1
suncetin tab,uniket,-1
isoconazole nitrate diflucortolone valerate,decocon a,-1
gasaide,guasal,-1
bdmero 1000,betacor,-1
sirdalud,berodual f udv,-1
petroleum jelly,metrolol,1
tres,trexor,-1
dabigatran etexilate,dipsotrex,-1
furorad,forstan,-1
abisin,apixmase 5,-1
blanc white,bleomaxcin,-1
neovite,neobetasaph,-1
ascor kid,ascor z plus,1
lykaspetin,lansoprazole,-1
aminotrene,amrid,-1
maxitrol,micotran,-1
levohab,levofloxacinas hemihydrate,-1
easekin,esoziem,-1
peprazom,piperacillin sodium tazobactamas sodium,-1
pred forte,predcare,-1
satcapto 25,stalpril 20,-1
chlorsaph,clariscan,-1
baamcillin 250,amclor,-1
plenacyl 600,planax,-1
furojo,furonova,1
sitrizine,steri q hand cleanser,-1
novthasone,neuviton,-1
amiodarone hydrochloride,anagrelide hydrochloride,-1
zytrex,zithroxin,-1
premiliptin plus,premglyx,-1
moxeth 125,moxen,1
saphmox 500,saphnisolone s10,-1
gmet 1000,gentaxel 100,-1
gavlin,gabalion 100,-1
valium,valen,-1
tai chi ginger,tazidine,-1
blanc white,balmax,-1
sulfur zinc oxide salicylic acid,salbrosin,-1
ferrofer,euroferron forte,-1
prinson,piorance 30,-1
eurovasc 10,orvast,-1
neovite,nova e,-1
paraglee,prazolex,-1
duvadilan,dypita,-1
chocoflem,osflex,-1
abisin,rubicin,-1
ceenovit,genvit,-1
ritusin,roteqan,-1
acicare,acticare ob,1
betzine,mertazine,-1
teralev,corlev,-1
panto plus,pantoprazole sodium,-1
paracetamol phenylephrine hcl chlorpheniramine maleate,paracetamol phenylephrine,-1
celabin,clopinova,-1
efamed,cefmehyd,-1
altovox,altamax,-1
zophizole,naphazoline hydrochloride,-1
immutrax,indirab,-1
folifron ob,folvin,-1
pecfent,preven z gold,-1
azurin,azro,-1
evofix,epibiocin 10,-1
levohab,levofloxin natrapharm,-1
choicesulin,coxiclav,-1
ironsave,iromax,-1
doxycycline hyclate,desogestrel ethinylestradiol,-1
vfresh aromatherapy green tea,varicure,-1
clostridium botulinum toxin type a,clestram,-1
clocephen,calcip,-1
biolipy,bilex,-1
sirdalud,sitidol,-1
chlorsaph,chlorsapheine,1
novarox 10,naproq 550,-1
amiodarone hydrochloride,amiodal,1
ameval,amiabel,1
bupivaxine iso,bupidex,-1
diavin 500 xr,depamax,-1
belfur,melofar,-1
mixigil,mycoglob,-1
panto plus,sinutab cold plus,-1
celabin,clobon,-1
omebloc 20,zenobloc 100,-1
gasmodic,gesictab,-1
sivab,silvi,-1
panziv,pantopraz iv,-1
riscare odt,nicardia,-1
cylocortix,callicarpa nudiflora hook et arn nakedflower beautyberry leaf dry extract,-1
probal 75,adobal 75,1
fixidrops,rostar,-1
metsure,medgrelide,-1
multivitamins and minerals orange flavor,multivitamins dexpanthenol,-1
ramgesic,rapicis,-1
coldrex ppa,clotrimazole hydrocortisone acetate,-1
bactier,bacitracin polymyxin b sulfate neomycin,-1
tobrasaph,tobracid dm,-1
butamirate citrate,sodium citrate dextromethorphan hydrobromide maleate,-1
doxylamine succinate pyridoxine hydrochloride,dyclin,-1
krenazol,brinzolamide and brimonidine tartrate,-1
oxy pol,giozee plus,-1
ritusin,ritocom,-1
abisin,gabasyn,-1
fentare,entrectinib,-1
rocemed,rozenta,-1
startline 25,steroderm,-1
fever nil 200,leveram,-1
sitrizine,sidrocine plus,-1
lewinamic,lenangio 5,-1
multivitamins buclizine hydrochloride iron ferrous sulfate,multivitamins lysine hydrochloride buclizine hydrochloride iron,1
skinoren,sinuvent,-1
oppisartan 40,omez 40,-1
xozid,diaxid,-1
efamed,cofmed,-1
merpetri,meroparvin,-1
depofemme,mymet,-1
ceftibet,ceftacent,-1
fever nil 200,ceforan 200,-1
esmolife,exzomel,-1
hydrocortibas,hydroxychoroquine sulfate,-1
fina 5,finstal 5,-1
eucalyptus oil dementholized mint oil cajuput oil menthol methyl salicylate juniper oil clove oil,diclofenac sodium,-1
peprazom,piperacillin tazobactam,-1
dobutamine,dafadin,-1
coughlogen,cosalon,-1
multivitamins and minerals orange flavor,multivitamins dextrose,-1
retazar,retazart plus,1
hydrocortibas,hydrozen,-1
sym2,symdemax forte,-1
pecfent,paxiban,-1
rexibile,resflox,-1
tai chi ginger,taxogen,-1
eprohab,epirubicin hydrochloride,-1
ameval,anvil 200,-1
brospec,brexpiprazole,-1
amiodarone hydrochloride,fenoterol hydrochloride ipratropium bromide,-1
belfur,elifer,-1
novthasone,nefidoxime,-1
linesave,linagliptin metformin hcl,-1
efamed,efolate,-1
klarmyn,klaricid,-1
levoxid,leveget,-1
ironsave,irnizet 300,-1
gesidol,gestron,-1
robikids,rapcodyl,-1
ibuprofen,ibuprofen phenylephrine hcl,1
valugan,valcamp,-1
iprazo 45,iprasal,1
andros,anthra 50,-1
cefepime hydrochloride with l arginine,cefupen 5 00,-1
carboprost tromethamine,carbohope 150,-1
emend,leimentab,-1
duvadilan,dobutel,-1
pecfent,pecof syrup,1
gazgo,mezo,-1
novarox 10,neoverzol,-1
levohab,levoday 750,1
decicord,doxoccord 50 lp,-1
butamirate citrate,sodium bicarbonate sodium citrate citric acid tartaric acid,-1
dabigatran etexilate,dulxative,-1
nulong 20,plenacyl 200,-1
immutrax,intercid,-1
brinzolamide brimonidine tartrate,broncocil,-1
sunpant 40,shinban,-1
sym2,symptoblo,1
bezogen,bitagen,1
vitaplex b,vitabolic plus ob,-1
tarlonib 25,tropin,-1
sitapro,staphlox,-1
aclasta,agiolax,-1
regizole,regicee,-1
iprazo 45,iprax mol,-1
ferrofer,ferro care,-1
plone 5,balanced multiple replacement solution with 5 dextrose,-1
diapid,dimide,-1
harvimide,arpimune,-1
rocemed,dexmed,-1
maxitrol,mistol,-1
carac h,cpac,-1
verist 16,vercin,-1
multivitamins mineral buclizine,multivitamins iron,-1
vildus,vildalion m 900,-1
telcard 20,tel s,-1
gesidol,recedol plus,1
akidin,acteinsaph 100,-1
harvimide,norepinephrine,-1
cyclolux,ceclor,-1
medroxcure,metris,-1
eurythmic,erythromycin estolate,-1
doxylamine succinate pyridoxine hydrochloride,decilone forte,-1
neovite,e vita,-1
metovasc,metrosol,-1
abisin,apixmase 25,-1
progefil,pregav,-1
carbocisteine zinc,carbocisteine,1
adisart,amosartan q,1
chocoflem,chemoflura,-1
omepace,omep z,-1
depofemme,celofem,1
htsone,betamethasone valerate,-1
amlo med 5,amlodel 5,1
glycyrrhizic acid glycine l cysteine hydrochloride,alpha lipoic acid benfotiamine pyridoxine hydrochloride inositol lutein folic acid zeaxanthin methylcobalamin,-1
nonacog alfa,lincoxin,-1
levohab,levobi,-1
gocifime,goxitin,-1
sterica,striaxon,-1
avertin,ascortain,-1
vostrin,vasitin,1
bendared,bactromed,-1
sivab,sitavia 100,-1
onsett,constilax,-1
tdlplus,telfocus 80,-1
sidprazole,stavid,-1
saphtriaxone,saphetor 120,-1
gazgo,aeox,-1
carboprost tromethamine,carbogen,-1
gmet 1000,guiamed,-1
fina 5,finora,1
cymor 60,comox,-1
emend,aminoden,-1
cetraxal plus,cetrigna,-1
eurythmic,eroxmit,-1
risponz,respinal,-1
sidprazole,scitapram,-1
bestricare,bpbest,-1
tsartan 40,tazarotene,-1
morvicor,mirabegron,-1
ultra d,ultravist,-1
deslorastal,doxel,-1
gotazidine,golzidine,1
bluemedzole,alumetz,-1
klopi,clopidogen,1
veltezom,vildus,-1
zdonate,betamethasone dexchlorpheniramine maleate,-1
fusedex,casodex,-1
diapid,dayvit,-1
peprazom,piperax,-1
fungsoft,fungicas,-1
rocuronium bromide,rosero,-1
eurogyl,erycol,-1
saphtriaxone,saphtram,-1
endurpin,povin,-1
eurovasc 10,euramox,-1
isoconazole nitrate diflucortolone valerate,iscopan,-1
amixol,amsowel,-1
afaxor 150,afix,1
clopidogrel bisulfate aspirin,clavutec,-1
diavin 500 xr,dopnax,-1
robitussin ex,rapid c plus,-1
vfresh aromatherapy green tea,vercure,-1
darzalex sc,durasal cr,-1
ceftibet,ceftripen 1000,-1
rexibile,rispolux,-1
gentakast 10,gentavin,-1
linesave,linetab,-1
easekin,evazine,-1
iron sucrose ferric hydroxide sucrose complex,iron sucrose,1
zobrixol,zopracil,-1
vamcetin,kamestin plus,-1
sidprazole,stopirax,-1
herbamed,harvimide,-1
ifamso,rifamox,1
ironsave,iron zinc folic acid,-1
retazar,getzar plus,-1
broncodam,bronchonide,-1
gentaxel 100,gentix eye,-1
verist 16,vorix,-1
metocirc,metxr 500,-1
ambisor,ambesar prime,1
clocephen,calcipotriol hydrate betamethasone dipropionate,-1
ferrofer,terraferron,-1
cillox,ciloheme 100,-1
iselpin,besilopin,-1
khrizvela,khrizvate,1
bezogen,besylon,-1
effertab,cefortan,-1
tarlonib 25,trozin,-1
amlo med 5,amlion 5,-1
bestricare,bactrias,-1
philcet,philcef ds 250,1
afaxor 150,avsar,-1
frosem,fusem,-1
claribid,chlorpromazine hydrochloride,-1
cefoxid,cefstal 500,-1
xozid,coxido 120,-1
eurovasc 10,erubixine 10,-1
valium,valianz,1
fentare,fendryl,-1
andros,ondero,-1
dibavit,dinopat,-1
levizam 500,lefixime 400,-1
satcapto 25,siticef,-1
sitapro,stopirax,-1
teramol,trimulex,-1
hydrocortibas,hydrocortisone,1
gesidol,restolax forte,-1
cholesol,cholestad,1
amlo med 5,amlorh,-1
xora,coxoral,1
clonigen,clamisyn,-1
finox,funxion plus,-1
vertasanz,vert,-1
tanafen,tenofovir disoproxil fumarate,-1
rexta,rexcitrate,-1
fusedex,fexitas,-1
riscare odt,nicarduz,-1
vitacinc,vitamin b complex inositol choline bitartrate,-1
vertasanz,vertisaph 8,1
acalabrutinib,acular,-1
paracetamol phenylephrine hcl chlorpheniramine maleate,paracetamol 250 mg5 ml suspension,-1
fusedex,foxadex,-1
multivitamins mineral buclizine,multivitamins chlorella growth factor cgf lysine taurine zinc sulfate heptahydrate,-1
doxylamine succinate pyridoxine hydrochloride,dequalinium chloride,-1
rinoease,rhinigy,-1
vostrin,voltaren,-1
cartin,artinibsa,-1
vancocym,vancojor,-1
tenemax,enhamox,-1
zdonate,betamethasone valerate gentamicin sulfate,-1
irnizet 500,ironex,-1
ibuprofen,ivabradine,-1
novataxel 20,novakast 10,-1
fixnar,fixx,-1
tarlonib 25,tarlonib 100,-1
alco katinko,alges,-1
ceftibet,ceftrimed,-1
somex,tomexia,1
saphmox 500,saphdex 10,-1
eurolac,trilac,-1
sulfur zinc oxide salicylic acid,sulver,-1
invokana,imovax polio,-1
prinson,piorance 15,-1
vitguard c,bida c,-1
cylocortix,clox,-1
clopend 75,clobimed,-1
multivitamins and minerals orange flavor,multivitamins,1
pralec,paragesic,-1
ceenovate,combidar,-1
metovasc,medvox,-1
poten cee,cosmo cee forte,-1
alco katinko,alka zinc plus,-1
bestricare,extracare,-1
easekin,risek insta,-1
sitrizine,sterizol,-1
clostridium botulinum toxin type a,colstim,-1
bligem,bloicin s,-1
folifron ob,folivit,-1
suncetin tab,somecid,-1
vancocym,vancosky,-1
clocephen,clozapine,1
amlopure 10,amlog,-1
vostrin,vasotwin,-1
ironsave,iron zinc vitamin b complex,-1
metocirc,medicross,-1
tafnext,tranexare,-1
methyxale 500,mediclazide 60,-1
olangem od 10,olmestan,-1
gavlin,gavixone,-1
ultra d,ultracaine heavy,-1
blumea balsamifera l dc sambong leaf,blumea balsamifera l sambong leaf,1
bendared,endurecee plus,-1
linocaine,lidocaine hydrochloride,1
ceenovate,cenprahep,-1
xovax,rovasu 10,-1
koxib,diaxib 200,-1
belfur,melifrin ds,-1
risponz,rispemed,-1
ole,olakip,-1
dabigatran etexilate,dabigatran etexilate mesilate,1
blicyclo 400,blifec,-1
propicillin,propix,1
deslorastal,dysport,-1
ambisor,ampistar,-1
sunpant 40,sulfin,-1
dabigatran etexilate,dafzith,-1
methyxale 500,medgyl iv,-1
glucosamine sulfate scutellaria baicalensis baikal skullcap root extract acacia catechu catechu heartwood extract,glycoc,-1
allergo,allerspeed,-1
angioten,annaget,-1
harvifer,hirafen,-1
cymor 60,omari,-1
triderm,thyrotropin alfa,-1
diapid,dipinew,-1
koselugo,ciklox,-1
efamed,levomed,-1
metovasc,medibact,-1
belfur,reliefrub,-1
avertin,aprotan,-1
vancocym,vancoget 1000,-1
brinzolamide brimonidine tartrate,brinzolamide and brimonidine tartrate,1
allergo,alergiquit,-1
c vita zn,ascorbic acid vitamin c zinc,-1
neozep,no sip,-1
invokana,invega,1
tacrostal 1,tacromax,-1
pred forte,prodipine,-1
mistacor am,moxitam,-1
ifamso,isoniazid pyridoxine,-1
flamex,flammazine,-1
vildus,vildariv m,-1
atorzet,atorzet 40,-1
klopi,clopido m,1
amixol,amiodal,-1
irnizet 500,iron,-1
finox,fin cee,-1
linesave,linax,-1
tanafen,tenofovir alafenamide hemifumarate,-1
yucordin,diucard,-1
eplidoc,relidol,1
fentare,fentanyl citrate,1
xotacil,citxl,-1
tafnext,thyranex 50,-1
sunpant 40,shinapen,-1
entyvio,vento broncho g,-1
koselugo,kotelkast,-1
robitussin ex,revitacee,-1
amiken,amaxin,-1
immutrax,imatrop,-1
flamitin,folmaterna,-1
tsartan 40,tacrotec,-1
gentimin,genstigmine,-1
ciprosan 3,ciprogen,-1
femaron ob,foceron,-1
klopi,kelon,-1
prosride,procardipine,-1
cylocortix,clogretab,-1
carvemax,carbomer,-1
aminotrene,aminoven,-1
mertazine,merodex 1,-1
zophizole,ziphanol,-1
metsure,metta sr,-1
amiodarone hydrochloride,amiodasaph,1
alco katinko,alagesic,-1
robikids,rabesta 20,-1
bactier,bactrofar,-1
ascor kid,ascorsaph na,-1
ulzim,calcimate,-1
iprazo 45,ibracor,-1
sanpara,sinupret forte,-1
zobrixol,ziproxyl,1
coughlogen,deslogen,1
tored 10,tru e,-1
pralec,prolaxa,-1
mistacor am,misatin,-1
nebido,nebothrob,-1
spivar,sitfar,-1
tenemax,trimax,-1
micophil,moxiflam,-1
bezogen,biogesic iv,-1
celetor 200,aletor,1
skinoren,syneuron,-1
eurolac,erlocip 100,-1
rexibile,rexvidone,-1
cofzol cs,cefisal 200,-1
euroferron,eurovox,-1
licegone,lysozyme hydrochloride,-1
blicyclo 400,blinic,-1
novataxel 20,neo vita,-1
jiaazole d,amso d,-1
ambisor,ampistar 250,-1
doxylamine succinate pyridoxine hydrochloride,doxylin,1
pecfent,ecopenem,-1
khrizvela,khriztacid,-1
celabin,clavinyx,-1
accexime,regixime,-1
efamed,duvamed,-1
retazar,retazet r,1
leverap,liverprime hd,-1
sanpara,sanpime 1000,1
leverap,everbliss 10,-1
koxib,konabi,-1
butamirate citrate,citinerve,-1
ambisor,ampisaph 1000,-1
fixidrops,moxidrop,1
aminoleban,amizol,-1
bupivaxine iso,bupivasaph d,-1
multivitamins buclizine hydrochloride iron ferrous sulfate,multivitamins plus buclizine hydrochloride,1
vostrin,boostrix,1
gasaide,gecita,-1
trental,trimetazidine dihydrochloride,-1
isoconazole nitrate diflucortolone valerate,isoking,-1
gesidol,rasitol,1
pubergen,cefurogen,-1
tafnext,traniject,-1
emend,tenemed,-1
metovasc,metopra,1
eurythmic,eurotrix,-1
khrizvela,krijenta,-1
levipil 750,levofloxacin hydrate,-1
vostrin,vistromycin,-1
moxeth 125,moxeth,-1
novamet,novasit m 50500,-1
medliptin,methylprednisolone,-1
plone 5,alamin sn 5,-1
immunostan,immunosaph od,1
albunorm 20,20 lipids emulsion 13 glucose 10 amino acids with electrolytes,-1
blicyclo 400,bewell c zinc protect,-1
novataxel 20,navit c,-1
broncodam,bronchoprime,-1
curafen,carbimazole,-1
astiget,acetagen,-1
valium,velon,-1
sym2,symbicort,-1
amnique 5,aumox,-1
glucosur,glucosamine sulfate sodium chloride,-1
cistovent,cardiovit,-1
celabin,clevan,-1
novarox 10,naprex,-1
clocephen,cellcept,-1
clopida,celevid,-1
acce clav,aciclovir hydrocortisone,-1
clonigen,ceelin chewables,-1
asterol,azithromycin,-1
maxitrol,mectar,-1
gasmodic,ismodin,1
onsett,onestatin,-1
clopidogrel bisulfate aspirin,clovate,-1
novazithro,novazart,-1
teramol,tranhil,-1
zytrex,zetrine,-1
lipisim,levizine,1
nir ns,irnizet 40,-1
lykaspetin,lisinopril dihydrate,-1
akidin,maxidine,1
clonigen,clonesten,-1
novthasone,norethisterone ethinylestradiol,-1
flamitin,folimate plus tab,-1
tanafen,tenofovir alefenamide fumarate,-1
esotid 40,lustatin 40,-1
effertab,eferin,-1
ulzim,bligem,-1
gocifime,geocef,-1
amiodex,amtacil,-1
ifamso,bifonazole,-1
tivicav,tinzaparin sodium,-1
zytapram,retaprez,-1
nir ns,irnizet 300,-1
akidin,acidnorm,-1
tanafen,totifen,-1
olopatadine hydrochloride,alpha lipoic acid benfotiamine pyridoxine hydrochloride inositol lutein folic acid zeaxanthin methylcobalamin,-1
loragen plus,lorazet,1
entyvio,entecavir,1
dextricyl,dextromethorphan hydrobromide guaifenesin,-1
adisart,acicare,-1
atorzet,atracurium besylate,-1
emend,bemunat 100,-1
rhedin 75,cedine,1
amlo med 5,amlopure 5,-1
episert,epix,-1
dobutamine,daptomycin,-1
omepace,omevex 1,-1
mucostan,miostat,-1
dinclav,dynazole,-1
clobazam,clovas,-1
eurythmic,uritam,-1
accexime,aceclomed,-1
olopatadine hydrochloride,olrite,-1
linesave,omesave,1
cefogram,cefoperazone sodium sulbactam sodium,-1
furimax 1500,formigen 500,-1
jon c,big500 c,-1
conchoice,congezar,-1
iv pro,ivabradine hydrochloride,-1
vitguard c,medifortan c plus zinc,-1
medliptin,meclop,-1
cetraxal plus,cetriset,-1
medroxcure,metorex,-1
dextricyl,dextromethorphan hydrobromide chlorphenamine maleate,-1
tenemax,momenex,-1
entyvio,endovaz,-1
prosride,procor,-1
tafnext,tazonex,-1
veltezom,vildagliptin metformin hydrochloride,-1
easekin,erazin,-1
femaron ob,feme,-1
invokana,infacare,-1
novazithro,novac,-1
astiget,rastigmine,1
eprohab,eproz,1
valium,valeri,-1
yucordin,nicardivin,-1
spivar,sitapro,-1
pecfent,pecof sf,1
eurolac,eurovasc 10,1
flamex,flamex forte,-1
neostilex,nacetyl 600 strawberry,-1
ritusin,ritegesic,-1
clostridium botulinum toxin type a,clostelo 50,-1
furorad,forzid,-1
valium,valmin,1
accetaxime,actcee plus,-1
oxy pol,phospholipids multivitamins,-1
lewinamic,lemon cee plus,-1
neovite,neopel,-1
fixnar,foskina b,-1
dapazox 10,dapag,-1
gavlin,rebalin 75,-1
lewinamic,lemoncee,-1
lonoxie,lanac,-1
euroferron,meropro,-1
ambical,ampicillin sodium,-1
sitaglinex,sitagliptin hydrochloride,1
dapazox 10,dapaquis,-1
recombinant human erythropoietin alfa,recombinant human erythropoietin,1
xotacil,retacloz,-1
gazgo,gogout,-1
ciprosan 3,ciprogyl,-1
decicord,docegard 80,-1
pralec,paracystin,-1
bestricare,bestine,-1
ifosfaget,ilozef,-1
morvicor,meiyi herbs essentials massage rub verdelin,-1
doxycycline hyclate,doxysaph,-1
teramol,tramalion p,-1
muravit b300,muravit cee plus forte,1
cymor 60,cimag,1
diapid,dapotin,-1
medcit,medical grade oxygen medicinal gas,-1
bactier,bacitracin zinc,-1
biolipy,lolip,1
sterica,starclav,-1
duvadilan,dapotin,-1
cenprahep,camphor menthol cajuput oil mint oil clove oil,-1
ingesta for adults,congestapp,1
doxycycline hyclate,duo gesic,-1
satcapto 25,seatico,-1
plone 5,xylone,-1
esmolife,esbold,-1
albutein 25 solution,albothyl,-1
gentaxel 100,hentaxel,1
sirdalud,dr daily,-1
levipil 750,leveflox 500,-1
gazgo,lox,-1
sidprazole,sydepres,-1
salbutamol guaifenesin,salbutamol sulfate bromhexine hydrochloride guaifenesin,1
retazar,retapraz r,-1
fina 5,fin 5fu,-1
broncodam,bronc heal,-1
acce clav,aciclovir,-1
dyvelamer,d film,-1
satcapto 25,udcapro,1
levizam 500,lefixime 200,-1
rocuronium bromide,foceron,-1
sirdalud,seredol,1
lisnoxl 10,lczin,-1
biopril,b prime plus,-1
tivicav,rabies vaccine vero cell inactivated,-1
angioten,angiotrust,1
khrizvela,khrizvitcee 500,-1
neozep,nocof,-1
saphbiotin,dapotin,-1
gasmodic,gascosid,1
asterol,astrofen,-1
licegone,lefesone,1
pubergen,plurex,-1
rocemed,rexsonide,-1
conchoice,colchicare,-1
novataxel 20,novtrix,-1
trental,trimetazidine hydrochloride,-1
cillox,cloxacillin sodium,-1
chocoflem,asflem,-1
albunorm 20,alumin,-1
retazar,betacare,-1
tsartan 40,mycartan 80,-1
metsure,metacard mr,-1
aclasta,nacl saph,-1
clocephen,cloxceena,-1
ezitin,zitrin,1
tonavir,vira,-1
choicesulin,saxagliptin hydrochloride metformin hydrochloride in extended release form,-1
vamcetin,vamgesic,-1
gasmodic,nasamed,-1
andros,antrimet,-1
euroferron,iroferose,-1
amlopure 10,amlovin,-1
claribid,colorebene,-1
azurin,ascorbic acid taurine lysine hydrochloride,-1
amnique 5,anazo,-1
cefuroxime axetil clavulanate potassium,cefarex,-1
micophil,moxiflostad,-1
rifampicin isoniazid,rifampicin ethambutol isoniazid,1
dobutamine,dobutrim,-1
amlopure 10,aminoplasmal b braun 10 e,-1
xozid,xigtalptn,-1
angioten,amoxstan,-1
sitaglinex,staglimet,-1
mistacor am,mistralix,-1
pak c,vg xtrem c plus,-1
bdmero 1000,bdimi c 500,-1
curafen,sorafenib tosylate,-1
saphbiotin,saphtinamine 1,-1
zophizole,zatsol,-1
amiodex,hamdex,-1
nebido,nebigo,1
saphmox 500,sapholic 5,-1
levipil 750,levofloxacinas hemihydrate,-1
doxylamine succinate pyridoxine hydrochloride,diclonac,-1
omepace,omepramarc,-1
chocoflem,exflem,-1
lonoxie,laennec,-1
progefil,progesterone,1
acalabrutinib,haiclav,-1
astiget,activent,-1
cefoxid,cefopti,-1
premiliptin plus,prinol,-1
deconsaph plus,doxonish 10,-1
invokana,imvaco,-1
dyvelamer,difflam orange,-1
sym2,symeril,-1
celejys,calcisan,-1
andros,amidrex od 3,-1
celcarb,clozarem,-1
fusedex,fusitas,1
atorzet,atracursaph,-1
spivar,sevlarsaph,-1
nir ns,aeromycin s,-1
plenacyl 600,pulmonac,-1
metocirc,methocarbamol paracetamol,-1
isoconazole nitrate diflucortolone valerate,isosorbide dinitrate,-1
klarmyn,allermin,-1
clostridium botulinum toxin type a,calcitriol,-1
eurovox,neurobexol forte,-1
santron,sinudrin,-1
andros,anator,-1
entyvio,mentpovone,-1
cefogram,cefucirc,-1
neurotrene 300,nurocer,-1
bonpime,bonsenz,-1
zytapram,retaproban r,-1
asmamed plus,asmamed,1
femaron ob,fatrim,-1
fentare,centrex,-1
neovite,povide,-1
immunostan,immunovit,-1
koselugo,kosimox 12,-1
choicesulin,cloxil,-1
carvemax,carbomel,-1
pred forte,pro defense,-1
klopi,clopicare,1
lonoxie,linax,-1
chlorsaph,chlorhexidine,-1
cillox,cilozol 50,-1
evofix,elobixibat monohydrate,-1
verist 16,voriz,-1
glucosamine sulfate scutellaria baicalensis baikal skullcap root extract acacia catechu catechu heartwood extract,glucasaph,-1
biopril,bptrol,-1
cefuroxime axetil clavulanate potassium,cefroxsur,-1
fina 5,foxi,-1
santron,hematron,-1
eurythmic,eurominvit,-1
rotavirus vaccine live,rotavirus vaccine live attenuated,1
choicesulin,cassaclav,-1
santron,skin treasure bao fu ling,-1
lykaspetin,leukast plus,-1
cetraxal plus,natures plus baby plex,-1
avazart,anzar,-1
muprivex beta,ascorbic acid d alpha tocopherol vitamin e beta carotene zinc,-1
salbutamol guaifenesin,salbutamol sulphate,-1
moxifloxacin hydrochloride dexamethasone phosphate sodium,megaflox,-1
triderm,triodone,-1
akidin,acteinsaph 200,-1
clostridium botulinum toxin type a,coloxatin,-1
riscare odt,fisartan,-1
triderm,teriparatide,-1
effertab,eberubi,-1
maxitrol,moxtar cv625,-1
ad c plus,apcee plus,1
ifamso,iopamiro,-1
losargard,losartan potassium,-1
solphride,solbropen,-1
amlo med 5,amlodac 5,-1
eurolac,euromycin 600,-1
mucostan,max strength ultrascent oil liniment,-1
vostrin,gastrocin,-1
mixigil,megaclav,-1
clopida,clopidogrel bisulfite,1
cymor 60,jamari 80,-1
cetraxal plus,steri q hand cleanser plus,-1
saphtriaxone,saphteride 5,-1
clostridium botulinum toxin type a,calsate,-1
tobrasaph,tobramycin dexamethasone,-1
aminoleban,aminosil,-1
rocemed,ragundi forte,-1
rocemed,docmet,-1
clobazam,clavustan,-1
cartin,cortum,-1
oratrime,oroderm night cream,-1
bdmero 1000,betazar,-1
dapazox 10,dapastal 10,-1
medroxcure,mediroxime,-1
regizole,ramezole,-1
ole,olica,-1
lykaspetin,leukast,-1
zetrocyn,zytrex,-1
fixidrops,axitro,-1
somex,sensodex,-1
krenazol,dermazole plus,-1
vostrin,isotretinoin,-1
nonacog alfa,angical,-1
clocephen,chlorphenamine maleate phenylephrine hydrochloride,-1
bestricare,booster c,-1
gesidol,akidol,-1
gesidol,racedol,-1
zytrex,cetrexzine,-1
amlo med 5,amlon,-1
ameval,ameval plus,-1
teralev,terlipressin acetate,-1
diapid,duopedia kit,-1
cofzol cs,cabxol,-1
prinson,prime c forte,-1
latochek,lidocaine hydrochloride epinephrine bitartrate,-1
celejys,celevastatin,-1
harvimide,terbinafine hydrochloride,-1
ingesta for adults,innoc z,-1
ironsave,iron sucrose iron iii hydroxide sucrose complex,-1
vitarose,vitronsaph fe,-1
darzalex sc,drexclo,-1
salbproduo,albroxol,-1
eprohab,everbliss 10,-1
cofzol cs,cefaclor monohydrate,-1
jon c,royale c,-1
fox balm,fosfalex,-1
pecfent,pazopanib hydrochloride,-1
diavin 500 xr,daivonex,-1
bonpime,bomvital forte,-1
clobazam,clobesaph,1
cloracef,clariget,-1
clusivol plus,calcipotriol monohydrate betamethasone dipropionate,-1
plone 5,olangem od 5,-1
lisnoxl 10,losarx 100,-1
nonacog alfa,co amoxiclav,-1
telarb ccb,yulareb,-1
cymor 60,omera,-1
iv pro,cefipro 200,-1
salbutamol guaifenesin,soluvit n,-1
sitapro,sitaguard 100,-1
amiodex,amidrex od 4,1
vildus,vildalion m 550,-1
bdmero 1000,bdimi c 250,-1
muprivex beta,mipride,-1
amikacy 250,amkoxi,-1
choicesulin,clocel,-1
bligem,balsamo carminativo,-1
natravox,nutriflex lipid special,-1
levoxid,lavuzid,1
vitaplex b,vitamin b complex ferrous fumarate,-1
carboprost tromethamine,carbox,-1
femaron ob,freeron,-1
harvimide,airvin,-1
flamitin,flametz,-1
cefepime hydrochloride with l arginine,cefuprime,-1
darzalex sc,parical,-1
latochek,levocec,-1
deconsaph plus,dexone,-1
chlorsaph,chlorgen,-1
nephrone,neo bromexan,-1
bdmero 1000,byden 500,-1
regizole,rasagiline tartrate,-1
vagclr m,muculer,-1
tafnext,tabine,-1
resaire,haizure,-1
cartin,cardiomide,-1
risponz,rispenza 2,1
panziv,panzel,1
aefur,zefur,1
eprohab,epirad,-1
valugan,valazyd am 5,-1
co aleva,colife,-1
sym2,symbicort rapihaler,-1
oxy pol,iso plus,-1
epival,evoflox,-1
mertazine,merotech,-1
retazar,retazar plus,1
entyvio,endvastor,-1
numazid,rimactazid 15075,-1
betamethasone dipropionate gentamicin sulfate clotrimazole,butametz,-1
lupizin,lipigem,-1
capddpca 4,ceftibac,-1
pred forte,predfirst,1
fevergan,fevorica 80,-1
rocuronium bromide,rosamine,-1
rotavirus vaccine live,adsorbed diphtheria tetanus pertussis hepatitis b rdna and haemophilus influenzae type b conjugate vaccine,-1
avertin,aprinol 5000,-1
ingesta for adults,vancomycin hydrochloride 500 mg powder for solution for iv injection,-1
neovite,neby,-1
iselpin,bisolvon,-1
krenazol,brinzolamide brimonidine tartrate,-1
eurovasc 10,trivasc,1
trifixime,fixime,1
ibuprofen,irofree,-1
cistovent,coxid,-1
flamex,folanes,-1
iprazo 45,seaprazole 40,-1
neovite,levit,-1
inoclav,insuljack n,-1
zytapram,retaproban,-1
dibavit,diapiptaz 45,-1
licegone,ligoxin,-1
licegone,lozacom plus,-1
dyvelamer,difflam mint,-1
novamet,neo penotran,-1
propicillin,provixime,-1
xotacil,rotasiil,1
esotid 40,eostatin 80,-1
clusivol plus,caldi plus,-1
levizam 500,lipizen 20,-1
qvex,ketovex,-1
chocoflem,cisplahex,-1
gasaide,gasidone,1
cyclolux,cycloxid,1
khrizvela,korcef,-1
monastar,hemostap,-1
levoxid,levosaphzine plus,-1
vostrin,foster nexthaler,-1
ole,leela,-1
fusidic acid betamethasone dipropionate,betamethasone dipropionate,1
novamet,novasit m 501000,-1
clusivol plus,celekop,-1
gasaide,gacet 125,-1
methyxale 500,medglu,-1
rifampicin isoniazid,rebamipide,-1
eurovasc 10,nervica 150,-1
peprazom,piperacillin sodium and tazobactam sodium,-1
cofzol cs,cefosultam,-1
viteron,vetrium,-1
levoxid,levocetirizine dihydrochloride,-1
peprazom,piperacillin sodium tazobactam sodium,-1
fungsoft,fungiv tab,-1
omebloc 20,omevex,-1
dapazox 10,diapraz,-1
easekin,texakind,-1
inoclav,insulin glargine lixisenatide,-1
metovasc,metovin,1
invokana,immunostan,-1
bestricare,bactrofar,-1
maxitrol,mistdress,-1
salbproduo,sulver,-1
zobrixol,zufrexim,-1
losacura,lonsurf,-1
tivicav,rabies vaccine inactivated,-1
rocemed,rouxindal 600,-1
katinko ginger patchouli scent,katinko oil,-1
oppisartan 40,tevex 40,-1
cymor 60,canem,-1
olangem od 10,olmecor 40,-1
gentakast 10,genteal,-1
dinclav,inclisiran sodium,-1
avertin,alerid,-1
startline 25,starhex 350,-1
ultra d,ultrafast,-1
fentare,fenadef,-1
lupizin,levocin,-1
zophizole,zobexelle,-1
deslorastal,dexchlorpheniramine maleate betamethasone,-1
triderm,sertraline hydrochloride,-1
micophil,moxifloxacin,-1
blicyclo 400,biolytic,-1
andros,amidrex od 2,-1
avazart,avator,1
xinprotec,ciproted,1
sitrizine,stercia,-1
albutein 25 solution,alphadin plus,-1
cefepime hydrochloride with l arginine,cefotiam hydrochloride,-1
tramid,trimetazidine hydrochloride,-1
neovite,nevodio,-1
paraglee,porazole,-1
conchoice,comxicare s,-1
gmet 1000,mintribee 1000,-1
omebloc 20,omp,-1
tenemax,termox,-1
glucosamine sulfate scutellaria baicalensis baikal skullcap root extract acacia catechu catechu heartwood extract,glucose amino acids lipids,-1
tres,tria g,-1
robitussin ex,rapid z,-1
vitarose,vitree,-1
moxeth 125,mega d3 1000,-1
tocilizumab,tazodec,-1
atorzet,adrecort,-1
recombinant human erythropoietin alfa,human papillomavirus 9 valent vaccine recombinant adsorbed,-1
capsuflex,ciproflox,-1
xovax,xpa c,-1
panto plus,pantoprime,-1
synflorix,inoflox,-1
inoclav,inox,-1
blumea balsamifera l dc sambong leaf,bluemox,-1
clopend 75,clavmed,-1
harvifer,haruvita,-1
celcarb,cloxarex,-1
dinclav,dnac,-1
sidprazole,sitaform 150,-1
lonoxie,lincoxin,-1
fox balm,jazflox,-1
plenacyl 600,polymix d,-1
tacrostal 1,tagrisso,-1
capsuflex,capsugen forte,1
methyxale 500,medgyl,-1
baamcillin 250,amixlo,-1
inoclav,dinclar,-1
morvicor,merobest 500,-1
effertab,cefortan z,-1
gentakast 10,gentavest,1
telarb ccb,tiger balm neck and shoulder rub,-1
entyvio,enervon activ,-1
tacrostal 1,tigrastat,-1
bligem,cloxiem,-1
fixidrops,mosi eye drops,-1
aminoleban,aminomyn,-1
clobazam,clavzivac,-1
onsett,bionyst,-1
azurin,ascozin,-1
zyklor,zylovir,-1
aminoleban,aminosol,-1
cloracef,chlorgen,-1
lewinamic,linalix 5,-1
lupizin,lopegen,-1
robitussin ex,rapidsen,-1
esmolife,equamol,-1
bdmero 1000,bdenza,-1
epival,nebivolol hcl,-1
nulong 20,nuelin sr 250,-1
clobazam,clovacare,-1
furorad,florate,-1
urazole,ursula,-1
fever nil 200,fevorica 40,-1
saphtriaxone,saphdryte,-1
amiodex,aemadex,-1
doripenem monohydrate,noriphen,1
tdlplus,telmal,-1
easekin,equisine relief,-1
ascor kid,ascorsaph plus,-1
diapid,cupid,-1
vitacinc,vitamin a palmitate 200000 iu softgel capsule,-1
ferrofer,ferro b,-1
khrizvela,kairoxib,-1
rinoease,ranae,-1
sanpara,sinupret,-1
ciprosan 3,ciproquin,-1
vagclr m,caglor,-1
brospec,brisofer ob,-1
vfresh aromatherapy green tea,curesartan,-1
bdmero 1000,budenase 1,-1
morvicor,myrevit c,-1
ceftibet,ceftriace,-1
vancocym,vancomef 1000,-1
cillox,cialis,-1
levoxid,levosalbutamol tartrate,-1
flamitin,flemisten,-1
oppisartan 40,ob care,-1
glucosamine sulfate scutellaria baicalensis baikal skullcap root extract acacia catechu catechu heartwood extract,glucosur,-1
plone 5,plemonem 1000,-1
guaifenesin chlorphenamine maleate phenylpropanolamine,guaifenesin salbutamol,-1
fox balm,ferroplex ob,-1
numazid,newmacdol,-1
celabin,clavmentin,-1
oxy pol,oxypyro,1
abisin,abicof sg,-1
nephrone,nuparin,-1
coldrex ppa,clotrimazole clindamycin phosphate,-1
cylocortix,chlosart,-1
emend,phenomed,-1
koxib,oxef 200,-1
evofix,evatocin,-1
tai chi ginger,tazicef,-1
candiva v gel,cardivasc,-1
tarlonib 25,temolon 250,-1
teralev,trileptal,-1
valium,dialin,-1
numazid,menquadfi,-1
medliptin,methylprednisolone aceponate,-1
ultra d,ultra cee,1
gesidol,goxetil,-1
fixnar,faranery tab,-1
gocifime,gastome,-1
glycinorm 80,glycine max l merr refined soybean oil,-1
retamaxz,ketomax,1
aminoleban,aminoral,-1
jon c,nat c 1000,-1
jon c,pro c 500,-1
blicyclo 400,bylo c 1000,-1
ferrofer,merprofez 1000,-1
duvadilan,diphtheria tetanus vaccine adsorbed reduced antigen content,-1
blicyclo 400,blisogout 40,-1
doxycycline hyclate,doxycycline hyclate for doh complete treatment pack,-1
sitapro,sitivorane,-1
tramid,trimetreve,-1
eurythmic,brytim,-1
linesave,rinosever,-1
butamirate citrate,bethamistine,-1
finox,fincoline,-1
vostrin,vastilan,-1
belfur,balversa,-1
aminotrene,aminozyre,-1
cloracef,clorazepate dipotassium,1
lisnoxl 10,lignosaph plus,-1
belfur,bluecorecef,-1
perindopril erbumine,paranat,-1
baamcillin 250,ancoline 500,-1
jon c,nhance boss c,-1
bezogen,budeson,-1
sym2,symden forte,-1
afaxor 150,apciron forte,-1
jon c,rani c double effe,-1
sunpant 40,soniphen,-1
capddpca 4,cardob,-1
bupivaxine iso,biphasic isophane human insulin 3070 recombinant dna,-1
perindopril erbumine,pramide,-1
ceftibet,ceftribac,-1
xozid,maxcid,-1
zobrixol,obrex,-1
rexta,rezyd,-1
choicesulin,cholesol,-1
esmolife,eugenol,-1
tobramet,tobrago,-1
cylocortix,cylic,-1
zyklor,zycloran,1
rocemed,rexamide,-1
gasaide,gocet,-1
doxycycline hyclate,doxykam,-1
fevergan,fobrecane,-1
broncodam,bronix,-1
celabin,calbon d,-1
prinson,primecotrix,-1
amikacy 250,amika,-1
gesidol,gasdone,-1
neostilex,next,-1
rexta,rosett,-1
ceenovate,combetzar,-1
gastropem,gastroban,-1
deslorastal,dichlorobenzyl alcohol amylmetacresol,-1
rexta,restasis,1
belfur,beryfresh,-1
deconsaph plus,dosanac,-1
tocilizumab,trialoc,-1
rifampicin isoniazid,retamep,-1
rifampicin isoniazid,rifampicin isoniazid pyrazinamide,1
teramol,traumeel s,-1
iron equivalent to 250 mg ferrous sulfate dried,iron folic acid vitamin b9,-1
vfresh aromatherapy green tea,vercore,-1
biolipy,bilax,-1
medliptin,medsef,-1
carac h,cirok,-1
eurogyl,euroclav,-1
mucostan,mucocystein,-1
leverap,levecef 750,1
metsure,medzart plus,-1
prosride,pregarich,-1
dextricyl,dextrose 5 in 12 045 normal saline,-1
esmolife,acemol,-1
hyclens skin cleanser,hyclens ob,1
startline 25,sitazit 25,-1
lipisim,lipid emulsion amino acids electrolytes glucose,-1
tarlonib 25,trixen 125,-1
tivicav,typhim vi,-1
levoxid,levosaphzine,-1
santron,sumatrex,-1
tdlplus,tdl,1
oxy pol,nicoplex ob,-1
novthasone,navit c,-1
gmet 1000,pemeta 500,-1
ingafol,inosiplex,-1
tramid,tramadol hydrochloride paracetamol,-1
eurolac,beralactone,-1
cixtor z,captor 25,1
clopend 75,clofenex 50,-1
cymor 60,ecori 60,-1
tarlonib 25,temolon 20,-1
klarmyn,celermin,-1
fusedex,fendexi,-1
bonpime,bmep,-1
mertazine,artazide,1
gastropem,gastrosaph af300,-1
shepenem 1,seapenem,1
alltrex,aldrtz pau liniment,-1
tai chi ginger,targin,-1
triderm,triodex,-1
baamcillin 250,amzellin 500,1
sanpara,snup,-1
novamet,novazidime,-1
veltezom,ventek,-1
episert,epsytam,-1
irinovid,ironova,1
lisnoxl 10,lquin,-1
belfur,belizar,-1
rhedin 75,kedion,-1
morvicor,maricoxia 90,-1
neostilex,noston,-1
levipil 750,levoflox,-1
krenazol,tranzil,-1
telarb ccb,telxibloc,-1
iron equivalent to 250 mg ferrous sulfate dried,iron iron sucrose,-1
risponz,rispericare,-1
xozid,xeloda,-1
rifampicin isoniazid,ropenefix,-1
ifosfaget,ibusaph 100,-1
monastar,ponstan,-1
dabigatran etexilate,dobstal,-1
sym2,symdex d forte,-1
rexta,reax,-1
glysolin 3070,glycol salicylate 1 menthol tocopherol acetate vitamin e capsaicin capsicum extract,-1
rinoease,risek,-1
vancocym,vancocent,1
koxib,korab 20,-1
avertin,abrin,-1
scheepril,siverol,-1
evofix,evafact,-1
sunpant 40,simponi,-1
astiget,aizet s iv,-1
eprohab,heprabica 1000,-1
cixtor z,bacciter forte,-1
harvifer,arpip,-1
cefogram,cefucore,-1
robitussin ex,rapid c plus d,-1
ad c plus,amko b plus,-1
losacura,losacraft 50,1
sidprazole,sitaform,-1
celetor 200,celodix 200,-1
dibavit,appevit,-1
acce clav,aceclofenac paracetamol,-1
satcapto 25,st gabriel,-1
omebloc 20,omebloc,-1
gentakast 10,genodes 5,-1
onsett,onconase 10,-1
aminoleban,aminoket,-1
retazar,riteguard,-1
gocifime,vagifem,-1
isoconazole nitrate diflucortolone valerate,razogen,-1
sulfur zinc oxide salicylic acid,silvertin,-1
herbamed,herbs ascorbic acid selenium zinc,-1
eucalyptus oil dementholized mint oil cajuput oil menthol methyl salicylate juniper oil clove oil,excelfin,-1
rexta,reseda,-1
oppisartan 40,ojos 40,-1
metocirc,medcarv 125,-1
naflax,nobilis ib primo qx,-1
satcapto 25,butacap,-1
easekin,edexin,-1
dyvelamer,difflam honey and lemon,-1
co aleva,colvan,-1
santon,pantonil,1
amixol,anzol,-1
akidin,acteine,-1
altovox,aldopiem,-1
recombinant human erythropoietin alfa,roxinova,-1
diapid,diafat,1
cofzol cs,cefaclor,-1
saphbiotin,aepotin,-1
claribid,chlorphenamine maleate phenylephrine hydrochloride,-1
ziac,zo,-1
gazgo,sos,-1
moxeth 125,axet,-1
sanpara,sunpreg 75,-1
bezogen,bisoxine,-1
pralec,prozac,-1
urazole,ursa,-1
urazole,urgal 300,-1
eucet,gacet 500,1
brospec,brezofree 250 synchrobreathe sb,-1
neostilex,nacetyl 600,-1
vancocym,vancokin,-1
neurotrene 300,neurotrene,-1
furorad,forcad,-1
clonigen,clavogen,-1
tres,trexglo,-1
loragen plus,ferrogen plus,-1
welnano,melanov mr 30,1
emend,hemomeds,-1
tanafen,tempmed plus,-1
stilnox,sitixon,-1
plone 5,polynerv forte,-1
adisart,apixar,-1
aminotrene,amino acids sorbitol see reverse,-1
cixtor z,castra,-1
ironsave,irnizet 40,-1
bupivaxine iso,babyface 3,-1
robitussin ex,revitazee,-1
azurin,acernix,-1
klopi,olphi,-1
ole,colema,-1
micophil,moxifloxacin hydrochloride,-1
adisart,adsorbed diphtheria tetanus pertussis hepatitis b rdna and haemophilus influenzae type b conjugate vaccine,-1
amixol,amsolin,-1
clusivol plus,cl,-1
neostilex,nacetyl 600 choco,-1
multivitamins and minerals orange flavor,multivitamins iron lysine hydrochloride buclizine hydrochloride,-1
cofzol cs,cefaclox,-1
gastropem,gastromax,-1
suncetin tab,synestamine,-1
plenacyl 600,palnostar,-1
tacrostal 1,tacrohab,-1
multivitamins mineral buclizine,multivita,-1
nulong 20,nosmok 2,-1
rexibile,reximol,1
xozid,zaxid,1
koselugo,korsel,1
amikacy 250,amsocyn 300,-1
plone 5,clenzerpro 5,-1
ole,olan odt,1
fungsoft,fungicon,-1
omebloc 20,omephil 40,-1
duomed,domidon,-1
lipitune,lercanidipine,-1
progefil,procee plus,-1
fever nil 200,severin,-1
furorad,fusirid,-1
harvifer,hemarife,-1
angioten,amoxitrene,-1
eurythmic,vertam,-1
accexime,aziken,-1
salbutamol guaifenesin,salbutamol sulfate guaifenesin,-1
brospec,brucipro,-1
suncetin tab,somaset,-1
decicord,doxoccord 20 lp,-1
amnique 5,aminoplasmal b braun 5 e,-1
panto plus,pantoprazole sodium sesquihydrate,-1
oratrime,oradine,-1
broncodam,broncolin,-1
rexibile,regivell,-1
premiliptin plus,pharmolytic,-1
robitussin ex,tob dex,-1
vertasanz,vertistop,-1
choicesulin,cetysl,-1
vitarose,nitroxel,-1
surinem 1000,saridon,-1
folifron ob,elifer,-1
verist 16,versol,-1
santron,saphtran,1
duomed,diamet,1
corvita 8010,ravitam,-1
fevergan,fevercare,-1
novataxel 20,novarox 10,-1
saphmox 500,saphlecox 400,-1
philcet,philcort 4,-1
retazar,retaprez,-1
ulzim,urisam,-1
vancocym,vancosar 1000,-1
valugan,valgasaph b,-1
tivicav,nivicof,1
entyvio,mentopas hot,-1
rispedin 2,respitapp,-1
olangem od 10,olmesar am 1040,-1
latochek,lidocaine hydrochloride chlorhexidine dihydrochloride,-1
fixnar,flunarizine hydrochloride,-1
tamsudin,temsta,-1
easekin,epokine,-1
blumea balsamifera l dc sambong leaf,blineph,-1
cefoxid,cefuseth 250,-1
accetaxime,acticare ob,-1
cymor 60,cyscore,-1
medliptin,methylprednisolone sodium succinate,-1
santron,homatropine methylbromide,-1
eucalyptus oil dementholized mint oil cajuput oil menthol methyl salicylate juniper oil clove oil,mucolyptus,-1
nonacog alfa,conzace,-1
ameval,amplify 805,-1
stilnox,stalevo,-1
ambical,amvic,-1
vitacinc,vitex negundo l nirgundi leaf,-1
satcapto 25,stalip a,-1
betamethasone dipropionate gentamicin sulfate clotrimazole,betamethasone dipropionate,-1
teralev,theracef s,1
teramol,terramycin plus,-1
levizam 500,lavoxin,-1
leverap,livercare hd,-1
fina 5,fenaway,-1
brinzolamide brimonidine tartrate,broncolin,-1
mucostan,micazit,-1
diapid,diabutrate,-1
eurogyl,erzol,-1
katinko ginger patchouli scent,katinko sports,-1
herbamed,herbalaya,-1
zetrocyn,zithrocare 500,-1
doxylamine succinate pyridoxine hydrochloride,diclomin,-1
paraglee,paraglee 500,-1
iron equivalent to 250 mg ferrous sulfate dried,iron zinc vitamin b complex,-1
salbutamol guaifenesin,salbutamol ipratropium,-1
rocemed,rouxindal 300,-1
tanafen,tamoxen,-1
lonoxie,rounox,-1
mistacor am,mistel,-1
adisart,audiwax,-1
celabin,claventin,-1
gocifime,noxifen,-1
cloracef,chlorseth,-1
cylocortix,clozarem,-1
rifampicin isoniazid,robimep,-1
brinzolamide brimonidine tartrate,broncodam,-1
flamitin,flammazine,-1
triderm,dr trim 120,-1
losargard,losart,-1
amiodex,amtecxone,-1
bonpime,bonazin,-1
epival,empalin,-1
harvimide,nervi metz,-1
biopril,biprosolone 500,-1
somex,snizee,-1
rifampicin isoniazid,rabem,-1
vamcetin,vancotrix,-1
accexime,acc,-1
zytapram,catapres,-1
esmolife,esmobloc,1
rinoease,rhinekast,-1
furimax 1500,firmagon,-1
mertazine,perataz,-1
urify,uriflo d,1
onsett,ponstan sf,-1
triloupe,traloflam,-1
ole,choledeo,-1
epival,nebivol,-1
paraglee,prazole forte,-1
rexta,rheuxan,-1
rocuronium bromide,docran,-1
metovasc,motivest,-1
gesidol,gestodene ethinylestradiol,-1
ole,sqzole,-1
oxy pol,oxtolev,-1
sivab,safebo,-1
fina 5,fixx,-1
effertab,eprotex,-1
zobrixol,zolerix,-1
novataxel 20,neovita,-1
blicyclo 400,bylo c 500,-1
resaire,regain,-1
mixigil,mucucil,-1
tarlonib 25,trialoc,-1
doxycycline hyclate,desicox,-1
katinko ginger patchouli scent,katinko soft white,-1
gasaide,gacet 500,-1
deslorastal,desferal,-1
ibuprofen,febupro,-1
zyklor,aclor,-1
easekin,ekacin,-1
carboprost tromethamine,carbomer,-1
cenprahep,cenvert 8,-1
fixnar,flamar,-1
cefepime hydrochloride with l arginine,capebin,-1
guaifenesin chlorphenamine maleate phenylpropanolamine,guaifenesin bromhexine hydrochloride,-1
vitguard c,ketoguard,-1
rexibile,risefol,-1
co aleva,celevo,-1
synflorix,sunvilda,-1
sunpant 40,sanfix 400,-1
mertazine,metadoxine,-1
leverap,laberfen,-1
tacrostal 1,tacrocord 1,1
neozep,neurobe,-1
vitguard c,sitaguard 50,1
zytrex,zetriz,1
bupivaxine iso,epovax,-1
abisin,avicon,-1
pubergen,piperacillin sodium and tazobactam sodium,-1
pred forte,prednicort,-1
eloxatin,fluoxetine hydrochloride,-1
prosride,prosec,-1
esotid 40,escitadin,-1
neozep,neozep cold tablet,-1
herbamed,herbakid forte,1
bdmero 1000,metpro 1000,-1
asmamed plus,augmentin es,-1
ibuprofen,ivabradine hydrochloride,-1
altovox,alto zee plus,-1
amnique 5,amair,-1
bactier,bactrias,1
saphtriaxone,saphiodine,-1
plenacyl 600,philmucil,-1
aclasta,agalsidase beta,-1
ad c plus,ascorbic acid vitamin c,-1
retamaxz,reytanic,-1
pred forte,predobut,-1
surinem 1000,sinumine,-1
celabin,clabimen,-1
dixspiro,disaphverine,-1
santron,sumatriptan,-1
altovox,alltrex,-1
levipil 750,levofloxacin hemihydrate,-1
dextricyl,dextromethorphan hbr guaifenesin,-1
bezogen,beztin,-1
startline 25,stardine,1
blumea balsamifera l dc sambong leaf,bleonov,-1
novarox 10,naproxen sodium,-1
ameval,anebloc,-1
pharzole,praxol,-1
accetaxime,actacil,-1
nonacog alfa,lincogen,-1
betamethasone dipropionate gentamicin sulfate clotrimazole,betamethasone dexchlorpheniramine maleate,-1
plone 5,palonex,1
irnizet 500,irino,-1
heparin sodium,heparin leo,-1
ceenovate,inovit,-1
ingafol,inoclav,-1
ad c plus,atv plus,-1
amiodarone hydrochloride,amiodex,1
petroleum jelly,patricol,-1
rhedin 75,dition,-1
prinson,prime kit duo,-1
chocoflem,cisbil,-1
ironsave,iron sucrose,-1
tramid,troymidine,-1
premiliptin plus,pharemin,-1
doxycycline hyclate,dox z,-1
triloupe,trolip,-1
folifron ob,folitrene,-1
levoxid,lepstop,-1
micophil,moxiflax,-1
ziac,acc,-1
eucet,exyt 400,-1
fina 5,amo 5,-1
femaron ob,femabene,-1
dibavit,dialiptin,-1
easekin,equisine regular,-1
azurin,sakarin 5000,-1
cenprahep,camphor menthol,-1
surinem 1000,serixon,-1
satcapto 25,selecap 200,-1
paracetamol phenylephrine hcl chlorpheniramine maleate,paracetamol chlorpheniramine maleate,-1
tai chi ginger,tai chi ginger rub,1
clostridium botulinum toxin type a,closderm,-1
naflax,nacl saph,-1
naflax,nepalact,-1
cetraxal plus,cetirigen plus,-1
amlo med 5,amloget 5,-1
ameval,amflukonz,-1
effertab,efergen,-1
morvicor,meiyi herbs essentials ginger and tea,-1
biopril,ipralin,-1
xotacil,xelocel,-1
iprazo 45,sopraz,-1
furimax 1500,fermoxil,-1
tres,trevia,-1
acce clav,aciclovir sodium,-1
zinetab,zinceevit,-1
cefogram,cafgard,-1
clobazam,clobe sky,-1
medroxcure,medracet,-1
avertin,cevertron,-1
femaron ob,femara,1
solphride,sulfur,-1
ameval,ambilin 500,-1
irnizet 500,irnocel,1
santron,pantrovin,-1
episert,epizen,-1
cefoxid,cefixstan,-1
ifosfaget,povisafe,-1
latochek,largexone,-1
duasaph,datab,-1
telcard 20,telsartin 40,-1
aminotrene,aminocare,-1
tafnext,tranexaprime,-1
hydrocortibas,hydrocortef,1
satcapto 25,vitacap,-1
valugan,valacyclovir hydrochloride,-1
sitrizine,sidrocine,1
pecfent,profen,-1
episert,epokor,-1
methyxale 500,medicol i 400,-1
gentakast 10,gentaxel 30,-1
blanc white,blinda,-1
fever nil 200,freeron,-1
vfresh aromatherapy green tea,veropres,-1
dixspiro,dilapro,-1
celejys,cloxacillin sodium,-1
heparin sodium,iprin,-1
esotid 40,estan 40,-1
fevergan,evergreen oil,-1
pred forte,paradrin forte,-1
krenazol,armazoline,-1
vamcetin,vancotor,-1
skinoren,si2norm,-1
sitaglinex,sitagliptin hydrochloride metformin hydrochloride,-1
herbamed,herpex newgen,-1
propicillin,provicoxib,-1
veltezom,vildaxil plus,-1
teriflunomide,leflunomide,1
pak c,bica ace,-1
gocifime,gofepine,-1
eprohab,epirub 10,-1
sitaglinex,sitagliptin hydrochloride monohydrate,1
ifamso,isoniazid pyridoxine hydrochloride,-1
claribid,chlorbact 1gm,-1
khrizvela,kris haplas,-1
zdonate,zitamet plus,-1
nephrone,nephrosteril,-1
plone 5,polynerv 250 zinc 20,-1
teriflunomide,omcid,-1
ingafol,kingfloxin,-1
skinoren,gi norm,-1
accetaxime,acetra,-1
medroxcure,medirica,-1
neovite,neofex,-1
brinzolamide brimonidine tartrate,bronchonide,-1
clopida,clobetasol propionate,-1
furorad,fornidd,-1
eurovox,neurobexol plus,-1
clostridium botulinum toxin type a,cholestrol,-1
fungsoft,fencap fc,-1
tdlplus,telisolv pro,-1
tsartan 40,tazret,-1
tobrasaph,tobracor,-1
amiodex,anmotic,-1
ferrofer,ferobles,-1
mistacor am,maxidex,-1
cylocortix,cloxarex,-1
tivicav,tobiclear,-1
tres,triaxsea,-1
neo penotran,neo vita,-1
flamitin,fleming,-1
xypen,novomix 30 flexpen,-1
diavin 500 xr,diphenzar,-1
onsett,onstal forte,-1
verist 16,varostin,-1
bactier,bactromed,-1
regizole,rosucol,-1
biolipy,blevo,-1
bdmero 1000,betamed,-1
sanpara,sunpreg 150,-1
micophil,mucoflem,-1
clobazam,clopixol acuphase,-1
alco katinko,alco 70,-1
glysolin 3070,glycoc,-1
vitacinc,vitamin b complex dexpanthenol,-1
triderm,tiropramide hydrochloride,-1
multivitamins mineral buclizine,multivitamins buclizine hydrochloride iron ferrous sulfate,1
moxeth 125,moxtar cv625,-1
fixidrops,factor viii,-1
trental,tramadol hydrochloride,1
neurotrene 300,neuroforte e,-1
amlopure 10,amlife,-1
actilyse,actacil,-1
ritusin,retagliptin,-1
glysolin 3070,glucosol,-1
viteron,vitronsaph fe,-1
accetaxime,acedocare,-1
guaifenesin chlorphenamine maleate phenylpropanolamine,guaifenesin phenylpropanolamine hcl chlorphenamine maleate ammonium chloride sodium citrate,1
telcard 20,telcor 40,1
omepace,omevex,-1
trental,trimtazz,-1
methyxale 500,metxr 500,-1
prosride,paroxetine hydrochloride,-1
synflorix,sinuphil,-1
ritusin,retacnyl,-1
gentakast 10,gentalyf,-1
choicesulin,cloxcillin,-1
carboprost tromethamine,carbopa 450,-1
triloupe,trulev,-1
linesave,linagliptin metformin hydrochloride,-1
lipitune,glipitone 30,1
mixigil,moxiflo,-1
klopi,klaviran ds,-1
rocuronium bromide,beclometasone diproprionate dihydrate glycopyrronium bromide,-1
entyvio,ematep,-1
sanpara,sinupret for kids,-1
valium,alma,-1
rocemed,oximed,-1
brinzolamide brimonidine tartrate,burinex,-1
fungsoft,fungivate,-1
synflorix,genfloxin,1
co aleva,q lev,-1
gentakast 10,gentaxin,-1
asterol,azithroseth,-1
salbproduo,salbu air,-1
linocaine,metronidazole miconazole nitrate lidocaine,-1
ibuprofen,ivab,-1
capddpca 4,levodopa carbidopa entacapone,-1
metsure,metocirc,-1
immunostan,immuno cdz,-1
amnique 5,amnor,-1
amiodex,andiospec,-1
nephrone,noprenia,-1
bezogen,betzine,-1
ulzim,zilgam,-1
dobutamine,dypotin,-1
harvimide,halaven,-1
biopril,dopirel,-1
novarox 10,novakast 10,-1
koxib,oxuba,-1
duasaph,diuspec,-1
corvita 8010,corvita 805,1
heparin sodium,heparin sodium allium cepa l onion bulb allantoin,-1
cylocortix,calcernate,-1
emend,emesidon,-1
butamirate citrate,boramir,1
xozid,maxkid,-1
saphmox 500,saphnisolone 15,-1
coldrex ppa,caltri,-1
cymor 60,xanor,-1
ceenovit,cosvit c,-1
ole,coolex,-1
fungsoft,fungby,-1
novthasone,norethisterone,-1
celejys,celexocap,-1
duasaph,diquas,-1
totilac,totacef 1000,1
virbez,irbe speed hct,-1
dextricyl,dextromethorphan hydrochloride guaifenesin,-1
sirdalud,syreduce,-1
plenacyl 600,pulmocetyl,-1
angioten,amikate,-1
gasaide,gazo,-1
biopril,reparil n gel,-1
iselpin,ikoxpin,-1
yucordin,hyocort,-1
tobrasaph,tobramycin dexamethasone sodium phosphate,-1
ironsave,tranesave,1
fox balm,fextallert 120,-1
dabigatran etexilate,duphaston,-1
ketorine,kytron,-1
sirdalud,sartollen 100,-1
immunostan,immunix,-1
immunostan,immunogard,-1
nulong 20,nuelin,-1
tai chi ginger,tachosil,-1
celcarb,celica,-1
astiget,azith z,-1
golfen 400,glibenclamide,-1
ambisor,ambicef s,-1
atorzet,atracare star,-1
riscare odt,vicardis,-1
blanc white,bleomycin sulfate,-1
baamcillin 250,benzyl benzoate 25 lotion,-1
chlorsaph,chlorhexidine gluconate cetrimide,-1
dyvelamer,difflam forte,-1
decicord,digoxare,-1
sterica,sytriaxone,-1
altovox,aldrox,-1
cillox,cilostal 100,-1
neostilex,estolax,-1
clobazam,clonazepam,1
ole,eylea,-1
amiken,amlin,-1
irinovid,inox,-1
trimaxone,tranex,-1
astiget,asthakler,-1
levizam 500,lepixa 500,-1
olopatadine hydrochloride,clopida,-1
olangem od 10,olmax 20,-1
bluemedzole,blinda,-1
duvadilan,dafadin,-1
fixnar,fexone,-1
avertin,abiraterone acetate,-1
entyvio,montevo,-1
guaifenesin chlorphenamine maleate phenylpropanolamine hcl sodium citrate ammonium chloride,guaifenesin bromhexine hcl salbutamol sulfate,-1
albunorm 20,allujen,-1
fixnar,miconarex,-1
novarox 10,nepriqo 8,-1
panto plus,pantofar,-1
cofzol cs,cefuclav,-1
latochek,lidocaine hydrochloride monohydrate,-1
solphride,salbrosin,-1
verist 16,veristine 24,1
celetor 200,clodrel,-1
cistovent,cardiobest,-1
pecfent,preven z cal,-1
euroferron,irefur,-1
ibuprofen,isupres,-1
effertab,cefriotam,-1
clusivol plus,celexib,-1
clopida,clopitor,1
invokana,infasurf,-1
clonigen,clenzerpro 5,-1
zyklor,acce lora,-1
multivitamins mineral buclizine,multivitamins herbs choline bitartrate alpha lipoic acid coenzyme q10 lycopene,-1
acalabrutinib,acilev,-1
eurolac,eurogesic,-1
dixspiro,d hesper,-1
cillox,cilozol 100,-1
santron,sanitary green balm,-1
carac h,cerox,-1
gavlin,gaviscon infant,-1
nephrone,nephrolyx,1
darzalex sc,dorzolamide timolol,-1
zinetab,sinutab cold,1
gasmodic,glaumed,-1
rocuronium bromide,beclometasone dipropionate formoterol fumarate dihydrate glycopyrronium bromide,-1
eurythmic,ectomin,-1
tocilizumab,takol cr,-1
natravox,nitrofurantoin macrocrystals,-1
dyvelamer,devetam,-1
prosride,pregard,-1
poten cee,prem c,-1
amlo med 5,analmin 500,-1
eprohab,eporife,-1
klarmyn,klornik,-1
neostilex,nacetyl 200,-1
poten cee,phytome k 10,-1
immutrax,intramol,-1
gavlin,guaiflem,-1
ironsave,irnizet 100,-1
biopril,b prime complex,-1
bezogen,rocugen,-1
harvimide,harbipen,1
episert,epidrex,-1
clocephen,cloxapen,1
deslorastal,dichlorobenzyl alcohol amylmetacresol lidocaine hydrochloride,-1
propicillin,proviclav ds,-1
capsuflex,colzap,-1
irnizet 500,irinocan 100,-1
gasaide,gastalix,-1
zdonate,betamethasone valerate clotrimazole gentamicin sulfate,-1
lisnoxl 10,luzinc,-1
betamethasone dipropionate gentamicin sulfate clotrimazole,betamethasone diproprionate clotrimazole gentamicin sulfate,1
somex,sanoxime,-1
flamitin,flamibazid 500,-1
veltezom,vildasaph 50,-1
viteron,vitgen,-1
clocephen,clox,-1
progefil,pregabalin mecobalamin,-1
doxycycline hyclate,doccinc forte,-1
sulfur zinc oxide salicylic acid,silver sulfadiazine cerium nitrate,-1
esmolife,esomex,-1
propmed,ropimed,1
vagclr m,vasocor,-1
tramid,trimedial,-1
accexime,rogexime,-1
clobazam,clavoxel bid,-1
sivab,salbo,-1
amiken,amikacin sulphate,1
asmamed plus,augmenz plus,-1
teralev,neurolev,-1
novthasone,nabota,-1
sitrizine,steri q body wash,-1
epival,cepefil,-1
iron equivalent to 250 mg ferrous sulfate dried,ironex,-1
clusivol plus,calcipotriol hydrate betamethasone dipropionate,-1
acce clav,accecoline,-1
cloracef,chlorklenz,-1
andros,anepro,-1
zyklor,zevlar,-1
resaire,reseda,-1
sitaglinex,sitagliptin metformin hydrochloride,-1
bactier,bactroxime,-1
saphtriaxone,septrol,-1
trental,trantran,-1
synflorix,xenoflox,-1
zetrocyn,etrox,-1
tramid,trimetazidine,-1
metovasc,metvex,-1
bluemedzole,besymed,-1
guaifenesin chlorphenamine maleate phenylpropanolamine hcl sodium citrate ammonium chloride,guaifenesin salbutamol,-1
veltezom,vildagliptin metformin hcl,-1
viteron,vitarose,1
licegone,lucazine,-1
maxitrol,mixtard 30 flexpen,-1
bluemedzole,blomes,-1
synflorix,lenoflox,-1
novazithro,novastat 60,-1
dabigatran etexilate,dhafag ten,-1
oratrime,arthrimed 90,-1
levizam 500,levogen,-1
ceftibet,ceftisaph 500,1
spivar,saphzar,-1
saphbiotin,efotin,-1
metovasc,mepivacaine hydrochloride,-1
sirdalud,airtal,-1
omebloc 20,oneflex,-1
medcit,medzidime,-1
vildus,vildagliptin metformin,-1
eucet,coxet,-1
gasaide,gastome,-1
onsett,one cet,1
jon c,shine c plus,-1
ulzim,ulci bloc,-1
zetrocyn,zetir,-1
blumea balsamifera l dc sambong leaf,phyllanthus niruri l,-1
aminoleban,aminosea 20,-1
l aspase,l asparaginase,1
lykaspetin,lansoprec,-1
clonigen,calmoseptine,-1
herbamed,parabam,-1
ziac,zescita,-1
ingafol,invaflozin 10,-1
ritusin,regison,-1
ironsave,irnocel,-1
alco katinko,algezone,-1
cymor 60,amnor,-1
robikids,rabesta 10,-1
solphride,silvirin,-1
cyclophos,syclop,1
doctri cee,doctri cee plus,1
pralec,pralsetinib,-1
ketorine,ketrian,-1
harvimide,haruvita,-1
losargard,luxe organix,-1
mixigil,moxifloxacin,-1
cistovent,histafen,-1
bligem,teligen 40,1
xovax,diovac,-1
aminotrene,amantin,-1
biolipy,olphi,-1
cetraxal plus,cetra,-1
esotid 40,esomeprasaph 40,-1
dyvelamer,sevelamer hydrochloride,1
entyvio,enduprin,-1
petroleum jelly,meterol,-1
iv pro,ilevro,-1
ziac,ziaton,1
sanpara,sanfurox 750,-1
epival,epix,-1
fevergan,fevral,-1
methyxale 500,medaclox,-1
ketorine,metromine,-1
recombinant human erythropoietin alfa,recombinant human epidermal growth factor,-1
immutrax,inderal,-1
sivab,sidapvia,-1
lewinamic,lumemox,-1
metsure,mitocore,-1
eurolac,ferlic,-1
omebloc 20,omevin,-1
sterica,starcox,-1
pubergen,peprazom iv,-1
shepenem 1,s 1 20,-1
pred forte,prednecort,-1
dinclav,raniclav,-1
neovite,cevit,-1
novthasone,neovite,-1
accexime,nicoxime,-1
altovox,alteplase,-1
amiodarone hydrochloride,aminoral,-1
rocuronium bromide,roidrenal,-1
allergo,allerzine,-1
esotid 40,eyesod,-1
fox balm,oxy pol,-1
htsone,hbsone,1
suncetin tab,vamcetin,1
klopi,klavic,-1
omepace,omepracirc,-1
pralec,parecoxib sodium,-1
natravox,natra c forte,1
ferrofer,feronerv,-1
dapazox 10,diapraz 40,-1
aclasta,agliza,-1
xozid,raxide,-1
progefil,purecef,-1
moxeth 125,moxcv 625,-1
asterol,acotril,-1
sanpara,sanitary balm,-1
ceenovate,cymevene,-1
rifampicin isoniazid,rifampicin isoniazid pyridoxine hydrochloride,1
bluemedzole,bleomed,-1
medliptin,medicip,-1
vertasanz,vortestar 35,-1
levoxid,levosalbutamol,-1
cartin,cardinova,-1
vitguard c,vitagrow,-1
krenazol,klenz,-1
fixidrops,fixin,1
onsett,onsiatab,-1
sirdalud,siti d5lr,-1
invokana,inofar,-1
sanpara,sanitary green balm,-1
xozid,xiocare 625,-1
riscare odt,jisartan,-1
doxycycline hyclate,doxicon,-1
curafen,carbonoc,-1
omepace,omep,-1
pak c,poly c,-1
valium,maalum,-1
maxitrol,mistralix,-1
vitacinc,vitagen,-1
tored 10,trean,-1
amlopure 10,amlofar,-1
broncodam,bronchomed,-1
asterol,azithromycin dihydrate,-1
rexta,rexeteine,-1
khrizvela,khrizvix,-1
asmamed plus,asmair,-1
koselugo,kaycel,-1
invokana,infeclav,-1
gavlin,gaviscon,-1
ulzim,fulzimed,1
lykaspetin,glysiptin,1
tdlplus,calpol,-1
deslorastal,dicloran gel,-1
somex,seamox 500,-1
adisart,adabur,-1
multivitamins and minerals orange flavor,multivitamins iron buclizine hydrochloride lysine hydrochloride,-1
azilin,hazolin,1
tanafen,tempmed,-1
stilnox,stuffinose,-1
celetor 200,clitrosaph a125,-1
darzalex sc,marzole,1
urazole,ursoliv,-1
broncodam,broncort,-1
nir ns,ironse,-1
khrizvela,khrizcopan,-1
amlopure 10,amloval 160 10,-1
conchoice,congestap,-1
lipisim,epsium,-1
clopend 75,celofem,-1
pharzole,paraglee 500,-1
carboprost tromethamine,cardob,-1
eloxatin,fluoxetine,-1
duasaph,dexahab,-1
yucordin,duocard,-1
biolipy,biomib,-1
betamethasone dipropionate gentamicin sulfate clotrimazole,betamethasone gentamicin,-1
zytrex,metorex,-1
koxib,geoxcib,-1
ceenovate,meno vita,-1
triderm,trizeric,-1
curafen,curecine,1
brinzolamide brimonidine tartrate,brainact,-1
duomed,dompy,-1
diavin 500 xr,diphmax,-1
mixigil,dici gel,-1
pred forte,predotor,-1
levipil 750,levoxl 750,-1
mixigil,meoxiclav ds,-1
vagclr m,acceluron,-1
ceenovate,clobetasol propionate,-1
coughlogen,bucligen,-1
broncodam,bronco s,-1
gavlin,gobalin,-1
tobramet,tobrin,-1
dabigatran etexilate,dapag,-1
cefoxid,cefuseth 125,-1
hydrocortibas,hydrocortisone sodium succinate,-1
neozep,nykob,-1
epival,epibloc,1
triderm,trihydcef,-1
nephrone,neo fron,-1
virbez,irbesartan,-1
coldrex ppa,co altria ped,-1
atorzet,atriax plus,-1
sunpant 40,sanpime 1000,-1
veltezom,platz,-1
recombinant human erythropoietin alfa,rixanep 100,-1
zdonate,betamethasone dipropionate gentamicin sulfate,-1
petroleum jelly,ptra,-1
ole,v olet,1
cixtor z,doctor j,-1
monastar,hemostat,-1
olopatadine hydrochloride,salbutamol sulfate bromhexine hydrochloride guaifenesin,-1
ceenovit,cervit c,-1
coughlogen,cyclosporine,-1
salbproduo,solbropen,-1
ultra d,co altria ped,-1
tored 10,pred 30,-1
paraglee,prazole iv,-1
telarb ccb,tiger balm plaster,-1
clostridium botulinum toxin type a,cilestine,-1
leverap,loperacap,-1
robitussin ex,ribomustin,1
cefepime hydrochloride with l arginine,cefrimed,-1
belfur,sulfur zinc oxide salicylic acid,-1
eloxatin,elcin,-1
eprohab,everbliss 5,-1
perindopril erbumine,promethazine hydrochloride,-1
robikids,rovastatin 40,-1
somex,somazine 500,-1
vitguard c,pediafortan c plus,-1
adisart,adesan,-1
ritusin,ketoconazole zinc pyrithione,-1
cixtor z,factor ix complex,-1
dyvelamer,difflam eucalyptus menthol,-1
invokana,invictuz,-1
aclasta,accellac,-1
triloupe,terlipressin acetate,-1
altovox,altozith md,-1
koselugo,krels,-1
medliptin,redulip,-1
nir ns,iron sucrose,-1
sivab,solivo 10,-1
mucostan,mucovita,-1
ceenovate,clopate,-1
chocoflem,cispollen,-1
deslorastal,ceclor,-1
paraglee,paricalcitol,-1
yucordin,ascortin,1
recombinant human erythropoietin alfa,recombinant hepatitis b vaccine,-1
amnique 5,angipine 5,-1
robitussin ex,robetrix,-1
salbutamol guaifenesin,salbutamol salbutamol sulfate ipratropium bromide,-1
cefoxid,cefuget,-1
nuvert 24,bevert,1
cefepime hydrochloride with l arginine,cefuvin,-1
vitarose,vitz ace,-1
ironsave,iron zinc folic acid cyanocobalamin,-1
nir ns,normak,-1
koselugo,42 glucose 20 lipids emulsion 10 amino acids with electrolytes,-1
isoconazole nitrate diflucortolone valerate,tazogen,-1
risponz,rispernov 1,-1
poten cee,pitanic,-1
krenazol,brinzolamide,-1
avazart,avas,-1
celejys,celecox,1
carboprost tromethamine,carbo plus,-1
esotid 40,esometor 40,-1
fixidrops,fusid,-1
iv pro,ibuprofen phenylephrine hcl,-1
merpetri,morphidex,-1
duvadilan,ob dilan,-1
medcit,medibiotic,-1
metsure,metocard,-1
amlopure 10,aml 10,-1
asterol,azithrocass,-1
chlorsaph,clarisave,-1
stilnox,sitisone,-1
cillox,ciloheme 50,-1
betamethasone dipropionate gentamicin sulfate clotrimazole,betamethasone valerate gentamicin sulfate,1
telarb ccb,tiger balm white,-1
virbez,irbesartan amlodipine besilate,-1
bestricare,boostervit,-1
cyclolux,cyclotrax,1
harvimide,carbimazole,-1
coughlogen,cyclocel,-1
chocoflem,axflam,-1
guaifenesin chlorphenamine maleate phenylpropanolamine hcl sodium citrate ammonium chloride,guaifenesin phenylpropanolamine hydrochloride chlorphenamine maleate sodium citrate,1
linesave,insvex,-1
olopatadine hydrochloride,oleptal 600,-1
riscare odt,rei,-1
adisart,avsar,-1
carac h,care4acne,-1
tocilizumab,taglisyd,-1
micophil,maxcee plus,-1
cenprahep,comprilex,-1
dobutamine,dapotin,-1
albunorm 20,albez,-1
trimaxone,trimacort,1
lisnoxl 10,losangio 50,-1
lonoxie,lewinex,-1
blicyclo 400,blodis 40,-1
natravox,natripine,-1
carboprost tromethamine,carboprost trometamol,1
aminoleban,amixlo,-1
cetraxal plus,cetrikast,-1
gocifime,gicefix,-1
ritusin,retaxime,-1
paracetamol phenylephrine hcl chlorpheniramine maleate,paracetamol guaifenesin hydrochloride dextromethorphan hydrobromide chlorphenamine maleate,-1
curafen,corbimax,-1
monastar,mucosta,-1
metovasc,medivasc plus,1
saphbiotin,saphtifen,-1
micophil,moxivell,-1
synflorix,uniflox,-1
trental,trimetro iv,-1
celabin,calvimin,-1
eurogyl,neurozol 75,-1
olangem od 10,olmesa,-1
rinoease,remux,-1
eurythmic,vertamin,-1
iv pro,ibuprofen,-1
latochek,itcheez,-1
saphmox 500,saphmustin,-1
eurovox,erubixine 10,-1
brospec,barcef,-1
butamirate citrate,betamed,-1
hycid 40,hycid 20,1
afaxor 150,aefox,-1
andros,anti rabies serum equine,-1
cartin,cardimed,-1
lonoxie,inox,-1
aminotrene,aminomyn,-1
solphride,silversaph,-1
angioten,angiogrel,-1
esmolife,escinal,-1
atorzet,atorschwartz 10,-1
cymor 60,joytor 60,-1
cloracef,clircaf forte,1
ceenovit,sannovit,1
klopi,kelogue,-1
ramgesic,ranicid,-1
ramgesic,ranesan,-1
ameval,amplify 405,-1
l aspase,hedera helix l ivy leaf,-1
pecfent,rexofen,-1
tobrasaph,tobracare d,-1
pantozisaph,pantosaph 20,1
candiva v gel,cipro v,-1
amixol,aminoleban,-1
premiliptin plus,premarin,1
bendared,bendipine,-1
tafnext,tapimycin,-1
eurythmic,erythromycin,1
gocifime,gocetam,-1
entyvio,mentopas cool,-1
abisin,appegain advance,-1
sulfur zinc oxide salicylic acid,silver nitrate,-1
broncodam,bronchosal,-1
santron,centrogen advance,-1
irnizet 500,furonix 500,-1
curafen,urabene,-1
tenemax,teno em,-1
pecfent,pacetin,-1
belfur,bolburg,1
rispedin 2,rosufed 20,-1
cillox,cilostazol,-1
eucalyptus oil dementholized mint oil cajuput oil menthol methyl salicylate juniper oil clove oil,diclosil menthol flavor,-1
koxib,diaxib 400,-1
solphride,silvertin,-1
levoxid,levophed sf sulfite free,-1
iselpin,disolvon,-1
doripenem monohydrate,drazone,-1
zinetab,zonetriac,-1
gapaxin,pain gard,-1
duasaph,dcal,-1
oratrime,paratram,-1
valium,valemine,-1
capsuflex,caftop,-1
celcarb,cholecur,-1
robitussin ex,robitussin sinus relief,1
rexta,excita,-1
gentakast 10,gentapro,-1
tamsudin,tamysin 02,-1
iselpin,excelfin,1
bendared,bumed,-1
sitapro,sitfar,-1
zytapram,zynaphar,-1
prosride,prozrich,1
cyclolux,cyclomin,-1
ambisor,ampistar s,-1
lisnoxl 10,eugamma sn 10 inj,-1
albutein 25 solution,alfadine,-1
doxylamine succinate pyridoxine hydrochloride,decilone,-1
risponz,regison,-1
episert,epacor,-1
clostridium botulinum toxin type a,clostin,-1
acalabrutinib,aclor,-1
ritusin,rituximab,1
novataxel 20,novpara s 250,-1
cillox,cloxacillin,-1
metovasc,metoprolol tartrate,-1
duasaph,fiasp,-1
lipisim,levexime 500,-1
panlec,panzel,-1
esotid 40,esoget,-1
prinson,pronas,-1
vitarose,vitac z plus,-1
eprohab,eberubi,-1
medcit,medicifime,-1
santron,senadryl,-1
ceenovit,combidar,-1
finox,furix,1
allergo,allergostop,1
akidin,isdin,-1
celejys,celcoxx,-1
tafnext,rafonex,-1
lupizin,lupigliptin,-1
capsuflex,cefazobas,-1
zetrocyn,zthrosur 500,-1
isoconazole nitrate diflucortolone valerate,isosorbide mononitrate,-1
brinzolamide brimonidine tartrate,burnsil,-1
eucet,excita,-1
flamitin,fluimetrene,-1
tramid,trimetech,-1
cartin,cortimep,-1
diapid,daphix,-1
dyvelamer,deflemin,-1
riscare odt,nicardimeds,-1
ciprosan 3,cypress,-1
dyvelamer,diflonax,-1
curafen,curocent,1
dixspiro,respiro,1
invokana,invega hafyera,-1
harvifer,parafever,-1
ulzim,calcimed,-1
viteron,vitamin b complex iron,-1
triderm,tridogrel,-1
glycinorm 80,glycine max l merr refined soyabean oil,-1
multivitamins and minerals orange flavor,multivitamins fluoride iron see reverse for complete formulation,-1
gesidol,gastalix,-1
esotid 40,exyt 400,-1
acce clav,acce c,-1
gasaide,geocet,-1
medcit,maedix tf,-1
startline 25,starcox,-1
dapazox 10,dapa 10,-1
sidprazole,silver sulfadiazone,-1
ameval,ambilin 1000,-1
zinetab,immutab,-1
zinaf 500,centrapime 500,-1
moxeth 125,mysod,-1
ulzim,ulcomez,-1
vitguard c,vitgen,-1
telcard 20,telsartan,-1
medcit,media expectorant,-1
triloupe,teralev,-1
inoclav,insulin degludec liraglutide,-1
nulong 20,nuelin sr 125,-1
salbutamol guaifenesin,salbutamol,-1
tocilizumab,tycol,-1
merpetri,merrovid,-1
tdlplus,alpelisib,-1
nephrone,neo bromexan forte,-1
neozep,neozefrax,1
khrizvela,khrizemic,-1
oratrime,cortiright 500,-1
clobazam,clavasul,-1
vitacinc,vitex negundo lagundi leaf,-1
metocirc,medogrel,-1
candiva v gel,coumadin,-1
gentaxel 100,gentoxyn,-1
cyclolux,ciclox,1
onsett,geonyst,-1
betzine,bestine,1
immunostan,immunpro teen,-1
xotacil,vitacal plus,-1
retamaxz,retamxcin,-1
ceenovit,celevid,-1
saphbiotin,saphdenos,-1
coughlogen,ciklox,-1
fentare,entresto,-1
zytapram,retapril,-1
clocephen,ulcep,-1
nonacog alfa,consac,-1
pubergen,piperacillin sodium tazobactamas sodium,-1
lykaspetin,lasix,-1
gavlin,guavidone,-1
clocephen,cloxipen,1
bestricare,bactriderm,-1
lisnoxl 10,losangio ht,-1
natravox,nitraphil,-1
asterol,azithromycin monohydrate,-1
betamethasone dipropionate gentamicin sulfate clotrimazole,betamethasone valerate,-1
lipisim,levixam,-1
leverap,lepravir,-1
salbproduo,solphride,-1
katinko ginger patchouli scent,katinko duo relief,-1
xotacil,pediaxil forte,-1
salbproduo,salburex plus,-1
cefogram,cafgard forte,-1
fox balm,foxi,1
neostilex,nektol,-1
pak c,per c plus,-1
sunpant 40,sinuvent,-1
cillox,celixa 400,-1
satcapto 25,setacef,-1
rifampicin isoniazid,rifampisaph,-1
rinoease,ranex,-1
episert,epinor,-1
paraglee,pregalife,-1
emend,bemunat 25,-1
acalabrutinib,asulbac,-1
duvadilan,dafgludin,-1
sterica,strazol,-1
eurovox,neuro bs 500,-1
hydrocortibas,hydrocortisone miconazole nitrate,-1
losacura,l asparaginase,-1
veltezom,vildasure,-1
regizole,ricozole,1
decicord,doccee syrup,-1
muprivex beta,mperi,-1
conchoice,congease,1
cefogram,cefakor,-1
coldrex ppa,celtere,-1
chocoflem,disoflem,1
nir ns,irnizet 100,-1
duomed,xomet,-1
zobrixol,zobrixol ds,1
flamex,fulmox,-1
novataxel 20,novatasone,1
krenazol,tranz,-1
valium,folinic acid calcium folinate,-1
saphtriaxone,saphtrate,-1
fox balm,geocobalamin,-1
nonacog alfa,amucogen,-1
vamcetin,vamox,-1
scheepril,saphril,1
koxib,nykob,-1
sulfur zinc oxide salicylic acid,salbu air,-1
rexta,rosett 20,-1
bestricare,bactrostar,-1
avazart,azacord,-1
sym2,symdiemx,-1
multivitamins mineral buclizine,multivitamin,-1
latochek,lidocaine,-1
gesidol,megadol,-1
neozep,neox er,-1
startline 25,starclav,-1
adisart,atocard,-1
angioten,angivent,-1
immunostan,immunotec z,-1
amiodarone hydrochloride,antrimet,-1
suncetin tab,shincef,-1
gazgo,gazyva,1
avazart,appecare,-1
broncodam,bronchilax,-1
nir ns,iron sucrose iron iii hydroxide sucrose complex,-1
progefil,pregvit ob,-1
cyclolux,cyclodine,-1
iselpin,phigliptin 100,-1
prosride,paracure,-1
cloracef,chlorhexidine gluconate isopropyl alcohol,-1
glycinorm 80,glucomin,-1
ole,voleca,-1
peprazom,piperacillin sodium tazobactam sodium wfi,-1
c vita zn,c zin,1
nonacog alfa,neonco,-1
lupizin,levizam 500,-1
rhedin 75,reinin,-1
cistovent,castein,-1
gesidol,resdil,-1
eurolac,ferrolic,-1
albunorm 20,alventil plus,-1
teramol,ermoloc,-1
santron,sanitary green oil,-1
femaron ob,imarem,-1
premiliptin plus,primol,-1
tafnext,tranexell,-1
cylocortix,celcarb,-1
vildus,vildagliptin metformin hcl,-1
femaron ob,neumeron,-1
tai chi ginger,tazidem,-1
carboprost tromethamine,carbocyl,-1
cixtor z,acetor,-1
capsuflex,cefusaph,-1
dabigatran etexilate,dipsotrex b,-1
robikids,robust t,-1
latochek,lithrocal,-1
vertasanz,vertikind 24,-1
choicesulin,cisplatin,-1
avazart,vivasartan plus,-1
fox balm,fosfo,-1
aminotrene,amint 10,-1
abisin,avastin,-1
blanc white,blomes,-1
cenprahep,camphor dementholized mint oil eucalyptus oil menthol,-1
iselpin,dioslife 1000,-1
conchoice,congestapp,-1
loragen plus,lourxime,-1
epotin,septin,-1
pubergen,lubrex,-1
loragen plus,lorban,-1
azurin,azcornate,-1
peprazom,geoprazole,1
nir ns,normix,-1
medliptin,metalife,-1
ultra d,ultrascent oil liniment,-1
rocuronium bromide,romeron,-1
cefepime hydrochloride with l arginine,cefupen 750,-1
bupivaxine iso,biphasic isophane insulin rdna,-1
harvifer,bravifo,-1
gasmodic,gozinat iv,-1
mertazine,ertax,-1
novamet,novazith,-1
dixspiro,isopropanolol benzalkonium chloride,-1
gmet 1000,xomet,-1
bestricare,bicatero 50,-1
morvicor,merobest 1000,-1
ifosfaget,ibusoft 400,-1
scheepril,eperilife,-1
suncetin tab,cancetab,1
bdmero 1000,budmed,-1
koselugo,diclosafe forte,-1
sirdalud,skindal,-1
epotin,gepotin,1
dapazox 10,dipiglo 10,-1
losargard,losartan potassium amlodipine camsylate,-1
azurin,axaring rl,-1
clopend 75,clofenova,-1
ambical,ampicelo 500,-1
diapid,dypita,-1
cortizol,cortipro,1
eucalyptus oil dementholized mint oil cajuput oil menthol methyl salicylate juniper oil clove oil,highly refined fish oil,-1
eurovasc 10,erlocip 100,-1
immunostan,immunosure,1
jon c,bylo c 1000,-1
krenazol,kenamic,-1
guaifenesin chlorphenamine maleate phenylpropanolamine,guaifenesin dextromethorphan,-1
pubergen,ciprogen,-1
paraglee,proglitab mr 30,-1
doxylamine succinate pyridoxine hydrochloride,duosulin r,-1
natravox,nutriflex lipid peri,-1
muprivex beta,mupirocin betamethasone dipropionate,-1
coldrex ppa,clotrimazole beclometasone dipropionate gentamicin sulfate,-1
losacura,losastal a 110,-1
sivab,sipra,-1
koselugo,seaclox,-1
olopatadine hydrochloride,clopidrel,-1
fevergan,fevere,-1
prosride,paracetamol tramadol hydrochloride,-1
efamed,epifed,-1
sitapro,sitaguard 50,-1
metsure,medcort,-1
harvifer,herbavomitz,-1
premiliptin plus,predhil,-1
eurolac,euramox,-1
diapid,diabeticare b,-1
salbutamol guaifenesin,salbutamol sulphate ipratropium bromide,-1
accetaxime,actos,-1
heparin sodium,hyper moist,-1
ziac,zonia 5,-1
blicyclo 400,bewell c kids syrup,-1
cenprahep,centrabez,1
altovox,altovast,1
riscare odt,icard iv,-1
sanpara,sunipraz,-1
levohab,levofloxacin hemihydrate,-1
novarox 10,novpara s 250,-1
bactier,bactropen plus,-1
nir ns,transderm nitro 5,-1
doripenem monohydrate,norfine,-1
gentaxel 100,gentop 100,-1
koselugo,decolgen forte 325,-1
vitaplex b,vit bi,-1
vagclr m,vaneular,-1
celcarb,celgro s 2,-1
fever nil 200,faverach,-1
saphtriaxone,saphtracin b,-1
trental,trimotol,-1
progefil,pregabalin methylcobalamin,-1
xozid,xycod,-1
candiva v gel,candifen,1
paraglee,prazolife,-1
valium,v lief,-1
dextromethorphan hydrobromide guaifenesin,dextromethorphan hydrobromide chlorphenamine maleate,1
novazithro,novestrol,-1
bactier,bactroxime ds,-1
ad c plus,gut c plus,-1
furojo,terbinafine hydrochloride mometasone furoate,-1
dextricyl,dextran 70 hypromellose,-1
clocephen,clomep,-1
novazithro,novaxameth,-1
yucordin,isordil,-1
adisart,avazart,1
eurogyl,eurozyllin 500,1
plone 5,glemont ct 5,-1
vildus,vildaluna,-1
iv pro,ibuprofen orange flavor,-1
glysolin 3070,gliklant,-1
ramgesic,anagic,-1
vitarose,vitarap,1
aminotrene,aminosteril infant,-1
co aleva,colav 457,-1
sidprazole,stivarga,-1
co aleva,colb,-1
telarb ccb,tagraf,-1
aminotrene,amoxitrene,1
urazole,furazolidone,-1
vitacinc,vitex negundo l lagundi leaves,-1
onsett,amnoset,-1
nonacog alfa,mon g c,-1
golfen 400,glizen 30,-1
omebloc 20,omep z,-1
recombinant human erythropoietin alfa,human papillomavirus vaccine types 6 11 16 and 18 recombinant adsorbed,-1
rispedin 2,rispesaph 2,-1
rinoease,zinas,-1
irnizet 500,ironsave,-1
fina 5,finflow 5,-1
sidprazole,sitapro,-1
biolipy,bilwin 20,-1
finox,fenocron,-1
montrizin,trimin,-1
telarb ccb,tlc vita ob,-1
flamex,flamigen,-1
carvemax,carpenem 500,-1
brospec,broxoflem,-1
blumea balsamifera l dc sambong leaf,l alanyl l glutamine,-1
astiget,actosmet,-1
klopi,klaviran,-1
lonoxie,lomeane,-1
cyclolux,cyclostad,-1
pecfent,coxafen,-1
sym2,shan 5,-1
plenacyl 600,pletaz,-1
broncodam,broncocil,-1
nulong 20,epinozal od 20,-1
paracetamol phenylephrine hcl chlorpheniramine maleate,paracetamol diphenhydramine,-1
gasaide,gastrim,-1
broncodam,bronchomide,-1
gavlin,livolin forte,-1
plone 5,balanced multiple maintenance solution with 5 dextrose,-1
latochek,letrogen,-1
deconsaph plus,doxonish 50,-1
tdlplus,telmlospar 85,-1
olopatadine hydrochloride,gliptadin 50,-1
cofzol cs,cefazolin sodium,-1
levohab,levobet,-1
teralev,terlisartan,-1
ifosfaget,episave,-1
pecfent,pospenem,-1
losacura,lilasartan,-1
pak c,paracy,-1
paraglee,praxol,-1
ascor kid,ascorgen plus,-1
andros,anatero,-1
betamethasone dipropionate gentamicin sulfate clotrimazole,betamethasone dipropionate salicylic acid,-1
clariglob,carfilzomib,-1
progefil,pregab,-1
inoclav,insuljack r,-1
natravox,nitrofurantoin,-1
vildus,vildalion m 1050,-1
zdonate,betamethasone dipropionate salicylic acid,-1
teralev,erilife,-1
vostrin,vasatraz,-1
nir ns,irnizet 500,-1
astiget,actcee plus,-1
guaifenesin chlorphenamine maleate phenylpropanolamine hcl sodium citrate ammonium chloride,guaifenesin salbutamol sulfate,-1
dabigatran etexilate,dibizide m,-1
zyklor,baclor,-1
hydrocortibas,hydroxyzine hydrochloride,-1
medcit,mediclean,-1
furorad,furo,-1
isoconazole nitrate diflucortolone valerate,vasocon,-1
cenprahep,camphor chlorbutanol clove oil creosote phenol liquid,-1
femaron ob,fentamar,-1
ultra d,ultraplex,-1
lisnoxl 10,lisnoxl,-1
moxeth 125,oxyt 5,-1
pak c,pure cee,-1
heparin sodium,abrin,-1
recombinant human erythropoietin alfa,rosumibe,-1
valugan,valatan plus,1
paracetamol phenylephrine hcl chlorpheniramine maleate,paracetamol caffeine,-1
paraglee,proglitab mr 60,-1
stilnox,stadin,-1
khrizvela,khriz sulpho,-1
neovite,tovit,-1
ole,omeyou,-1
cistovent,cisget,-1
diapid,diozide,-1
trimaxone,tranexamic acid mefenamic acid,-1
somex,scimox,-1
claribid,chlorphenamine maleate phenylpropanolamine hydrochloride,-1
femaron ob,finerenone,-1
broncodam,broncaire expectorant,-1
eurovox,nervx,-1
choicesulin,chymcel,-1
bupivaxine iso,biphasic isophane human insulin 5050 recombinant dna,-1
esotid 40,esita,-1
carac h,carcirub 10,-1
phenylpropanolamine hcl,phenylpropanolamine hydrochloride chlorpheniramine maleate paracetamol,1
rexta,rezotam,-1
risponz,risperdal consta,-1
tai chi ginger,tigecare,-1
plone 5,oleanz odt 5,-1
tramid,trimitamol,-1
salbproduo,solbriz,-1
aminoleban,aminoden,-1
katinko ginger patchouli scent,katinko peppermint oil,-1
pred forte,per c plus forte,-1
novazithro,novacetrin,1
risponz,rejuvon ob forte,-1
gastropem,gastrec 20,-1
capddpca 4,captoprix,-1
rocemed,rexmecef 200,-1
fixidrops,fusiderm,-1
onsett,omegut,-1
eprohab,epirubicin,-1
glucosamine sulfate scutellaria baicalensis baikal skullcap root extract acacia catechu catechu heartwood extract,glucusuria,-1
angeliq,anagrelide hydrochloride,1
fever nil 200,fevlon,-1
dinclav,duoxiclav,-1
levizam 500,levoxin,-1
candiva v gel,lyndavel,-1
jon c,thione cee,-1
olopatadine hydrochloride,clopate,-1
oratrime,oral rehydration salt,-1
riscare odt,tazret,-1
entyvio,endoprost,-1
synflorix,winaflox,-1
levohab,levofloxacin,-1
dextricyl,dextromethorphan hydrobromide,-1
gastropem,gastrodia elata bl tall gastrodia tuber extract,-1
loragen plus,loraget,1
riscare odt,iksharti,-1
virbez,irbeq 300,-1
candiva v gel,chloro v,-1
pak c,royale c,-1
lewinamic,lumemox d,-1
koselugo,coughlogen,-1
cefuroxime axetil clavulanate potassium,cefreexime,1
riscare odt,proscar,1
fixidrops,fucid,-1
glycinorm 80,galcinar,-1
eurogyl,eurozart plus,-1
immutrax,intraplem,-1
telarb ccb,claribax,-1
vitaplex b,vitamin b complex choline bitartrate inositol,-1
valium,vita m,-1
ingesta for adults,ingesta,-1
saphbiotin,apo tin,-1
cefogram,cefoperazone sodium,-1
neurotrene 300,neurocare,-1
clopidogrel bisulfate aspirin,clopidra,1
zinetab,zindal,-1
acalabrutinib,maxclav,-1
efamed,capomed ds,-1
pralec,pramexol 025,-1
bactier,bacterase,-1
klarmyn,klarid,-1
robikids,robivit,1
regizole,regisev,-1
prosride,paracetamol phenylephrine hydrochloride,-1
cofzol cs,cefexil,-1
duvadilan,duvadrine,1
trimaxone,tramaze,-1
stilnox,staldol,-1
multivitamins mineral buclizine,multivitamin mineral lecithin korean ginseng aloe extract,-1
riscare odt,nicardin,-1
propicillin,profocent,-1
vertasanz,vertegra,-1
novamet,neuromet,-1
ceftibet,ceftadime,-1
asterol,asetron,1
atorzet,atrozole,-1
hydrocortibas,hydroxal,-1
iron equivalent to 250 mg ferrous sulfate dried,iron folic acid cyanocobalamin,-1
allergo,alerix,-1
triloupe,tri alzor,-1
tsartan 40,vazortan 50,-1
aclasta,amlostan,-1
sitaglinex,sitagliptin phosphate monohydrate metformin hydrochloride,-1
zyklor,tiglor,-1
celejys,cool eyes,-1
santron,sumatriptan succinate,-1
fusedex,fusidane,1
gasaide,gesidol,-1
tobrasaph,tobramycin sulfate,-1
glucosamine sulfate scutellaria baicalensis baikal skullcap root extract acacia catechu catechu heartwood extract,glucose amino acids electrolytes purified soy bean oil,-1
darzalex sc,dinclar,-1
levizam 500,levo cm,-1
herbamed,herbavomitz,-1
novamet,neo penotran forte,-1
telarb ccb,tiger balm liniment,-1
heparin sodium,hepuri,-1
rinoease,ramec,-1
flamex,flumuhex,-1
bligem,bagogem,-1
zytapram,zydefer,-1
klarmyn,klaricid od,-1
glucosamine sulfate scutellaria baicalensis baikal skullcap root extract acacia catechu catechu heartwood extract,glucozncal,-1
emend,enbid,-1
dibavit,dbrite,-1
irnizet 500,iron sucrose iron iii hydroxide sucrose complex,-1
resaire,reax,-1
fixidrops,fildrocin,-1
zobrixol,zovirax,-1
duasaph,duox,-1
pecfent,pecof,1
linesave,lyndavel,-1
fusedex,fusidic acid hydrocortisone,-1
celetor 200,clotrimazole beclometasone,-1
heparin sodium,hypharin,1
vitarose,venrose,-1
multivitamins and minerals orange flavor,multivitamins herbs choline bitartrate alpha lipoic acid coenzyme q10 lycopene,-1
zyklor,zyclovir,1
tored 10,telday 40,-1
amiken,amikacide,-1
totilac,infiobiotic,-1
leverap,levosaphzine 5,-1
scheepril,spirolin,-1
xovax,xyphix,-1
medcit,medvit ob,1
propicillin,privigen,-1
rhinozal plus,nozal,1
lewinamic,lemon cee,-1
sanpara,sompraz iv,-1
zobrixol,lobrix,1
ceftibet,ceft,-1
lipisim,lipid emulsion amino acids w electrolytes glucose,-1
riscare odt,nicardipine hydrochloride,-1
gasaide,gastrigel,-1
verist 16,valstan 160,-1
amnique 5,amio,-1
celabin,clopinav,-1
tarlonib 25,tral,-1
tetrahydrozoline hcl,buclizine hcl multivitamins minerals see formulation on reverse side,-1
xozid,xigduo xr,-1
bligem,bellaskin,-1
glucosamine sulfate scutellaria baicalensis baikal skullcap root extract acacia catechu catechu heartwood extract,glucose amino acids electrolytes lipid,-1
losargard,losarkip 100,-1
clocephen,chlorphenamine maleate phenylpropanolamine hydrochloride,-1
aclasta,paclisanz,-1
gentaxel 100,gentam,-1
prinson,promizole,-1
surinem 1000,mornem,-1
gocifime,g cob,-1
avazart,avsar,1
clobazam,clavuclav,-1
nephrone,nepromin,1
suncetin tab,sensitrin,-1
scheepril,severin,-1
avazart,avax,-1
invokana,inoby,-1
blicyclo 400,blicid,1
robitussin ex,robitussin,1
ingesta for adults,fungysta,-1
fevergan,fevral forte,-1
euroferron,neurofron forte,1
choicesulin,cefsul,-1
bdmero 1000,beuden,-1
micophil,mucopolysaccharide polysulfate,-1
dibavit,dipeptiven,-1
gmet 1000,gemaccord 1000,-1
goutrol,choltrol,-1
zytapram,sitapro,1
flamex,flamacox,-1
ketorine,kethram,-1
duvadilan,diphtheria and tetanus vaccine adsorbed,-1
licegone,legalon,-1
amnique 5,anexa,-1
mcson scent,micoson,1
zophizole,hovizol,1
tenemax,tarnax,-1
ulzim,relzin,1
micophil,mecobalamin,-1
paracetamol phenylephrine hcl chlorpheniramine maleate,paracetamol phenylephrine hydrochloride chlorphenamine maleate,1
pubergen,peprazom,-1
panto plus,pantro,-1
cefoxid,cefxitrix,-1
dibavit,dialiptin 50,-1
losargard,losarcure,1
novataxel 20,novarox 20,-1
levohab,levophed sf sulfite free,-1
akidin,acteinsaph 600,-1
onsett,danaset,-1
angioten,amizit,-1
clopend 75,clopinav,-1
solphride,glipride,1
doxycycline hyclate,diclox,-1
iron equivalent to 250 mg ferrous sulfate dried,iron b flex,-1
choicesulin,clozil,-1
retamaxz,retavacyl 228,-1
ibuprofen,ibuphen,1
monastar,mucostan,-1
sitrizine,strasimet,-1
chocoflem,cisflem,-1
dixspiro,isopropanol n propanol mecetronium ethylsulfate,-1
astiget,acticare ob,-1
atorzet,atorcad,1
metxr 500,centrapime 500,-1
isoconazole nitrate diflucortolone valerate,isonoin 20,-1
cefogram,ceflor,-1
zinetab,zinceevit d,-1
zyklor,dichlorobenzyl alcohol amylmetacresol,-1
dixspiro,d supreme,-1
pralec,preloc 75,1
emend,ecmetrix,-1
oratrime,erythromycin stearate,-1
eurythmic,epoetin alfa recombinant human erythropoietin,-1
fusedex,fastgenic,-1
triderm,traver,-1
perindopril erbumine,perindopril arginine indapamide,1
omebloc 20,zenobloc 50,-1
tres,triax 1,-1
zophizole,zifclor,-1
fixnar,faclor,-1
conchoice,conzace,1
sterica,sterizol,1
scheepril,cephoral,-1
neozep,neo cee plus,-1
ad c plus,alcoplus,-1
allergo,alleright,-1
effertab,effer c kids,1
startline 25,starcef,-1
fentare,femmitron,-1
metsure,medogrel,-1
biolipy,bellis,-1
novataxel 20,entax 20,-1
losacura,losastal a 105,-1
naflax,reflaxid,1
sitrizine,steri q,-1
stilnox,setrion,-1
vitarose,vitalux plus,-1
renalog,renacord 30,1
celejys,cloxacillin sodium monohydrate,-1
nir ns,nirmatrelvir ritonavir,-1
santron,homatropine hydrobromide,-1
katinko ginger patchouli scent,katinko lavender,-1
teralev,tenoliv,1
mistacor am,histacort,1
eloxatin,electrolyte solution,-1
natravox,nitrofix sr,-1
ad c plus,hav c for teens,-1
sulfur zinc oxide salicylic acid,silver sulfadiazone,-1
lykaspetin,laxease,-1
licegone,lysozyme cetylpyridinium chloride lidocaine hydrochloride,-1
methyxale 500,metglipt,-1
welnano,lenangio 10,-1
santon,nitrofurantoin,-1
trimaxone,trimic,-1
accetaxime,asthakler,-1
celetor 200,clotrimazole beclomethasone dipropionate,-1
andros,andrecep,-1
lykaspetin,losa speed 100,-1
iron equivalent to 250 mg ferrous sulfate dried,ironsave,-1
metsure,medcurom,-1
zophizole,tapazole,-1
allergo,aller cm,-1
tres,trexin,-1
vitaplex b,vitamin b complex inositol choline bitartrate,-1
zobrixol,zopralix,-1
deconsaph plus,doxinex,-1
guaifenesin chlorphenamine maleate phenylpropanolamine hcl sodium citrate ammonium chloride,guaifenesin sodium citrate dextromethorphan hydrobromide,-1
pecfent,dexofen,-1
ambisor,ampisave 500,-1
capsuflex,cabcef,-1
fixnar,foskina,-1
retazar,retacloz,-1
sitapro,sitiformin,-1
vancocym,vancoget 500,-1
fever nil 200,feofer,-1
pralec,pearly c,-1
mistacor am,mistol,-1
novthasone,norethisterone enanthate estradiol valerate,-1
medcit,medcortin,-1
clopend 75,clobon,-1
khrizvela,khrizgesic,-1
adisart,adiac,-1
dyvelamer,difflam raspberry,-1
ulzim,melzin,1
cyclolux,cyclophosphamide monohydrate,-1
maxitrol,mistrodiol,-1
brinzolamide brimonidine tartrate,burnzine,-1
oratrime,oroderm facial solution,-1
lykaspetin,laxagen,-1
krenazol,krels,-1
nonacog alfa,anagic,-1
rinoease,finox,-1
novamet,nanomet,-1
premiliptin plus,parmol,-1
multivitamins and minerals orange flavor,multivitamins iron calcium,-1
flamitin,flamilium,1
trimaxone,trianix,-1
nonacog alfa,angiogen,-1
fevergan,feveraide,-1
eucet,ezetimibe,-1
ezitin,epoetin alfa recombinant human erythropoietin,-1
omepace,omeprex,-1
accexime,ascozin,-1
lonoxie,lenoxa,1
remol 240,aemol,1
cyclolux,caxol,-1
riscare odt,diucard,-1
ramgesic,ranical,-1
hydrocortibas,hydrex,-1
accetaxime,bactixime,1
carac h,para 1g,-1
khrizvela,khrizstatin 40,-1
blumea balsamifera l dc sambong leaf,multivitamins l carnitine lysine hcl zinc biotin inositol taurine cgf,-1
risponz,respimax,-1
dabigatran etexilate,dabiqx,-1
glucosamine sulfate scutellaria baicalensis baikal skullcap root extract acacia catechu catechu heartwood extract,glucose amino acids electrolytes lipids,-1
rexta,rexithro,-1
nephrone,napromed,-1
dinclav,dincef,1
alltrex,aletor,-1
ceenovate,cenact,-1
eucalyptus oil dementholized mint oil cajuput oil menthol methyl salicylate juniper oil clove oil,ascof forte menthol flavor,-1
glysolin 3070,gloclav,-1
gesidol,rexidol forte,1
flamex,flammacerium,-1
gmet 1000,gentop 100,-1
alltrex,aldara,-1
eucalyptus oil dementholized mint oil cajuput oil menthol methyl salicylate juniper oil clove oil,essence eucalyptus,-1
euroferron,neuropro,-1
cetraxal plus,cetirex ld,-1
chlorsaph,chlorhexidine gluconate isopropyl alcohol,-1
plone 5,olanzgrand 5,-1
eurovasc 10,eurofen,-1
bezogen,buscozens,-1
satcapto 25,saphceevit 45,-1
invokana,infusmart,-1
linesave,lansoprazole,-1
immunostan,immuncell c,-1
saphtriaxone,saphdramine,-1
sitaglinex,sitagliptin monohydrate phosphate metformin hydrochloride,-1
lewinamic,lenangio 15,-1
pubergen,pluragen,1
dapazox 10,diaprax,-1
triderm,tramir,-1
suncetin tab,san xitin,1
amlo med 5,amlosave 5,-1
vildus,vildaxil plus,-1
gentaxel 100,gentacid,-1
novamet,novacetyl 600,-1
celabin,colvan,-1
omepace,omepsol,-1
ambical,ampicillin trihydrate,-1
retamaxz,retavacyl 125,-1
vitguard c,vita zace,-1
cillox,flox,-1
bluemedzole,salmed,-1
metovasc,meto,-1
bactier,bactreat,1
lipisim,lifeozinc,-1
cenprahep,centrapime 500,-1
omepace,omnipaque,-1
mucostan,mucozisteine,-1
ad c plus,ascorbic acid vitamin c zinc,-1
dibavit,dafzith,-1
rocuronium bromide,regeron e plus,-1
gasmodic,geoxime ds,-1
saphtriaxone,savephrine,-1
gentaxel 100,gundisaph s300,-1
andros,amidrex od 4,-1
glysolin 3070,glychlor,-1
petroleum jelly,bptrol,-1
novarox 10,naprox,-1
altovox,aletor,-1
clobazam,clavisar,-1
biopril,biopyrex 01,-1
vamcetin,vancin,-1
jon c,rani c effe,-1
eurythmic,ertax,-1
merpetri,marvit,-1
glysolin 3070,glycerol,-1
ramgesic,guimgesic forte,1
broncodam,broncho vaxom,-1
valugan,valaciclovir hydrochloride,-1
monastar,ponstan sf 250,-1
fixidrops,factor viii inhibitor bypassing activity,-1
pred forte,predyl,-1
angioten,ansed,-1
acicare,coxicare,-1
sidprazole,siti furose,-1
dibavit,diaphovin,-1
eloxatin,ebastine,-1
co aleva,alevio,1
bezogen,biogesic 325,-1
blumea balsamifera l dc sambong leaf,balmax,-1
losargard,losark,-1
metsure,modexcare,-1
amiken,amikacy 50,-1
capddpca 4,ciptid,-1
guaifenesin chlorphenamine maleate phenylpropanolamine hcl sodium citrate ammonium chloride,guaifenesin dextromethorphan,-1
blanc white,katinko soft white,-1
salbutamol guaifenesin,salbo,-1
dixspiro,diosper,-1
amiken,ams,-1
progefil,perzo,-1
sunpant 40,snaps,-1
ifosfaget,mupisoft,-1
medliptin,methylprednisolone acetate,-1
premiliptin plus,parenlife,-1
guaifenesin chlorphenamine maleate phenylpropanolamine hcl sodium citrate ammonium chloride,guaifenesin sodium citrate,-1
folifron ob,folivin,-1
eucet,lecit e 200,-1
tdlplus,triplessin,-1
novarox 10,naproxen sodium omeprazole,-1
natravox,nutribone,-1
tocilizumab,tozul,-1
amnique 5,fina 5,-1
krenazol,irnocel,-1
duasaph,diassium h,-1
vancocym,vancoson 1000,-1
deslorastal,aclor,-1
multivitamins and minerals orange flavor,multivitamins amino acids,-1
yucordin,hycort,-1
eurovox,euroferron forte,-1
sunpant 40,sumapen,-1
petroleum jelly,cetrolix,1
peprazom,eprozem,-1
gavlin,nuevallin,-1
carac h,criza,-1
cenprahep,camperten,-1
clonigen,climaxin,-1
jon c,zincovit c,-1
clonigen,claneksi,-1
afaxor 150,axasoar 5,-1
trental,trimetazidine hydrocloride,-1
carac h,caroza 40,-1
trane west,trap,-1
latochek,latosil,1
heparin sodium,tobramycin sulfate dexamethasone sodium phosphate,-1
rispedin 2,rexvidone,-1
iv pro,ibuparex t,-1
neovite,pov it,-1
iron equivalent to 250 mg ferrous sulfate dried,iron ferric carboxymaltose,-1
robitussin ex,rapid c plus forte,-1
nulong 20,olangem od 20,-1
petroleum jelly,cetrilife,-1
avertin,apretude,-1
levizam 500,levocin,-1
oratrime,cortiright 250,-1
khrizvela,khrizdipine 10,-1
koxib,kairoxib,-1
pharzole,proglitab mr 30,-1
resaire,neo sar,-1
biopril,hypril,1
doripenem monohydrate,darifenacin hydrobromide,-1
guaifenesin chlorphenamine maleate phenylpropanolamine,guaifenesin dextromethorphan hbr,-1
vfresh aromatherapy green tea,veruzor,-1
blanc white,balanced salt solution,-1
ibuprofen,ivabrox,-1
eurovox,eurofer iron,-1
peprazom,naproxen sodium omeprazole,-1
levoxid,levocarnitine,-1
viteron,vitagene,-1
esmolife,axemol iv,-1
irnizet 500,formigen 500,-1
acce clav,alclav,-1
koselugo,kosimox 6,-1
alnix plus,circom b plus iv,-1
sterica,steri q hand cleanser,1
telarb ccb,tykerb,-1
fevergan,efergen,1
zinetab,paintab,-1
retazar,retair r,-1
ifamso,guaifenesin salbutamol,-1
ambical,ampicare,-1
ingesta for adults,insuget 7030,-1
dobutamine,dobusan,-1
diavin 500 xr,dobumax,-1
acce clav,aceclo x,-1
nir ns,provexel ns,-1
progefil,pregabagen,-1
cartin,cardigen,-1
morvicor,maricoxia 120,-1
fevergan,fevertab plus,-1
glucosamine sulfate scutellaria baicalensis baikal skullcap root extract acacia catechu catechu heartwood extract,glucosil,-1
startline 25,starhex 240,-1
amiodex,antazoline hydrochloride tetrahydrozoline hydrochloride,-1
sunpant 40,sunvas 40,1
lipisim,levexime,-1
scheepril,saphrolac,-1
zdonate,zudonas,1
pred forte,forte b,-1
triloupe,true cee premium,-1
deslorastal,disolf,-1
ole,joyola,-1
episert,epicare,-1
vfresh aromatherapy green tea,varoxan,-1
klarmyn,klaryth,-1
viteron,vitex negundo lagundi leaf,-1
adisart,adosal,-1
heparin sodium,mephrin,-1
fungsoft,fenofibrate simvastatin,-1
saphbiotin,septin,-1
chocoflem,coxapill 400,-1
premiliptin plus,primolut n,1
andros,amiodarone hydrochloride,-1
iron sucrose ferric hydroxide sucrose complex,alivet iron,-1
nephrone,nephromin,1
amiodex,antaxid,-1
cefepime hydrochloride with l arginine,cefitome,-1
vostrin,vestar,-1
prinson,pramiz,-1
sym2,symero,-1
blumea balsamifera l dc sambong leaf,multivitamins minerals amino acids vitis vinifera l grape seed,-1
aclasta,aciloc,-1
ziac,nyszac,-1
dobutamine,dobutax,1
olangem od 10,olmax 40,-1
darzalex sc,danazol,-1
rinoease,rasec,-1
vamcetin,lamicdin,-1
zophizole,apzole,-1
bligem,blesanumb,-1
lupizin,lefoxin,-1
losacura,losaspeed 50,-1
vitacinc,vitamin b complex c,-1
zyklor,caglor,-1
zolefon,zole done,1
prosride,paracetamol phenylpropanolamine hydrochloride,-1
guaifenesin chlorphenamine maleate phenylpropanolamine,guaifenesin sodium citrate,-1
gentakast 10,gentagem,-1
pubergen,piprazin,-1
iron equivalent to 250 mg ferrous sulfate dried,brumox 250,-1
fevergan,fevorica 40,-1
alltrex,aldromet,-1
efamed,cefpomed,-1
amiodarone hydrochloride,andrazole,-1
duomed,diufed,-1
nulong 20,fulmox,-1
moxeth 125,mezo,-1
xovax,co avox,-1
panto plus,pantoprazole sodium sesquihydrate domperidone,-1
endurpin,enduprin,1
novazithro,neovis,-1
omebloc 20,omephil 20,-1
pred forte,fortipred,1
saphbiotin,saphtinamine plus,-1
zytapram,zolpra,-1
brospec,brixephrine,-1
dabigatran etexilate,dabigatran etexilate mesylate,1
accexime,acteine,-1
afaxor 150,apocartin 150,-1
mistacor am,micotran,-1
mertazine,meditaz,-1
jon c,bone cee,1
harvimide,morphine hydrochloride,-1
vostrin,valdorin,-1
xozid,diosid,-1
bestricare,bactroxime,-1
licegone,micozine,-1
akidin,actinerve forte,-1
abisin,appeczin,-1
pred forte,pardopa,-1
fevergan,fevernil 250,-1
dinclav,wincolax,-1
vagclr m,vg per c plus,-1
altovox,altoprin,-1
furorad,formoterol fumarate,-1
cloracef,clircaf,1
tafnext,tarnax,1
sanpara,sanfur 500,-1
ifosfaget,ibusoft,-1
finox,fenostat,-1
vitarose,vitamace,-1
xozid,coxido 90,-1
ulzim,valzimox,1
dabigatran etexilate,dayvigo,-1
alco katinko,alkacel,-1
licegone,laxagen,-1
valugan,valazyd am 10160,-1
belfur,blueprazole,-1
cymor 60,cemax,-1
lisnoxl 10,lisinopril,-1
spivar,bupibaric,-1
brinzolamide brimonidine tartrate,branka,-1
vamcetin,vamcee,1
tafnext,tranexamic acid,-1
clopida,cleovate,-1
oratrime,oral rehydration salts,-1
telcard 20,telsitan 20,-1
cillox,cilosol 50,-1
blanc white,blincocin,-1
ad c plus,hav c for kids,-1
iron equivalent to 250 mg ferrous sulfate dried,iron folic acid,-1
esotid 40,esotec,1
bupivaxine iso,biphasic isophane insulin human recombinant dna origin,-1
afaxor 150,apocartin 450,-1
astiget,actacil,-1
neurotrene 300,neumodrop,-1
multivitamins mineral buclizine,multivitamins,-1
ambical,ambikacin 100,1
diapid,diahist,1
olangem od 10,olanzgrand,-1
acalabrutinib,axa levo,-1
startline 25,sethair duo,-1
nuvert 24,nuvert,-1
ironsave,irino,-1
medcit,medichlor,-1
gentakast 10,gentocin,-1
herbamed,herpex,-1
retamaxz,retamycin,-1
mistacor am,mightee cee,-1
lisnoxl 10,logimax,-1
zdonate,betamethasone,-1
eurythmic,durotam,-1
clopend 75,clavmentin 625,-1
levizam 500,levotam 750,1
neostilex,n acetyl aspartyl glutamic acid sodium salt,-1
ingesta for adults,vancomycin hydrochloride 1 g powder for solution for injection iv,-1
retazar,retagast plus,-1
vagclr m,vaxigrip tetra,-1
xovax,rovas 10,1
deconsaph plus,asenza plus,-1
gocifime,gisfen,-1
amiodarone hydrochloride,ambroxol hydrochloride,-1
co aleva,choliva,-1
lipisim,lipid emulsion amino acid electrolytes glucose,-1
golfen 400,carbamal 400 cr,-1
fixnar,fexnova,-1
tocilizumab,ciclox,-1
celejys,cilzec a,-1
pak c,per c plus d,-1
santron,anatero,-1
curafen,carbamazepine,-1
lipisim,lepsio,-1
sidprazole,sedafol,-1
leverap,levomepromazine maleate,-1
coughlogen,cyclostad,-1
dibavit,dialiptin 25,-1
perindopril erbumine,prend,-1
belfur,belphrine,1
lanzaph,lanzomep,1
sunpant 40,simponi aria,-1
duomed,guiamed,-1
fungsoft,fungysta,-1
linesave,linmervast 20,-1
furorad,furmid,-1
micophil,mecobalzone,-1
plenacyl 600,poly mxb,-1
euroferron,neuroforte plus,-1
ibuprofen,iroferron,-1
celabin,calpine,-1
iv pro,ivapro 75,1
cefogram,cefucura,-1
ceenovate,lenvatinib mesylate,-1
acalabrutinib,azolv,-1
cefoxid,cobiokids,-1
neurotrene 300,neurothix,1
fixidrops,follitrope,-1
vostrin,vastazine,-1
carboprost tromethamine,carbalor,-1
levohab,levofloxacin hemihydrate dexamethasone sodium phosphate,-1
linesave,linaglife,-1
naflax,oflaz,1
ingesta for adults,dienogest,-1
salbproduo,silver sulfadiazine cerium nitrate,-1
novarox 10,efrox,-1
tarlonib 25,peritoneal dialysis solution with 25 dextrose,-1
gastropem,gastrim,-1
sulfur zinc oxide salicylic acid,salicylic acid,1
robitussin ex,rapidax,-1
rocuronium bromide,acurium,-1
tacrostal 1,tacrotec,-1
iselpin,oxaliplatin,-1
doxylamine succinate pyridoxine hydrochloride,dexollen,-1
levohab,levephase,-1
ziac,bac 10,-1
levipil 750,lupibile,-1
duomed,doxid,-1
telcard 20,elzar 40,-1
peprazom,opraz,-1
folifron ob,folixir,-1
levipil 750,levofloxacin hemihydrate dexamethasone sodium phosphate,-1
euroferron,eurocor,-1
cartin,cardionid,-1
tocilizumab,ciklox,-1
tenemax,trenaxin,-1
rexibile,regabalin,-1
vagclr m,acular,-1
skinoren,shinapen,-1
virbez,irbeq 150,-1
sterica,stresstabs energy men,-1
prosride,porsrose,-1
amikacy 250,amgesic,-1
efamed,ebastine betamethasone sodium phosphate,-1
dextricyl,dextromethorphan hbr phenylephrine hydrochloride paracetamol,-1
triloupe,triasop,-1
accexime,accoquin,-1
medliptin,midol,-1
maxitrol,astrol,-1
aclasta,nazalstap,-1
amnique 5,amexi,-1
finox,femax,1
tres,trexiglob,-1
gastropem,gastrosaph ab150,-1
blumea balsamifera l dc sambong leaf,calsup l,-1
ambisor,ampisaph 500,-1
solphride,silver nitrate,-1
metocirc,medcort,-1
vancocym,vancosaph 1000,-1
moxifloxacin hydrochloride dexamethasone phosphate sodium,moxivell,-1
glycinorm 80,glycinorm mr 30,-1
novazithro,novastat 120,-1
iron equivalent to 250 mg ferrous sulfate dried,iron multivitamins,-1
nulong 20,pneumococcal conjugate vaccine 20 valent adsorbed,-1
skinoren,sevren,-1
darzalex sc,arizole 15,-1
resaire,hicaire,1
ramgesic,angical,-1
bezogen,blazen,-1
brospec,bersevel,-1
salbproduo,salbusol,-1
diapid,biped,-1
gastropem,gastrium,-1
akidin,azitan,-1
bluemedzole,flumed,-1
easekin,megascent wintergreen,-1
robitussin ex,robinsons,-1
ceenovit,crevita,-1
iprazo 45,diapraz 40,-1
iprazo 45,mepraz,-1
medliptin,medilexin,1
furimax 1500,formex,-1
nephrone,noveron,-1
cistovent,histapen,-1
nulong 20,balanced multiple maintenance solution for iv infusion,-1
oppisartan 40,optiray 320,-1
eurogyl,eurosalbu,-1
losargard,losarx 50,-1
celabin,clofina,-1
clostridium botulinum toxin type a,clostridium botulinum type a neurotoxin complex,1
eurovox,erlox,-1
ambisor,ampisaph 250,-1
mixigil,isoxilan,-1
blicyclo 400,bellis,-1
yucordin,ysartan,-1
gocifime,goceft,-1
robikids,rifazid,-1
biolipy,bliflic,-1
sirdalud,tiradol,-1
irnizet 500,ironse,-1
inoclav,insulatard,-1
merpetri,myrevit c,-1
belfur,relifer,-1
alltrex,aldrox,-1
epival,febuphil,-1
vertasanz,virtex,-1
cefogram,cefoperazone sulbactam,-1
cyclophos,rhosa,-1
tenemax,tranex,-1
isoconazole nitrate diflucortolone valerate,isonoin 10,-1
cefepime hydrochloride with l arginine,cyfepime,1
adisart,amigard,-1
vitguard c,24 dichlorobenzyl alcohol amylmetacresol vitamin c,-1
eurythmic,neurotam,-1
albunorm 20,alpurin,-1
retamaxz,retamep,-1
linesave,lamsev 800,-1
eloxatin,electral,-1
doctri cee,true cee premium,-1
irnizet 500,iron zinc vitamin b complex,-1
effertab,cefradine monohydrate,-1
poten cee,pryce cee plus,-1
guaifenesin chlorphenamine maleate phenylpropanolamine hcl sodium citrate ammonium chloride,guaifenesin terbutaline sulfate,-1
pralec,paracough,-1
startline 25,starlo,-1
oxy pol,mucopolysaccharide polysulfate,-1
novazithro,novastatin,-1
cefogram,cefuker,-1
fox balm,fexophil,-1
resaire,oxiaire,-1
viteron,vytorin,1
gasaide,gastorid,-1
metocirc,medcurom,-1
zinaf 500,co zincretin 50 500,1
tarlonib 25,parlin,-1
akidin,axitinib,-1
tanafen,tenofovir disoproxil fumarate lamivudine efavirenz,-1
capddpca 4,captophil,-1
celejys,calci zee plus,-1
efamed,sevomed,-1
moxifloxacin hydrochloride dexamethasone phosphate sodium,micophil,-1
retamaxz,retanyst,-1
urazole,ursolin,-1
atorzet,atracurium besilate,-1
asterol,acitrate plus,-1
capsuflex,cefixsave,-1
vamcetin,vancotan 500,-1
albutein 25 solution,olopatadine solution eye drops hydrochloride,-1
accexime,accecoline,-1
losargard,losarx 100,-1
lewinamic,lufenac,-1
deconsaph plus,dexamax,-1
urazole,ursultec,-1
zophizole,zobex,-1
losargard,lossar xq,-1
immutrax,imugraft,-1
surinem 1000,duromine 30,-1
valium,vidime,-1
numazid,cium zd3,-1
lykaspetin,lewicoxib,-1
metovasc,metvidal,-1
scheepril,hypril,-1
ad c plus,high cee plus zinc,-1
bluemedzole,zolemed,1
immutrax,imdur durules,-1
metovasc,metoprolol succinate,-1
duasaph,biosaph,1
bactier,bactrodix,-1
numazid,cinazith ds,-1
tafnext,tranexmed,-1
ambical,ampicillin sulbactam,-1
lupizin,lipisim,1
zdonate,zydactin 50,-1
ambical,ampicelo 250,-1
ingafol,imazole 500 v,-1
numazid,unozoid,-1
baamcillin 250,amixol,-1
vitaplex b,vitamin b complex c,-1
accetaxime,acutocin,-1
clobazam,clavstan,-1
carvemax,craven,-1
sidprazole,quadpraz,-1
ultra d,caltrate silver advance,-1
tdlplus,triple c 1000,-1
doripenem monohydrate,drapolene,-1
tobramet,tobrazin plus,-1
conchoice,conjugated estrogens,-1
golfen 400,globanac 50,-1
heparin sodium,heparin allantoin allium cepa l onion extract,-1
episert,epicraine,-1
verist 16,aristor 10,-1
co aleva,celevue,-1
co aleva,calubia,-1
cetraxal plus,cetrikid,-1
celabin,clobenate,-1
saphmox 500,supmac,-1
ambisor,ambigrast,-1
hyclens skin cleanser,hyclens gargle,1
vertasanz,verticease 16,-1
effertab,epertocyn,-1
cetraxal plus,cetrimax,1
femaron ob,fentanyl citrate fentanyl citrate 471 mcg equivalent to fentanyl base 300 mcg,-1
sitrizine,striaxon,-1
klopi,klix,-1
olangem od 10,olan,-1
cetraxal plus,cethergo,-1
decicord,eczacort,-1
nulong 20,glonaz 150,-1
tdlplus,alvolaxus,-1
guaifenesin chlorphenamine maleate phenylpropanolamine hcl sodium citrate ammonium chloride,guaifenesin dextromethorphan hbr,-1
doxylamine succinate pyridoxine hydrochloride,dioxel,-1
synflorix,synvodex,-1
amixol,amisulpride,-1
ole,moleair,-1
ciprosan 3,cipro v,-1
cefogram,cefigrand sb,1
ceftibet,caftop,-1
teralev,triolev,1
vfresh aromatherapy green tea,pregeron,-1
accexime,alixime,-1
pralec,paralife,-1
medcit,medicinal grade oxygen,-1
harvimide,carpime,-1
amlo med 5,amlodn,-1
prinson,primycin,-1
neurotrene 300,neuromard,-1
veltezom,vertex,-1
fusidic acid betamethasone dipropionate,ascorbic acid calcium ascorbate zinc zinc sulfate monohydrate,-1
avazart,rapzar,-1
lupizin,lefixime 400,-1
metocirc,metogard,1
telcard 20,telidril 20,-1
dobutamine,dobuts,-1
fina 5,fd,-1
rocemed,rocum,-1
pak c,jasz c,-1
zobrixol,zefurozan,-1
losacura,losaprime,-1
sterica,star c,-1
clopend 75,clopinova,-1
neozep,nor ep,-1
clusivol plus,colcifar,-1
pharzole,prizol 15,-1
ad c plus,asco c,-1
tacrostal 1,acresil 150,-1
pharzole,parazel,-1
koselugo,korlac,-1
novataxel 20,novovast,-1
paraglee,proglutrol 1000,-1
ceftibet,cefftabs,-1
irnizet 500,iron calcium zinc folic acid vitamin b9 cyanocobalamin vitamin b12,-1
oppisartan 40,febox 40,-1
dexamethasone,doximetz,-1
rocuronium bromide,rocuzen,-1
moxifloxacin hydrochloride dexamethasone phosphate sodium,mucoflem,-1
harvifer,harbipen,1
blumea balsamifera l dc sambong leaf,multivitamins minerals panax quinquefolium l american ginseng ro,-1
eucalyptus oil dementholized mint oil cajuput oil menthol methyl salicylate juniper oil clove oil,exelfos,-1
tenemax,fenemik,1
zinetab,zemidapa,-1
prosride,pilocarpine hydrochloride,-1
pak c,asco c,-1
oxy pol,phospholipid multivitamins,-1
progefil,perazovic,-1
ultra d,doltram,-1
diavin 500 xr,co zincretin xr 1001000,-1
gasmodic,gozinat,-1
finox,fenahex,-1
celetor 200,celdol 200,-1
valugan,valabin 500,-1
vitaplex b,vitablod iron,-1
merpetri,merop,-1
solphride,salbpress,-1
coldrex ppa,clotrimazole beclometasone dipropionate,-1
lewinamic,amvic,-1
angioten,amnoset,-1
prosride,prograf,-1
vertasanz,vertigine,-1
eucalyptus oil dementholized mint oil cajuput oil menthol methyl salicylate juniper oil clove oil,essenscents oil,-1
amixol,angiolor,-1
retamaxz,retamicron,-1
plone 5,polynerv 500,-1
amixol,amocleed,-1
krenazol,brinzolamide timolol maleate,-1
afaxor 150,axasoar 25,-1
dobutamine,dobuzin,-1
lykaspetin,losaspeed 50,-1
zetrocyn,zithroace,-1
gastropem,gastrilife,-1
pharzole,prezelone,-1
ceftibet,ceftribax,-1
chocoflem,cisflex,-1
gentaxel 100,genteal,-1
sivab,lepiva 250,-1
viteron,vitex negundo l lagundi leaves,-1
telcard 20,teldra,-1
diavin 500 xr,defensil,-1
levipil 750,levipil xr 1500,1
clusivol plus,calciplus,-1
duomed,domne,-1
gastropem,gastrocin,-1
immutrax,intrafen,-1
clostridium botulinum toxin type a,cholestad,-1
rispedin 2,rosubet 40,-1
pecfent,preven z sr,-1
licegone,lifeozinc,-1
leverap,liveraide pro,-1
eloxatin,clostridium botulinum type a toxin,-1
dyvelamer,difflam,-1
iselpin,diagliptin,-1
butamirate citrate,butaprev,-1
koselugo,decolgen forte,-1
satcapto 25,stagmet,-1
cetraxal plus,xtracee plus d200 mono,-1
fungsoft,fungyst,1
clonigen,chlorgen,-1
novazithro,novazolin,-1
invokana,invega sustenna,-1
immutrax,immunorel,-1
vitaplex b,vitamin b complex iron,-1
sulfur zinc oxide salicylic acid,silver sulfadiazine,-1
dexamethasone,dazomet,-1
natravox,nutrifat,-1
isoconazole nitrate diflucortolone valerate,iseron,-1
ulzim,ultimax,-1
perindopril erbumine,pyrantel embonate,-1
lewinamic,leimentab,-1
viteron,otron,-1
coughlogen,cycloxid,-1
rocemed,acimed,-1
capsuflex,cefax,-1
ifosfaget,ibusoft 200,-1
harvifer,sorbifer plus,1
plenacyl 600,pulmohex,-1
gasaide,gastriv,-1
capsuflex,cefsul,-1
ingesta for adults,inlex,-1
entyvio,enervon,-1
celcarb,chlosart,-1
omebloc 20,omebel,1
clocephen,celecophar,-1
zinetab,zincap,-1
ascor kid,ascorb zd3,-1
multivitamins and minerals orange flavor,multivitamins glucose,-1
omepace,omp,-1
deslorastal,docsal,-1
panto plus,pantoprazole,-1
amnique 5,ams,-1
veltezom,vildagliptin,-1
dixspiro,docifer,-1
cistovent,actib,-1
bonpime,bonazin forte,-1
celabin,clobon ds,-1
baamcillin 250,benzylpenicillin,-1
tafnext,tranexid,-1
flamitin,flamic,-1
eurovox,eurovita plus,1
xora,comfora,-1
harvifer,herperax,-1
neostilex,nostigmine,-1
episert,efcortin,-1
ad c plus,levosaphzine plus,-1
dabigatran etexilate,dapoxetine hydrochloride,-1
premiliptin plus,pramolmax,-1
levipil 750,levofloxacin hemihydrates,-1
gavlin,ivylin,-1
mucostan,mucuzid,-1
progefil,pergoveris,-1
eucet,exceed c,-1
iv pro,ivabradine,-1
betamethasone dipropionate gentamicin sulfate clotrimazole,betnoderm,-1
xovax,topvex 25,-1
fever nil 200,fevral,1
novixon,novoxin,1
koselugo,esselogue,1
tres,torros,-1
clopida,clobetacare,-1
asterol,astrozole,1
veltezom,veltir,1
azurin,adrenin,-1
blumea balsamifera l dc sambong leaf,multivitamins l lysine hydrochloride buclizine hydrochloride,-1
rocuronium bromide,rocugen,-1
tamsudin,tamzu,-1
katinko ginger patchouli scent,ketomicore,-1
ritusin,ratidin,-1
numazid,omezid,1
effertab,exerta,-1
ifamso,isoniazid pyridoxine hydrochloride vitamin b6,-1
golfen 400,getabin 100,-1
bestricare,bicatero 150,-1
capsuflex,cpac,-1
glysolin 3070,glizen 30,-1
amiodex,amdozar,-1
doripenem monohydrate,dompenyl,-1
iselpin,phigliptin 50,-1
ramgesic,ranexid,-1
sulfur zinc oxide salicylic acid,salburex plus,-1
finox,inno cee,-1
albunorm 20,alapain,-1
ingafol,inactivated poliomyelitis vaccine type 12 and 3,-1
bendared,booncare,-1
gastropem,gastrigel,-1
ambisor,ambicipro,-1
klarmyn,klarifer 250,-1
teralev,trolip,-1
riscare odt,micardis,-1
celetor 200,clotrimax 1,-1
amiodex,acetazolamide,-1
startline 25,starlev,-1
cartin,cardimica,-1
carac h,carezee,-1
rifampicin isoniazid,repicof,-1
teralev,terexib,-1
cenprahep,camphor aceite de alcanforado,-1
novamet,novazide,-1
zetrocyn,zithrix,-1
cylocortix,calcernate plus d,-1
tafnext,topamax,-1
merpetri,myrevit plus,-1
ifamso,evimox,-1
efamed,capemed,-1
clusivol plus,calcivas,1
golfen 400,golxen,1
sulfur zinc oxide salicylic acid,sulfin,-1
inoclav,incillin plus 1500,-1
aclasta,acetazolamide,-1
flamitin,flumed,-1
deslorastal,desloratadine,1
teramol,trimelife,-1
novarox 10,naprokin,-1
celetor 200,caltrate silver advance,-1
viteron,vecuronium bromide,-1
harvifer,carboprost tromethamine,-1
linesave,linmervast 40,-1
rexta,rexithro lq,-1
ad c plus,stacef plus,-1
celejys,calcisaphferol,-1
glycinorm 80,glizen 30,-1
invokana,indacin,-1
biolipy,bfluid,-1
clobazam,clafax,-1
retazar,retastat,-1
neovite,neomet,-1
blumea balsamifera l dc sambong leaf,multivitamins l carnitine lysine zinc biotin inositol taurine cfg,-1
tdlplus,telfocus 40,-1
medroxcure,medroxyprogesterone acetate,-1
medroxcure,medruszole,-1
tivicav,trixiv,-1
dyvelamer,duofilm,-1
flamitin,flumedine max,-1
celabin,capebin,1
inoclav,insulin glargine,-1
neurotrene 300,arten 300,-1
deconsaph plus,econazz,-1
triloupe,tramipen,-1
suncetin tab,zincet,1
duomed,diamide,-1
tobrasaph,toprasenz,1
alnix plus,alnix,1
choicesulin,mucosolin,1
levipil 750,levofloxin natrapharm,-1
medcit,medicazol,-1
glucosamine sulfate scutellaria baicalensis baikal skullcap root extract acacia catechu catechu heartwood extract,glucose 15 wv solution for iv infusion amino acids 10 wv with electrolytes solution for intravenous injection intravenous fat emulsion with medium and long chain triglycerides 20 emulsion for intravenous infusion,-1
medliptin,methylprednisoone sodium succinate,-1
zetrocyn,etoricon,-1
ingesta for adults,doxycycline hyclate for doh complete treatment pack,-1
easekin,equisine moist,-1
afaxor 150,afebral 1 5,-1
nir ns,normglubin,-1
xozid,geozit,-1
muprivex beta,meferap,-1
carvemax,carbimazole,-1
tafnext,tranexbest,-1
resaire,rafair,-1
esotid 40,eocet,-1
poten cee,pluz cee for kids,-1
monastar,metostad,-1
asmamed plus,mega men 50 plus one daily tablet,-1
fungsoft,fungazone,-1
dinclav,comaclav 457,-1
latochek,letrosaph,-1
celetor 200,clitrosaph a250,-1
coughlogen,coxilecap,-1
valugan,valazyd am 5160,-1
glysolin 3070,gliclasy 80,-1
viteron,vineuron plus,1
episert,epikhriz,-1
vitarose,citiroque,-1
bactier,bactricef,-1
emend,hemonid,-1
fixidrops,factor viii purified human,-1
clocephen,calcebone,-1
evofix,epibiocin 50,-1
robikids,rabesta,-1
celetor 200,clotrix,-1
craven,curafen,1
lisnoxl 10,l zinex,-1
metxr 500,gliflomet 500 5,1
invokana,infexin,-1
mixigil,micoshield,-1
doxylamine succinate pyridoxine hydrochloride,daclatasvir hydrochloride,-1
rinoease,rinozine,1
dibavit,duavent,-1
perindopril erbumine,permethrin,-1
olangem od 10,olanzgrand 5,-1
multivitamins and minerals orange flavor,multivitamins fluoride,-1
regizole,roxiclav,-1
belfur,reliferon,-1
cholesol,cholecalciferol minerals,-1
clonigen,clonazepam,-1
angioten,angioflo plus,-1
klarmyn,klarilab,-1
muprivex beta,mupors,-1
klarmyn,dylaran 100,-1
aminoleban,aminogen s,-1
progefil,pregabalin,-1
rocuronium bromide,rafromide,-1
robikids,sobistal 650,-1
pubergen,pipercent,-1
choicesulin,doxiclin,-1
albutein 25 solution,albez,-1
aminotrene,aminogen s,-1
klopi,konabi,-1
tobramet,tobrex,-1
diavin 500 xr,diabemin xr,1
gocifime,giocillin,-1
cefoxid,cefaclox,-1
gentaxel 100,gentagem,-1
levohab,levox,-1
herbamed,carbamazepine,-1
propicillin,proivig,-1
saphmox 500,saphen 200,-1
effertab,efrox,-1
sunpant 40,snup,-1
saphbiotin,saphtinamine 625,-1
zdonate,zydactin 25,-1
deslorastal,resolor,-1
tored 10,thyres 50,-1
furimax 1500,farmaxillin 50,-1
paracetamol phenylephrine hcl chlorpheniramine maleate,paracetamol,-1
zdonate,standardized senna concentrate,-1
vostrin,vistramol,-1
merpetri,myrept,-1
tored 10,pred 20,-1
neurotrene 300,neurophrine,-1
krenazol,trimexzole,-1
brospec,brezofree 125 synchrobreathe sb,-1
eucalyptus oil dementholized mint oil cajuput oil menthol methyl salicylate juniper oil clove oil,esselpids,-1
doxylamine succinate pyridoxine hydrochloride,duosulin 3070,-1
co aleva,colema,-1
cixtor z,factor viii inhibitor bypassing activity,-1
zetrocyn,letrocord 25,-1
accetaxime,actame,-1
herbamed,herzuma,-1
pubergen,piperacillin tazobactam,-1
diapid,diameed,1
omepace,omemac gerd,1
sivab,saphbapentin,-1
lewinamic,lenangio 10,-1
morvicor,moriavit,-1
metsure,methocarbamol paracetamol,-1
eplidoc,lidocaine hydrochloride monohydrate,-1
merpetri,meropro,-1
tored 10,thor 40,-1
amocled,amocleed,1
andros,zandropil,1
dixspiro,doxofyr,-1
doripenem monohydrate,tirofiban hydrochloride monohydrate,-1
ceenovate,clovate,-1
veltezom,volt,-1
neozep,neozep forte,-1
licegone,lidocaine,-1
bezogen,basagine,-1
progefil,pregabalin mecobalamin alpha lipoic acid,-1
xinprotec,myotec,-1
zophizole,zefsolv,-1
suncetin tab,suncetin iv,-1
ingesta for adults,insuget r,-1
trimaxone,tranext,-1
ameval,amplify 4010,-1
tres,trexil,-1
accexime,arcimet,-1
decicord,docucare,-1
efamed,rabemed,-1
guaifenesin chlorphenamine maleate phenylpropanolamine,guaifenesin,-1
trimaxone,tromxene,-1
celcarb,calixarb,-1
levipil 750,lipiblac,-1
triderm,triforam,-1
triloupe,triosaph,-1
tacrostal 1,tacrolimus monohydrate,-1
valium,valianz hct,1
tenemax,hemanex,1
broncodam,broncovent plus,-1
merpetri,myrevit,-1
tdlplus,teluvis plus,-1
cloracef,chlorhexidine digluconate,-1
fixidrops,factor ix complex,-1
ascor kid,ascorsaph zee,-1
acalabrutinib,aklief,-1
azurin,sakarin 25000,-1
robikids,rovastin,-1
eurolac,erlocip 150,-1
levoxid,lifehistine,-1
paraglee,parazel,-1
nulong 20,nuloc,1
amixol,amsul,-1
duvadilan,dopathyl,-1
stilnox,stimuno orange berry flavor,-1
veltezom,valdoxan,-1
scheepril,spherical carbon adsorbent,-1
medroxcure,metrocor,-1
surinem 1000,shertan 100,-1
xtrem c,bewell c kids syrup,-1
carvemax,carbamazepine,-1
panto plus,pantop 40,1
onsett,ponstan sf 250,-1
veltezom,aldezol,-1
accexime,ascozin max,-1
nonacog alfa,nomason,1
blanc white,flanaxace hot,-1
acce clav,acyclant,-1
curafen,carbonax,-1
jon c,jamoxi,-1
perindopril erbumine,prenat,-1
blumea balsamifera l dc sambong leaf,re leaf forte,-1
zobrixol,ziproxin,-1
nonacog alfa,fungicon,-1
bendared,bondros,-1
eprohab,ephron,-1
abisin,appezinc,-1
sitaglinex,siti zole,-1
fixnar,fosinar,-1
maxitrol,maczithro ds,-1
muprivex beta,muporig,-1
surinem 1000,sorzine,-1
sym2,symden,-1
coughlogen,diclogen,1
carac h,cetricare h,-1
broncodam,broncho rub citrus,-1
capsuflex,capasaph,-1
pecfent,preven z gold na,-1
neostilex,nostero,-1
medroxcure,metroclear,-1
stilnox,sodulane,-1
xtrem c,extreme c,1
sidprazole,sitfar,-1
duasaph,nysaph,1
rhedin 75,biodin,-1
aminotrene,aminosteril n hepa 8,-1
sym2,symdex d,-1
ifosfaget,ifo cell,-1
medroxcure,metrogem,-1
eurythmic,erythcin,1
ingafol,winacef,-1
biolipy,bluehep,-1
xozid,xzamide,-1
levizam 500,levexime,-1
aclasta,acalka,-1
harvifer,hormopill fe,-1
ameval,amblomide,-1
mistacor am,maxi aid gargle,-1
co aleva,cholib,-1
eucalyptus oil dementholized mint oil cajuput oil menthol methyl salicylate juniper oil clove oil,eslopram 5,-1
zobrixol,zefprojin,-1
amiodex,amidozil,-1
mistacor am,musital,-1
gasmodic,asmatrol,-1
eucalyptus oil dementholized mint oil cajuput oil menthol methyl salicylate juniper oil clove oil,esolev,-1
pak c,paxus pm,-1
teramol,tremelimumab,-1
nephrone,napronax,-1
aminoleban,aminoplasmal b braun 10 e,-1
inoclav,incalin,-1
sitrizine,sitirose,-1
tres,trexed,-1
ameval,ambloc,-1
coldrex ppa,clotribex,-1
accetaxime,astiget,-1
suncetin tab,tinactin,-1
ulzim,cloxim,-1
peprazom,eproz,-1
fixnar,fixin,1
monastar,famoster,-1
numazid,rimactazid,-1
iron equivalent to 250 mg ferrous sulfate dried,iron zinc folic acid,-1
nulong 20,polynerv 250 zinc 20,-1
zyklor,zuclopenthixol acetate,-1
multivitamins mineral buclizine,multivitamins inositol choline bitartrate para aminobenzoic acid see reverse,-1
claribid,clorifort,-1
rifampicin isoniazid,rifampicin isoniazid ethambutol hydrochloride,1
mucostan,ecosta,-1
lewinamic,almic,-1
oppisartan 40,opra 40,-1
xotacil,retacholic 300,-1
tocilizumab,tgmox,-1
multivitamins and minerals orange flavor,multivitamins calcium,-1
sirdalud,sirturo,-1
coughlogen,decolgen,1
gasmodic,gadimide,-1
neozep,neocyte,-1
gasaide,gastrilife,-1
cyclolux,cyclocel,-1
herbamed,herba vomitz,-1
bonpime,bonviva,-1
sunpant 40,univan,-1
amiodex,aminoket,-1
amiken,aminomix peripheral,-1
lykaspetin,latasopt,-1
naflax,noflu,-1
mucolem,mucosolve,-1
lisnoxl 10,l zinex duo,-1
entyvio,endovaz 10,-1
losargard,losarkip 50,-1
xovax,xgeva,-1
methyxale 500,metoclon,-1
isoconazole nitrate diflucortolone valerate,isohexane 6000,-1
duvadilan,avodial,-1
veltezom,elite cdz,-1
ifamso,isoniazid,-1
zdonate,zitamet,-1
petroleum jelly,ketarol,-1
harvifer,harvimide,1
celcarb,calcernate,-1
prosride,proscar,1
bluemedzole,salumed,-1
pharzole,pharcholine,-1
levizam 500,levexime 500,-1
ramgesic,rani c,-1
bestricare,boostrix,-1
glysolin 3070,glycol salicylate menthol tocopherol acetate vitamin e nonanoic acid vanillylamide,-1
dabigatran etexilate,dabicet,-1
andros,amidrex od 1,-1
clocephen,calcipotriol monohydrate betamethasone dipropionate,-1
dapazox 10,dapasaph 10,-1
tai chi ginger,tazicon,-1
folifron ob,flubrex,-1
rinoease,ams,-1
immunostan,immunec,-1
ultra d,ultracor,-1
gasmodic,dexamethasone sodium phosphate,-1
vamcetin,vancokin,-1
dapazox 10,dapzin m 10,-1
iprazo 45,i berize 125,-1
amlo med 5,amelor,-1
salbproduo,salbunova,-1
irnizet 500,iromax,-1
herbamed,hirafen,-1
tamsudin,ams,-1
propmed,capomed,-1
zophizole,zepaclon,-1
ifamso,isoniazid jar,-1
neozep,neo cee,-1
inoclav,insulevita,-1
rinoease,inox,-1
losargard,losmac,-1
cillox,cilostan cr,-1
merpetri,myrevit fe forte,-1
katinko ginger patchouli scent,kidnex,-1
diavin 500 xr,davrocin,-1
ifamso,iprax mol,-1
losacura,losa speed 100,-1
xozid,diozide,-1
fixidrops,focid,-1
sitrizine,star c,-1
acce clav,acyclovir,-1
duvadilan,dobutamine,-1
tivicav,tresivac,-1
skinoren,skin reborn,1
viteron,vegron,-1
albutein 25 solution,alfatam,-1
tanafen,infen 25,-1
sym2,symdenx forte,-1
dalinc,duspatalin,-1
phenylpropanolamine hcl,phenylppex,-1
nonacog alfa,sancox,-1
morvicor,maribezole,-1
tres,trekal,-1
bendared,benadrex,1
oxy pol,osflex,-1
rexibile,rixophil,-1
vagclr m,vascolin,-1
acce clav,aciclonova,-1
paracetamol phenylephrine hcl chlorpheniramine maleate,paracetamol carisoprodol,-1
metovasc,medfocid,-1
hydrocortibas,hydrocortisone acetate,-1
betamethasone dipropionate gentamicin sulfate clotrimazole,betamethasone valerate gentamicin sulfate tolnaftate clioquinol,1
gesidol,geocobalamin,-1
ziac,azi 500,-1
easekin,eposino,-1
epival,emplusal,-1
surinem 1000,surmontil,-1
clusivol plus,calcipotriol,-1
albunorm 20,albendix,-1
mistacor am,moxidex,-1
cefuroxime axetil clavulanate potassium,cefurax,-1
tarlonib 25,torlos 50,-1
rispedin 2,rispegard,-1
amiken,amikacy 250,-1
teralev,tarceva,-1
tsartan 40,mycartan 40,-1
ole,oelanzapine,-1
fever nil 200,eferin,-1
dixspiro,bisapro,-1
lonoxie,linoac,-1
cefepime hydrochloride with l arginine,appebon with iron,-1
sym2,symdiemx forte,-1
zyklor,moxylor,-1
leverap,everbliss 5,-1
nonacog alfa,oncaspar,-1
trimaxone,tranxene,-1
eurogyl,ergo,-1
follitrope,follitropin delta,1
cixtor z,castra 1,-1
mertazine,mirutaxim,-1
aceclomed,aceflo,-1
celejys,celex,1
duvadilan,dobutamine hydrochloride,-1
moxeth 125,gacet 125,-1
oxy pol,vescopolamine,-1
nulong 20,pulmocare 200,-1
doxylamine succinate pyridoxine hydrochloride,desvenlafaxine succinate,-1
metsure,medisartan,-1
aceclomed,clomep,1
alltrex,folitrex 50,1
loragen plus,loragen,1
oppisartan 40,febx 40,-1
plenacyl 600,plemex tablet,-1
avazart,avaprel,-1
lisnoxl 10,leginsol vita,-1
fina 5,kian 500,-1
suncetin tab,shinstat,-1
ceenovate,comvita b forte,-1
hycid 40,blisogout 40,-1
iv pro,ibuprofen paracetamol,-1
metsure,metogard,-1
co aleva,clevan,-1
betamethasone dipropionate gentamicin sulfate clotrimazole,briandazole,-1
prinson,primegout,-1
ciprosan 3,cefuroxime sodium 750 mg powder for injection im iv,-1
ferrofer,merprofez 500,-1
sivab,lepiva 500,-1
gmet 1000,gemcitrex 1000,-1
vamcetin,vamocef,-1
episert,elicort,-1
easekin,emecin,-1
oxy pol,coxapill,-1
isoconazole nitrate diflucortolone valerate,doxicon,-1
carac h,corcee,-1
rhedin 75,ruthena,-1
novamet,novacetrin,-1
dixspiro,dizzivert 16,-1
fevergan,evergreen,-1
omepace,omepram,-1
neozep,neoxane,-1
saphtriaxone,saphtran,-1
gavlin,cefalin,-1
spivar,sanpara,-1
efamed,hepamedica,-1
multivitamins and minerals orange flavor,multivitamins chlorella growth factor cgf lysine taurine zinc sulfate heptahydrate,-1
cofzol cs,cefegold,-1
cloracef,chlorhexidine,-1
conchoice,co amoxiclav,-1
levoxid,levexime,1
aminotrene,aminovit,-1
glycinorm 80,glizen 60,-1
tacrostal 1,ticarcillin disodium clavulanic acid clavulanate potassium,-1
ifosfaget,iprofen,-1
recombinant human erythropoietin alfa,rocunova,-1
cixtor z,extreme z,-1
tdlplus,daily plus,-1
furimax 1500,formigen 850,-1
bestricare,bactier,-1
somex,sm cee,-1
neozep,neocefuxime,-1
conchoice,colchicine,-1
conchoice,conjugated estrogen,-1
linesave,lanzaph,-1
olangem od 10,olmegnan,-1
zytapram,sitaform,-1
cartin,aartmin 850,-1
tdlplus,calpol strawberry flavor,-1
propicillin,propain,-1
cenprahep,camphor menthol cajuput oil dementholized mint oil clove oil cassia oil,-1
poten cee,sodium chloride potassium chloride calcium lactate pentahydrate,-1
perindopril erbumine,promadol,-1
abisin,ascozin,-1
celejys,cloxacillin,-1
vertasanz,verticare 24,-1
rhedin 75,eodine 5,-1
retazar,retapril,-1
tsartan 40,tezart 8010,-1
saphmox 500,saphenicol c500,-1
valugan,valazyd am 580,-1
latochek,latasopt,-1
celejys,celecocirc,-1
furorad,forair 250 dpi,-1
mertazine,erdosteine,-1
carac h,cardea,-1
atorzet,atrex,-1
ambical,ampicillin sodium sulbactam sodium sulbactam sodium,-1
celcarb,clogretab,-1
metocirc,modexcare,-1
duvadilan,dubamol,-1
esotid 40,iztaid,-1
avazart,ajesart,1
blicyclo 400,blisogout 80,-1
lipisim,lupigliptin,-1
eurovox,euromycin 600,-1
losargard,losartan potassium amlodipine besilate,-1
biolipy,blopress plus,-1
tivicav,triocef pfos,-1
rexta,rexidol forte,-1
natravox,nutroplex,-1
pak c,paxus,1
monastar,hemostan,-1
akidin,dequadin citrus,-1
clopend 75,clovimed,-1
clopida,clopidogen,1
tobrasaph,raph ors,-1
novthasone,novatocin,-1
olopatadine hydrochloride,xylometazoline hydrochloride lysozyme hydrochloride,-1
recombinant human erythropoietin alfa,recombinant human insulin 70 isophane 30 soluble,-1
amnique 5,abo 5,-1
clopidogrel bisulfate aspirin,celevid,-1
aminotrene,aminoral,-1
altovox,altologue,-1
saphmox 500,saphmicon,1
aefur,anefor,-1
nephrone,newpron,-1
coughlogen,ciclosporin,-1
resaire,razine,-1
natravox,nitrofurazone,-1
epival,evoflo,-1
nulong 20,slonacin 10,-1
katinko ginger patchouli scent,katinko ginger patchouli oil scent,1
urazole,ursolec,-1
licegone,lacosamide,-1
valium,calmio,-1
adisart,azicare,-1
budeson,budecort respules,1
stilnox,stalanza 10,-1
morvicor,miravast,-1
muprivex beta,mupirow,-1
plone 5,polynerv 250,-1
khrizvela,khrizfloxin,-1
koxib,oxehab,-1
abisin,apsync,-1
bligem,bellucaine h,-1
evofix,epovax,1
vertasanz,vertset,-1
candiva v gel,zanidip,-1
evofix,efica cee,-1
cloracef,chlorhexidine isopropyl alcohol,-1
carboprost tromethamine,cirpo iv,-1
furimax 1500,farmclox,-1
resaire,rescuerel,-1
omebloc 20,omefil,-1
sirdalud,sn tialle,-1
ascor kid,ascorsaph d,-1
dibavit,dabicet,-1
cyclolux,cyclophosphamide,-1
cyclolux,cyclic,-1
curafen,carbomel,-1
clopidogrel bisulfate aspirin,clapidz,-1
somex,sneez,-1
ramgesic,ritegesic,1
cefuroxime axetil clavulanate potassium,cefurexel,-1
omepace,omepfast 40,-1
muprivex beta,mupirocin betamethasone diproprionate,-1
gavlin,gapaxin,-1
celetor 200,clotrimazole clindamycin phosphate,-1
sym2,sm cee,-1
epival,envlo,-1
sirdalud,surtazid,-1
akidin,acotiamide hydrochloride hydrate,-1
ifamso,iopamidol,-1
hydrocortibas,hydrocortisone bacitracin polymyxin b sulfate neomycin,-1
capddpca 4,captobes,-1
ingafol,incalin,-1
acce clav,aciclogen,-1
rispedin 2,rispernov 1,-1
riscare odt,regroe forte,-1
deconsaph plus,doccinc,-1
ascor kid,ascorgen sf,-1
amiken,amikacy 125,-1
perindopril erbumine,primudine,-1
ramgesic,ranivic,-1
synflorix,gynoflor,1
chocoflem,docfil,-1
eprohab,nephrophar,-1
accetaxime,acetazolamide,-1
choicesulin,coxicare,-1
rexibile,rexidol forte,1
cixtor z,cistra,-1
medcit,medzotam,-1
gazgo,gizol,-1
doxycycline hyclate,desogestrel,-1
levohab,levan,-1
probal 75,aml 5,-1
furorad,forti d,-1
salbutamol guaifenesin,salbutec,-1
salbproduo,salbunox,-1
furorad,furomidex,1
alco katinko,alkasure,-1
saphtriaxone,saphtriaxone sb,-1
clusivol plus,calcip,-1
avazart,vivasartan,-1
zetrocyn,ketroxen,-1
omebloc 20,human albumin 20 behring low salt,-1
decicord,dichlorobenzyl alcohol amylmetacresol ascorbic acid,-1
mixigil,minzil,-1
multivitamins buclizine hydrochloride iron ferrous sulfate,multivitamins choline,-1
adisart,amisar plus,1
retazar,retagral,-1
methyxale 500,medxil,-1
linesave,lansoprec,-1
acalabrutinib,acaldin,1
eloxatin,dulxative,-1
amlo med 5,amlonav plus,-1
scheepril,symeril,-1
immutrax,indrex,-1
leverap,lifurvent,-1
guaifenesin chlorphenamine maleate phenylpropanolamine hcl sodium citrate ammonium chloride,guaifenesin bromhexine hydrochloride,-1
asmamed plus,asvent plus,-1
monastar,dynastat,1
neostilex,nacetyl 400,-1
alltrex,aldurazyme,-1
ezitin,zitrin plus,1
licegone,lactone,-1
lczin,zaczin,1
darzalex sc,arizole 10,-1
butamirate citrate,kotamir,1
doripenem monohydrate,aropen,-1
finox,finasia,-1
katinko ginger patchouli scent,kidneygen,-1
pred forte,predex,-1
butamirate citrate,betaderm,-1
iselpin,dioslife 500,-1
zophizole,zobacillin,-1
sivab,sitavia 50,-1
chlorsaph,chloramphenicol sodium succinate,-1
moxifloxacin hydrochloride dexamethasone phosphate sodium,maxifol 5000,-1
eucalyptus oil dementholized mint oil cajuput oil menthol methyl salicylate juniper oil clove oil,eucalyptus oil camphor,-1
neovite,neuviton,1
evofix,ebeposid,-1
scheepril,sterile water for irrigation,-1
propicillin,provasc,-1
urazole,uricalev,-1
vfresh aromatherapy green tea,verapril,-1
oppisartan 40,elzar 40,-1
licegone,lysozyme hydrochloride cetylpyridinium chloride,-1
gazgo,guaiacof,-1
irnizet 500,irinogen,-1
duasaph,fosap,-1
gocifime,gohistine,-1
doxycycline hyclate,doxyclen,1
clocephen,celekop,-1
mertazine,multizine,-1
levoxid,levostrat,-1
furimax 1500,trimax,-1
clobazam,clabiza,1
tarlonib 25,trizon,-1
metovasc,medavox,-1
zobrixol,zefrax,-1
saphtriaxone,saphdronic,-1
katinko ginger patchouli scent,katinko,-1
ambisor,ambikacin 500,-1
triloupe,trialoc,-1
irnizet 500,iron sucrose ferric hydroxide sucrose complex,-1
scheepril,shegrel,-1
decicord,dichlorobenzyl alcohol amylmetacresol vitamin c,-1
prosride,prozart plus,-1
tobrasaph,tobramycin sulfate dexamethasone sodium phosphate,-1
finox,finasteride,-1
tai chi ginger,tasigna,-1
satcapto 25,stalip a 50,-1
immunostan,immumax,-1
fusedex,akeedex,-1
multivitamins mineral buclizine,multivitamins chlorella growth factor lysine taurinezinc,-1
brospec,biorose,-1
adisart,angihart,-1
novarox 10,novpara 125,-1
naflax,noflu plus,-1
blanc white,balanced multiple replacement solution for iv infusion,-1
accexime,accecef,1
eurovox,erubixine 50,-1
medcit,metazidix,-1
irnizet 500,iron zinc folic acid,-1
fixnar,fusion,-1
andros,andiospec,-1
golfen 400,gem pan 200,-1
fixnar,figna 5,-1
nir ns,nu ro max,-1
surinem 1000,sorbance 10,-1
hydrocortibas,hydroclear,-1
perindopril erbumine,premarin,-1
choicesulin,citcole,-1
moxifloxacin hydrochloride dexamethasone phosphate sodium,mycophenolic acid mycophenolate sodium,-1
dexamethasone,dexamethasone neomycin sulfate polymyxin b sulfate,1
ulzim,plazimide,-1
iv pro,cefipro,-1
levohab,levofloxacin hydrochloride,-1
capddpca 4,capddpca 2 stay safe link,1
acalabrutinib,azalan,-1
tafnext,tafnext em,-1
flamex,folimax,-1
episert,epokine,-1
tdlplus,alventil plus,-1
euroferron,pro ferr,-1
tobrasaph,tobrago,-1
brospec,berazoba 225,-1
saphtriaxone,saphvothyrox,-1
dextricyl,dextromethorphan hbr phenylpropanolamine hydrochloride paracetamol,-1
gesidol,esitalo,-1
curafen,carbomux plus,-1
gentakast 10,gentasaph 40,-1
ifamso,ifimol iv,-1
novataxel 20,nabota,-1
celcarb,celecophar,-1
levohab,levobupivacaine hydrochloride,-1
ingesta for adults,new neurogen e for export only,-1
lonoxie,tonnaxe,-1
zytapram,zydip,-1
valugan,veloxin,-1
bezogen,brexen,-1
bestricare,bacterial lysate,-1
capsuflex,cefac,-1
dyvelamer,difflam gargle,-1
ingesta for adults,co amoxiclav see reverse for formulation,-1
surinem 1000,sorane,-1
xozid,diuzid,-1
vostrin,doxtralin,-1
dalinc,dalacin c,1
ceenovit,colvit s,-1
nephrone,neprotect,-1
conchoice,chemoject,-1
oratrime,oratane,1
oxy pol,tygepol,-1
co aleva,co life 457,-1
furorad,feromate plus tab,-1
episert,eposis,-1
curafen,carbomer,-1
coughlogen,cyclox,-1
valium,valcimox ds,-1
heparin sodium,scheeprin,-1
bonpime,bonamine,-1
zophizole,pipzolen,-1
glysolin 3070,glycol salicylate l menthol tocopherol acetate vitamin e dl camphor,-1
allergo,alerest,-1
ad c plus,foliage b plus,-1
xotacil,siti cillin,-1
leverap,leavur,-1
bendared,bendamustine hydrochloride monohydrate,1
accetaxime,actazone,-1
fox balm,fosfa,-1
clusivol plus,cloxipen,-1
losacura,lostar,-1
glycinorm 80,glycemed 750,1
rifampicin isoniazid,rifam s,-1
lewinamic,lenangio 25,-1
paracetamol phenylephrine hcl chlorpheniramine maleate,paracetamol guaifenesin phenylephrine hydrochloride dextromethorphan hydrobromide chlorpheniramine maleate,-1
medliptin,methylpred,-1
invokana,infekor,-1
cixtor z,k citriz,-1
gentimin,gentaxin,1
heparin sodium,tobramycin dexamethasone sodium phosphate,-1
chlorsaph,chlorhexidine gluconate,-1
avertin,abiraterone,-1
mucostan,mucocetyl,-1
neostilex,resdil,-1
doxylamine succinate pyridoxine hydrochloride,duosulin n,-1
goutrol,goxetrol,1
curafen,carbenoxolone sodium,-1
aclasta,aesculus hippocastanum lb escin horse chestnut seeds,-1
amnique 5,anin 50,-1
gavlin,gablin plus,1
sitrizine,s troz,-1
albunorm 20,alphanine sd 500 iu,-1
telarb ccb,clarbact,-1
renalog,azlo,-1
gentakast 10,gentacid,-1
telcard 20,telsartin 80,-1
somex,sensomox,-1
spivar,hapivir,1
amiodex,antiox,-1
sirdalud,cardialta,-1
capsuflex,calsup l,-1
episert,ekosart,-1
fox balm,fosap,-1
pak c,pipbac,-1
sym2,symdemax,-1
dibavit,dialiptin 100,-1
resaire,tesar,-1
satcapto 25,sitazit 50,-1
ad c plus,bida c,-1
tobramet,tobrasafe,-1
suncetin tab,sensodex,-1
retazar,rapzar,-1
gavlin,gozolin,-1
candiva v gel,candez,-1
bluemedzole,glumet,-1
bonpime,bonicent,-1
prinson,pirenoxine,-1
merpetri,myrevit b,-1
gapaxin,plaxin,1
avazart,apciron forte,-1
alco katinko,alco aid,-1
solphride,solif,-1
tdlplus,salflusol mdi,-1
ambisor,ambical,-1
albutein 25 solution,soluvit n,-1
novarox 10,naproxen,-1
baamcillin 250,enaz 250,-1
trental,tramadin plus,-1
ramgesic,relsis,-1
accetaxime,azitas,-1
monastar,minacid,-1
dobutamine,dextamin,-1
iprazo 45,g praz,-1
zytrex,vitarex c,-1
betamethasone dipropionate gentamicin sulfate clotrimazole,betavate,-1
omepace,omepratel,-1
ambisor,ambikacin 250,-1
lewinamic,luming e 400,-1
lostar,losark,1
ascor kid,azcor c,-1
teramol,tramkor,-1
omepace,omeptam,-1
cistovent,isotab,-1
bonpime,bomplex,-1
episert,epoguard,-1
progefil,porsprazole,-1
velbastine,azelastine hydrochloride,-1
virbez,irbesaph 300,-1
retazar,retaclav,-1
rhedin 75,lodine,-1
lupizin,lupigliptin plus,-1
belfur,sulfur zinc oxide resorcinol salicylic acid,-1
angioten,amkoteine,-1
gastropem,gastrosaph,-1
ibuprofen,irofer,-1
ibuprofen,isufer,-1
esmolife,esomep,-1
iprazo 45,ipracare,-1
fixidrops,easy drop,-1
zinetab,imotab,-1
multivitamins mineral buclizine,multivitamins fluoride iron see reverse for complete formulation,-1
olopatadine hydrochloride,oxytetracycline hydrochloride polymyxin b sulfate,-1
klopi,zolppi,-1
adisart,lodeesart,-1
viteron,vitgen plus,-1
santron,pantorone,-1
oxy pol,maxcee plus,-1
afaxor 150,zefsur 1500,-1
gocifime,goxib,-1
ingafol,incobal,-1
vertasanz,vertikind 16,-1
sulfur zinc oxide salicylic acid,valproic acid,-1
harvimide,harline,-1
decicord,decodrin,-1
diavin 500 xr,dopamax,-1
epival,nebivolol hydrochloride amlodipine besilate,-1
vancocym,vancosaph 500,-1
amlo med 5,amlin,-1
fox balm,pou siu balm,-1
vamcetin,vancotan 1000,-1
licegone,liquisone,-1
katinko ginger patchouli scent,katinko sports max relief,-1
propicillin,propess,-1
andros,amitriptyline hydrochloride,-1
celcarb,cylocortix 250,-1
metovasc,metalyse,-1
premiliptin plus,peramol,-1
startline 25,stardol 300,-1
regizole,rasagiline mesilate,-1
lisnoxl 10,42 glucose 20 lipids emulsion 10 amino acids with electrolytes,-1
saphmox 500,saphlexin 250,-1
epival,epibbas,1
neovite,nebido,-1
clostridium botulinum toxin type a,cilostazol,-1
blicyclo 400,bligem,-1
choicesulin,citicoline,-1
medroxcure,medrizine,-1
tocilizumab,omalizumab,1
acce clav,acyclovir sodium,-1
clostridium botulinum toxin type a,colistat,-1
acce clav,acecef,-1
gesidol,gasidone,1
risponz,roxipan,-1
rispedin 2,rispenza 2,-1
folifron ob,follitropin alfa,-1
fixidrops,foster,-1
vagclr m,varilrix,-1
rhedin 75,medwin,-1
dixspiro,docpirin 80,-1
sym2,sone 10,-1
trimaxone,trance,-1
decicord,doxocare,-1
clobazam,clovixa,-1
vfresh aromatherapy green tea,virest,-1
astiget,aizet,-1
xozid,loxaid,-1
chocoflem,coxapill,-1
cofzol cs,cefiglob 400,-1
valugan,valicon,-1
yucordin,ascortain,-1
loragen plus,larzan,-1
isoconazole nitrate diflucortolone valerate,iso quinosil,1
broncodam,bronchosaph dm,-1
dextromethorphan hydrobromide guaifenesin,dextro,-1
zobrixol,zefarox,-1
esotid 40,eastidine,-1
oratrime,orapred,-1
levoxid,levocetirizine dihydrochloride montelukast sodium,-1
stilnox,sitadin,-1
ole,olphi,-1
vitguard c,vitacor c,-1
pak c,paxiclav,-1
dyvelamer,sevelamer carbonate,1
finox,fenocare,-1
ramgesic,ranex,-1
satcapto 25,latasopt,-1
cylocortix,clacure,-1
ingafol,inspra,-1
deslorastal,desflo,-1
satcapto 25,stalevo 5,-1
pecfent,parfein,-1
iselpin,syclopid,-1
rispedin 2,risperidone,1
vitarose,viatrex,-1
ingesta for adults,invega,-1
ameval,ampihil 15,-1
neozep,neozep z non drowsy,1
licegone,accexone,1
rexibile,racifluoro,-1
herbamed,orfemed,-1
bluemedzole,solu medrol,-1
brospec,broxifil,-1
yucordin,ascortain z,-1
sivab,spaira,-1
khrizvela,khrizcopan 20,-1
episert,episartan,1
prosride,parazar iv,-1
ole,zolevi,-1
recombinant human erythropoietin alfa,roximuf,-1
glucosamine sulfate scutellaria baicalensis baikal skullcap root extract acacia catechu catechu heartwood extract,glik s,-1
verist 16,aristor 15,-1
bezogen,begesic,-1
biolipy,xglip,-1
coldrex ppa,co altria,-1
cloracef,celerich,-1
plone 5,polynerv 1000,-1
celetor 200,clotrimazole betamethasone dipropionate gentamicin sulfate,-1
aminoleban,anemles,-1
ketorine,ketoronav,1
micophil,moxiflox,-1
zytrex,zithroquest,-1
medliptin,methylpredsaph,-1
lipisim,lifehistine,-1
cylocortix,celecure,-1
rispedin 2,rizvit,-1
bligem,bitagen,-1
diavin 500 xr,difenax reformulated,-1
eurogyl,eurosalbu plus,-1
recombinant human erythropoietin alfa,rosunav,-1
oppisartan 40,pynocare 40 actisome,-1
biopril,saphril,-1
jon c,bylo c 500,-1
xotacil,cataclon,-1
vancocym,vancocym 500,-1
zyklor,zyloprim,-1
gocifime,gocef iv,1
vitaplex b,vita e plus,-1
re leaf,povidone iodine psidium guajava l guava leaf,-1
iv pro,ibuprofen phenylpropanolamine hydrochloride chlorphenamine maleate,-1
blicyclo 400,blimuca 600,-1
cefogram,cefac,-1
sterica,strozin,-1
paracetamol phenylephrine hcl chlorpheniramine maleate,paracetamol ascorbic acid,-1
diavin 500 xr,dafenac,-1
aminotrene,amantadine sulphate,-1
zinetab,zometa,-1
ciprosan 3,ciprodan 750,1
ingesta for adults,inox,-1
riscare odt,nicarden,-1
frosem,furosemide,1
ciprosan 3,ciprojaz,-1
easekin,estamin,-1
efamed,capomed,-1
fina 5,db 5,-1
clocephen,calceevit,-1
frosem,furosam,1
vitarose,itrazole,-1
oratrime,arthrimed 60,-1
pralec,prolohex,-1
multivitamins mineral buclizine,multivitamins chlorella growth factor lysine zinc,-1
glucosamine sulfate scutellaria baicalensis baikal skullcap root extract acacia catechu catechu heartwood extract,glucose amino acids electrolytes vitamin b1,-1
mixigil,moxifloxacin hydrochloride,-1
baamcillin 250,brezofree 250 synchrobreathe sb,-1
alco katinko,alkacit,-1
decicord,dichlorobenzyl alcohol amylmetacresol lidocaine hydrochloride,-1
amikacy 250,amikacent 500,1
methyxale 500,metocol,-1
capddpca 4,copide,-1
carac h,ceurox 500,-1
ingesta for adults,insuget n,-1
iv pro,ivatrol,-1
novthasone,novataxel 20,-1
efamed,efamed plus,1
clusivol plus,colzap,-1
maxitrol,mixtard 30,-1
capsuflex,c pac,-1
deconsaph plus,desicox,-1
eloxatin,electab,-1
bezogen,bonsenz,-1
vitacinc,vitamin b complex choline bitartrate inositol,-1
duasaph,diacef,-1
eucet,decita,-1
losargard,losartan potassium hydrochloride,-1
ciprosan 3,ciprocon,-1
synflorix,anfloxol,-1
gazgo,gicox,-1
glysolin 3070,gluclamin,-1
follitrope,aefol,-1
celcarb,cefacare,-1
krenazol,farmazole,1
xovax,xpecia,-1
levohab,lepiva 250,-1
ambisor,ambikacin 100,-1
sterica,seterus,-1
fixidrops,foster nexthaler,-1
novazithro,novacetyl 600,-1
azurin,ascorbic acid taurine lysine monohydrochloride,-1
immutrax,numetrax,1
harvifer,harbimox,-1
oxy pol,oxozolin,-1
sitapro,sytopril,-1
cefuroxime axetil clavulanate potassium,cyfrox,-1
latochek,lidotech,-1
bligem,blefime,-1
easekin,dexasan,-1
clostridium botulinum toxin type a,cilostan cr,-1
