cefudec,cefudex,cefufer,cefuget,cefuker,cefumed,cefured,cefurex,cefusea,cefutex,cefuvex,cefuzel,cefuzen
beisartan,besartan,gensartan,leesartan,melsartan,neosartan,newsartan,telsartan,versartan,welsartan
bezogen,cefogen,fenogen,ferogen,hemogen,ketogen,levogen,renogen,senogen,vesogen
cefarex,cefavex,cefazex,cefevex,cefovex,ceftrex,cefudex,cefurex,cefutex,cefuvex
cefulab,cefulax,cefumac,cefumax,cefupak,cefurax,cefutam,cefutaz,cefuxal,cefuxan
ketohab,ketolac,ketoman,ketomax,ketonav,ketorac,ketoran,ketosan,ketoxam,ketozar
cefarex,ceftrex,cefudex,cefurax,cefured,cefurex,cefurox,cefutex,cefuvex
geoxime,kelxime,kepxime,medxime,newxime,penxime,seaxime,terxime,zenxime
hydrobet,hydroden,hydrodex,hydrofer,hydromel,hydropel,hydroper,hydrovex,hydrozen
ketocid,ketodix,ketofix,ketolit,ketomin,ketomix,ketotif,ketovid,ketoxil
ketodol,ketojos,ketolon,ketonob,ketonol,ketonov,ketotop,ketoxol,ketozol
lavoxin,lefoxin,levocin,levofin,levorin,levotin,levoxid,levoxin,levoxina
parabam,parajaz,paramax,paranat,parasan,paratam,paraway,paraxam,parazar
paradex,parafer,paragen,parajen,paralex,paramed,paraver,parazel,parazen
tazobet,tazodec,tazofed,tazogen,tazoget,tazonex,tazopen,tazovee,tazovex
astagen,bitagen,butagen,catagen,cutagen,optagen,sitagen,vitagen
cefaden,cefagen,cefazen,cefegen,cefiden,cefigen,cefogen,cefuzen
cefudex,cefulax,cefumax,cefurax,cefurex,cefurox,cefutex,cefuvex
ciprobay,ciprojaz,ciprolax,cipromar,cipromax,cipronat,ciprosan,ciprotam
ketobet,ketoden,ketogen,ketolex,ketomed,ketonep,ketorex,ketovex
ketoden,ketogen,ketojun,ketolon,ketoman,ketomin,ketoran,ketosan
levobet,levocec,levocer,levogen,levomed,levomef,levores,levoxel
levocin,levocit,levofin,levorin,levoriz,levotin,levoxid,levoxin
acetadol,betadol,cetadol,cetamol,cetodol,cetradol,ketadol
aeprazole,esprazole,geoprazole,giprazole,goprazole,peprazole,zeprazole
aeprazole,esprazole,giprazole,goprazole,peprazole,viprazole,zeprazole
aeprazole,mepazole,meprazol,omeprazole,peprazole,qmeprazole,zeprazole
aviclav,axiclav,haiclav,mabiclav,paxiclav,raniclav,rapiclav
axiclav,coxiclav,goxiclav,paxiclav,roxiclav,vexiclav,voxiclav
betadol,betasol,cetadol,cetamol,ketadol,ketarol,retazol
cefaden,cefagen,cefamed,cefarex,cefavex,cefazen,cefazex
cefagen,cefegen,cefigen,cefogen,mefegen,sef3gen,zefegen
cefamed,cefdomed,cefpomed,ceframed,cefrimed,ceftamed,cefumed
cefarex,ceftrex,ceftrix,ceftrox,cefurax,cefurex,cefurox
cefazex,cefudex,cefurex,cefutex,cefuvex,cefuzel,cefuzen
cefotax,cefulax,cefumax,cefurax,cefutam,cefutaz,cefutex
cefuhil,cefumin,cefuvic,cefuvil,cefuvin,cefuxil,cefuxim
fadzole,haizole,jaczole,marzole,maxzole,panzole,ranzole
folicel,folifer,foligen,foliget,folijen,folimed,folimer
furoden,furogem,furogen,furomed,furonex,furoxen,furozep
ketodix,ketofix,ketolex,ketomax,ketomix,ketorex,ketovex
lavoxin,levocin,levofin,levorin,levotin,levoxin,lovorin
levocin,levofin,levorin,levoriz,levotin,levoxin,lovorin
muconil,mucopid,mucoriz,mucosil,mucosin,mucotil,mucovin
neurobe,neurofed,neurokem,neurolem,neurolev,neuromed,neuromet
neurobiz,neurocil,neurolin,neurolit,neuroliz,neurovit,neuroxin
nicarden,nicardin,nicargen,nicarpin,nicarsin,nicarson,nicarvin
aerolac,dyrolac,eurolac,marolac,sorolac,zirolac
aezolin,bezolin,cizolin,fazolin,gozolin,hazolin
allercef,allerex,allerfen,allerjec,allermed,allerzet
allergix,allerkid,allermin,allernil,allertin,allertis
ambrogen,ambrolem,ambrorex,ambrosel,ambroset,ambroxed
amgesic,argesic,begesic,gogesic,higesic,togesic
amgesic,argesic,fasgesic,nalgesic,ramgesic,vamgesic
amlobes,amlogen,amlomel,amlopex,amlorex,amlotel
amlodac,amlofar,amlonav,amlosar,amlovac,amloxar
bestamol,betadol,betamox,betasol,butamol,cetamol
betacor,betadol,betaloc,betamox,betasol,betazok
betadol,cetadol,cetodol,ketadol,ketodol,metidol
bettrix,ceftrix,celtrix,fedtrix,gentrix,keptrix
bitagen,catagen,citagem,cutagen,sitagen,vitagen
cefagen,cefegen,cefigen,cefogen,cefuget,cefuzen
cefamax,cefimax,cefotax,cefulax,cefumax,cefurax
cefamax,cefimax,cefulax,cefumac,cefumax,cefurax
cefamed,cefixed,cefrimed,cefumed,cepimed,zefimed
cefarex,ceftrex,ceftrix,ceftrox,cefurex,centrex
cefexil,cefoxid,cefoxin,cefoxit,cefroxil,cefuxil
cefexil,cefoxid,cefoxin,cefoxit,cefuxil,cefuxim
cefexil,cefuhil,cefuvil,cefuxal,cefuxil,cefuxim
ceforin,ceftrina,ceftris,ceftrix,ceftron,peftrin
ceforin,geworin,levorin,meforin,senorin,zeporin
cefoxin,cefumin,cefuvin,cefuxan,cefuxil,cefuxim
cefoxin,hemoxin,lefoxin,levoxin,meroxin,veloxin
cefroxime,eroxime,euroxime,georoxime,neoroxime,teroxime
cefthix,ceftrex,ceftris,ceftrix,ceftrox,celtrix
ceftrox,cefurax,cefurex,cefurox,cefuroxx,kefurox
cefudex,cefumax,cefumed,cefurex,cefutex,cefuvex
cetodol,ketadol,ketodol,ketonol,ketoxol,ketozol
cetodol,ketodol,ketonol,ketoxol,ketozol,metocol
cholimed,clobimed,clonimed,clopimed,clovimed,coximed
clavimox,clavmax,clavmex,clavmox,clavomax,clavomex
clindacin,clindalon,clindaman,clindasan,clindason,clindaxin
clobimed,clonimed,clopimed,cloprimed,clormed,clovimed
coxiclav,domiclav,duoxiclav,goxiclav,roxiclav,voxiclav
coxiclav,duoxiclav,geoxiclav,goxiclav,roxiclav,voxiclav
coxiclav,geoxiclav,goxiclav,roxiclav,vexiclav,voxiclav
dexplatin,genplatin,henplatin,hexplatin,medplatin,neoplatin
diclobet,diclofed,diclogen,diclomet,diclosea,diclozed
dobubax,dobumak,dobumax,dobusan,dobutam,dobutax
eroxime,euroxime,georoxime,goroxime,groxime,teroxime
eroxime,euroxime,georoxime,goroxime,neoroxime,teroxime
eroxime,euroxime,goroxime,groxime,raroxime,teroxime
eroxime,georoxime,geoxime,goroxime,groxime,teroxime
ezrazole,farazole,frazole,itrazole,porazole,urazole
ferogen,furoden,furogem,furogen,furoxen,purogen
folicon,folidyn,foligen,folijen,folitan,folivin
histacet,histafen,histalev,histamed,histapen,histarex
ketadol,ketarol,ketodol,ketonol,ketoxol,ketozol
ketodol,ketonol,ketonov,ketosolv,ketoxol,ketozol
ketolex,ketomax,ketomed,ketomix,ketorex,ketovex
levepraz,leveram,leverap,levetaz,levetra,levetrax
levocin,levofin,levogen,levorin,levotin,levoxin
levoxac,levoxel,levoxid,levoxin,levoxol,levoxus
loragen,loraget,loramed,loraped,lorarex,lorazet
medizole,medzole,meedzole,menizole,mepazole,metzole
metroden,metrogem,metrolev,metromet,metrovee,metrozen
metrogil,metromic,metromin,metrovia,metrovin,metroxid
multiden,multigen,multilem,multinem,multivex,multizee
nazogen,razogen,taxogen,tazogen,tazoget,tazopen
nervita,nervital,nervite,nervitex,nerviton,nervitz
neurolin,neurolink,neurolit,neuroliz,neuroxin,nurolin
nicarden,nicardia,nicardin,nicarpin,nicarsin,nicarvin
nicardia,nicardin,nicargio,nicarpin,nicarsin,nicarvin
nicardin,nicarfion,nicargio,nicarpin,nicarsin,nicarvin
nicardin,nicarfion,nicarpin,nicarsin,nicarson,nicarvin
nicardin,nicargen,nicargio,nicarpin,nicarsin,nicarvin
pantocin,pantodix,pantonil,pantonix,pantovic,pantozim
pantofar,pantohab,pantomax,pantovaz,pantoxac,pantozar
salbuden,salbufed,salbugen,salbumed,salbunex,salbutec
tazobak,tazobal,tazokab,tazosan,tazosar,tazotaz
triacef,triascef,triaxcef,tribacef,triocef,trixcef
abazine,blazine,clazine,evazine,grazine
aceclav,amoclav,asyclav,aviclav,axiclav
acicare,ampicare,aspicare,azicare,epicare
aepotin,dapotin,dypotin,gepotin,zepotin
aepotin,epotin,epotine,gepotin,zepotin
aeprazole,esprazole,ezrazole,peprazole,zeprazole
aeromax,ketomax,levomax,meromax,zemomax
akrizine,efrizine,gorizine,lorizine,trizine
alagesic,algesia,amgesic,argesic,nalgesic
alixime,elixime,imixime,trixime,unixime
ambiclav,amoclav,amoiclav,aviclav,axiclav
amdozar,amlofar,amlosar,amloxar,amlozaar
amfurox,cefurox,gofurox,kefurox,syfurox
amlocare,amlocor,amlofar,amlosar,amloxar
amlocare,amlofar,amlokard,amlosar,amloxar
anazole,diazole,flazole,frazole,urazole
anazole,dynazole,ennazole,xanazole,xenazole
anazole,farazole,flazole,frazole,urazole
anazole,farazole,nahazole,tapazole,xanazole
apoxime,bioxime,eroxime,geoxime,groxime
appebon,appemin,apperon,appetan,appexon
axiclav,haiclav,mabiclav,maxclav,paxiclav
axiclav,paxiclav,raniclav,rapiclav,roxiclav
begesic,biogesic,gogesic,higesic,togesic
beraxime,eroxime,ferexime,teroxime,terxime
besartan,fisartan,jisartan,mysartan,ysartan
betadol,cetadol,femadol,ketadol,megadol
betadol,cetadol,ketadol,ketarol,ketodol
betadol,cetadol,ketadol,megadol,metidol
betamed,catamed,cefamed,ceftamed,cetamid
biogesic,ecogesic,gogesic,progesic,togesic
biosaph,digosaph,lidosaph,micosaph,timosaph
bitagen,sitagen,vitagen,vitagene,vitagin
brezole,frazole,grozole,trizole,urazole
butamol,cetamol,gotamol,optamol,zitamol
calagen,catagen,cefagen,conagen,cutagen
calagen,catagen,laxagen,paragen,rasagen
calmate,calsate,calxate,kaltate,salmate
carimax,curemax,curimox,eurimax,furimax
cefaden,cefagen,cefazen,cefazex,cefuzen
cefaden,cefarex,cefavex,cefazex,cefudex
cefaden,cefiden,cefudec,cefudex,cefuzen
cefagen,cefegen,cefgen,cefigen,cefogen
cefalin,cefolan,cefolic,ceforin,cefoxin
cefalin,ceforin,cefoxin,cefumin,cefuvin
cefamax,cefamed,cefarex,cefavex,cefazex
cefamax,cefimax,ceftamax,cefumax,zefamax
cefamed,cefpomed,cefrimed,cefumed,cepimed
cefamed,cefumed,mefemed,zefimed,zefumed
cefexil,cefphil,cefuhil,cefuvil,cefuxil
cefitrax,ceftrex,ceftrix,ceftrox,cefurax
cefixime,elixime,medixime,regixime,zelixime
cefogen,cefolan,ceforin,cefosan,cefoxin
cefohab,cefolan,cefonav,cefosan,cefotax
cefolic,ceforin,cefoxid,cefoxin,cefoxit
ceforin,cefoxid,cefoxin,cefoxit,lefoxin
ceforin,cefoxin,lefoxin,meforin,sefozin
ceforin,cefumin,cefurine,cefuring,cefuvin
cefoxid,cefoxin,cefoxit,lefoxin,sefoxib
cefphil,cefuhil,cefuphil,cefuvil,cefuxil
ceframed,cefrimed,ceftamed,ceftriamed,ceftrimed
ceframed,ceftamed,ceftriamed,ceftrimed,centramed
ceftrex,ceftris,ceftrix,ceftron,ceftrox
ceftrex,ceftrix,ceftron,ceftrox,cefurox
ceftrex,ceftrix,ceftrox,celtrix,centrex
cefugine,cefumin,cefurine,cefuring,cefuvin
cefuhil,cefuvil,cefuxal,cefuxil,cefuzel
cetamin,dextamin,estamin,gentamin,vertamin
ciprocon,ciproden,ciprogen,ciprosan,ciproson
ciproden,ciprodex,ciprogen,cipromet,ciproted
ciproden,ciprogen,ciprosan,ciprosenz,ciproson
citifar,citikar,citimak,citisan,cititab
claribid,clarifix,clarimid,claritin,clariwi
clavimox,clavmax,clavmex,clavmox,cluvmox
clavmax,clavmed,clavmex,clavmox,clavomex
clopida,clopifar,clopilar,clopinav,clopivaz
clotimax,clovimax,colimax,logimax,lopimax
cloxia,cloxid,cloxil,cloxim,cloxin
colimax,folimax,gozimax,logimax,lopimax
corxiclav,coxiclav,goxiclav,roxiclav,voxiclav
demicef,domicef,fumicef,gemicef,romicef
dexahab,dexamak,dexamax,dexaram,dexasan
dexpenem,eopenem,mepenem,merpenem,seapenem
dobubax,dobulex,dobumax,dobunex,dobutax
dobugen,dobukon,dobumin,dobusan,dobuzin
dobugen,dobulex,dobumed,dobunex,dobuzef
dobumak,dobumax,dobumean,dobumed,dobumin
dobumak,dobumax,dobumean,dobumin,dobusan
docvasc,golvasc,lorvasc,norvasc,solvasc
emizole,haizole,onizole,quizole,trizole
emizole,medizole,menizole,regizole,terizole
eoferon,foceron,iomeron,noveron,romeron
eurofen,furoden,furogen,furoxen,purogen
evoflox,lenoflox,levflox,levoflox,levolox
fencare,fenocare,venacare,venocare,ventcare
fenobet,fenofex,fenogen,fenolex,fenomel
fenogen,janogen,kinogen,renogen,senogen
fenogen,ketogen,kinogen,renogen,senogen
fenogen,lenagen,levogen,renogen,senogen
fenogen,lenagen,penegen,renogen,senogen
folicaid,folicap,folicard,folicare,folicass
foligen,foliget,folijen,soligen,zoligen
foligen,foliget,soligen,zoligen,zoliget
foligen,folijen,solifen,soligen,zoligen
foligen,povigen,soligen,vorigen,zoligen
foligen,soligen,volugen,vorigen,zoligen
frazole,porazole,prazolex,prazome,urazole
fucozole,mycozole,nicozole,ricozole,vocozole
furoden,furogen,furosan,furosenz,furoxen
gastrohex,gastrolex,gastromec,gastropem,gastrozen
gentacid,gentamin,gentavin,gentaxin,gentocin
gentamin,gentavin,gentaxin,gentimin,gentocin
genxone,geoxone,gioxone,grexone,groxone
gonazol,kodazol,novazol,solazol,womazol
hemoden,hemogen,hemovee,hemovein,hemovin
hemoden,hemogen,hemovein,hemovin,hemoxin
hemoden,hemosdin,hemovein,hemovin,hemoxin
hemonid,hemovin,hemovit,hemoxid,hemoxin
hydroden,hydropel,hydroper,hydrophen,hydrozen
ipraden,iprafer,ipramed,ipraneb,ipratec
janogen,nazogen,razogen,taxogen,tazogen
kemazol,ketadol,ketarol,ketozol,retazol
ketocid,ketomed,ketomin,ketomix,ketovid
ketoden,ketodix,ketolex,ketorex,ketovex
ketoden,ketogen,ketoman,ketomed,ketomin
ketodix,ketofix,ketolex,ketolit,ketomix
ketodix,ketofix,ketomax,ketomin,ketomix
ketodix,ketofix,ketomix,ketovex,ketovid
ketodol,ketonol,ketoxil,ketoxol,ketozol
ketolac,ketolon,ketoman,ketoran,ketosan
ketolac,ketorac,ketoran,ketorzac,ketozar
ketoman,ketomax,ketomed,ketomin,ketomix
ketoman,ketomax,ketomin,ketoran,ketosan
ketonav,ketonep,ketonob,ketonol,ketonov
ketonav,ketonob,ketonol,ketonov,ketonova
ketonep,ketonob,ketonol,ketonov,ketotop
lanoxin,lavoxin,lefoxin,levoxin,ligoxin
leeflox,lenoflox,levflox,levoflox,levolox
levobet,levocec,levocent,levocer,levocit
levobet,levocec,levocent,levocer,levogen
levocec,levocent,levocer,levocin,levocit
levocec,levocent,levocer,levocin,levogen
levocec,levocer,levocin,levocit,levocof
levofar,levohab,levomax,levonat,levoxac
litatin,ritalin,sitadin,vitagin,vitatin
marecef,myrecef,purecef,surecef,threcef
marzole,maxzole,medzole,metzole,mizzole
maxidex,maxifer,maxigen,maximet,maxitel
medroxin,merowin,meroxin,metromin,metrovin
medroxin,meroxin,metromin,metrovin,metroxid
mefecap,mefejal,mefenak,meferap,mefetab
meforin,melodin,merowin,meroxin,metovin
meroden,meropen,merowin,meroxin,merozan
meroden,meropen,metoden,metroden,metrozen
merohil,meronix,merowin,meroxin,merozil
merowin,meroxin,merozan,merozil,terozin
merowin,meroxin,metovin,metromin,metrovin
moxibac,moxibam,moxicam,moximac,moxitam
neovita,neovite,nervita,nervite,nervitz
neovita,nervita,nervital,nervite,nervitz
neovite,nervita,nervite,nervitex,nervitz
nervigo,nervita,nervite,nerviton,nervitz
neurolem,neurolev,neurolin,neurolit,neuroliz
neurolin,neurontin,neuropain,neurovein,neuroxin
nicarden,nicardia,nicardin,nicardo,nicarduz
nicardin,nicarpin,nicarpine,nicarsin,nicarvin
omepram,omeprex,omeprob,omepron,omeprox
omeprob,omepron,omeprox,omepsol,ometrol
paracent,paracon,paragen,parajen,parazen
paracon,paragen,parajen,parasan,parazen
parafer,paraver,parazar,parazel,parazen
tazocin,tazogen,tazomin,tazopen,tazosan
triagen,trimagen,trimegen,tripgen,trizogen
triaxole,triaxone,triazone,trimaxone,trioxone
triaxone,triazone,triodone,trioxone,tritone
ursoden,ursogen,ursokon,ursolin,ursosan
vancocy,vancocym,vancocyn,vancory,vancoxyc
vancocyn,vancokin,vancolon,vancosan,vancoson
vitacef,vitadex,vitagen,vitares,vitazee
abazine,alamine,blazine,clazine
abrexin,adrenin,alrezin,aprezin
acetagen,astagen,catagen,cutagen
acetagen,catagen,cefagen,cutagen
acicare,azicare,epicare,uricare
actacil,amtacil,vatacil,xotacil
actimax,ambimax,ampimax,angimax
actimax,dutimax,sitimax,ultimax
adrecort,aurocort,drocort,edrocort
aecoline,mecline,mecolzine,medoline
aefox,aelox,aeox,aerox
aepotin,gepotin,levotin,zepotin
aepotin,gepotin,zeporin,zepotin
aepramide,gopramide,ipramide,pramide
aericure,uricure,varicure,zuricure
aetaxime,beraxime,retaxime,seaxime
africid,fericid,loricid,tyricid
alagesic,amgesic,aptgesic,argesic
alamine,alcaine,alfadine,alodine
albroxol,gobroxol,lebroxol,sybroxol
albumax,dobumax,febumax,nebumax
alcaine,locaine,recaine,rocaine
aldazole,cleazole,elbazole,flazole
alixime,elixime,flexime,plaxime
alixone,gavixone,haixone,tamixone
allerex,allergo,allerof,allerta
allerfen,allergon,allermin,allertin
allergix,allergon,allermin,allertin
altacef,setacef,titacef,vitacef
altoflox,altolax,altomox,altovox
ambiclav,aviclav,axiclav,mabiclav
ambidol,ambimox,ambisor,ambitox
ambrogen,ambrosel,ambroset,ambrosyn
aminocent,aminoden,aminoket,aminoven
amiodex,amlopex,amlorex,amsodex
amlodine,amlopin,amlotin,amlovin
amlogen,amlopex,amlopin,amsopen
amlogen,amlopin,amlotin,amlovin
amlomel,amlosil,amlosyl,amlotel
amlopin,amlosil,amlotin,amlovin
amlopin,amlothin,amlotin,amlovin
amlopin,amlotin,amlovin,amsolin
amlopin,amlotin,amlovin,aploxin
amlosar,amlosil,amlosky,amlosyl
amoclav,duoclav,gloclav,inoclav
amoxiflox,moxiflax,moxiflo,moxiflox
ampicare,aspicare,epicare,mupicare
ampicin,gopicin,mupicin,popicin
ampiden,aspidon,aspigen,aspizen
ampimar,ampimax,ampiral,ampitam
amsodex,amsomep,amsopen,amsowel
anazole,frazole,ranzole,urazole
anazole,panzole,ranzole,xanazole
anazole,rainazole,ranzole,xanazole
angicee,angimed,angimet,angitec
antamed,bactamed,betamed,catamed
antamed,betamed,catamed,gotamed
antamin,cetamin,estamin,gentamin
apoxime,danoxime,raroxime,sanoxime
apoxime,eroxime,groxime,raroxime
appeczin,appemin,appezinc,aprezin
argesic,gogesic,progesic,togesic
ascorbex,ascorgen,ascorlex,ascortec
asmagen,asmaler,asmalex,asmalin
asmagen,asmaler,asmalex,asmamed
asmaler,asmalex,asmalin,asmalox
asmaler,asmalex,asmalox,asmaplex
aspidon,aspigen,aspirin,aspizen
atocard,duocard,myocard,neocard
atocard,metocard,myocard,neocard
atorbet,atorgen,atorlee,atorzet
avastin,govastin,ovestin,rovastin
aviclav,axiclav,haiclav,triclav
azithrom,xithrom,zithrol,zithrox
aztocin,extocin,mytocin,xetocin
bacrocin,davrocin,tacrocin,zarocin
bacticef,bacticin,bacticon,bacticox
bacticon,bacticox,bactidol,bactiox
bactrex,pantrex,ramtrex,valtrex
beisartan,besartan,fisartan,jisartan
beisartan,episartan,fisartan,jisartan
belavit,cefavit,dexavit,megavit
berapraz,megapraz,retapraz,terapraz
bestamol,cetamol,rextamol,westamol
bestatin,fedstatin,neostatin,reestatin
bestatin,neostatin,onestatin,reestatin
betacard,betacare,betacert,betacor
betacard,betacare,betacor,betazar
betacare,cefacare,hemacare,venacare
betadex,betalex,betamed,betamox
betadol,betasol,betazok,retazol
betadol,cetadol,ketadol,vitadol
betamed,cefamed,hepamed,telamed
betasol,cetadol,cetamol,cetrasol
betazar,retasar,retazar,retazart
bexime,cexime,mexime,zexime
bezogen,nazogen,razogen,tazogen
biocort,brocurt,broncort,drocort
biocort,drocort,enocort,hyocort
biopenem,ecopenem,eopenem,vopenem
biotamol,butamol,gotamol,zitamol
bisapro,dilapro,nicapro,sitapro
bisophil,lidophil,micophil,rixophil
blazine,clazine,glazide,grazine
bonamine,gopamine,rosamine,voxamine
bosec,gosec,losec,zosec
bronchodox,bronchonov,bronchosol,bronchoson
bronchogan,bronchosal,bronchosar,bronchoson
bronchosal,bronchosar,bronchosol,bronchoson
bupican,lupilan,mupiban,mupican
bupican,mupiban,mupican,mupicin
burnzine,curezine,eurozine,murozine
calagen,catafen,catagen,cutagen
calmate,kalimate,kaltate,salmate
carbofon,carbogen,carbotin,carbovan
carbogen,carboget,carbohex,carbomel
carbotin,cardowin,cardoxin,carnosin
cardigen,cardilon,cardison,cardiwon
cardigen,cardimed,carditec,cardizef
cardilol,cardilon,cardison,cardiwon
cardionid,cardiosim,cardiovit,cardioxin
catafen,cataflin,catalan,catapin
catafen,catagen,catalan,catapin
catagen,citagem,cutagen,cytaget
catamed,dalamed,nasamed,paramed
catazol,cetadol,cetamol,retazol
cecoxia,cefoxid,cefoxin,cefoxit
ceetrene,cefatrene,cefitrene,ceftrone
cefacare,zefcare,zeftacare,zefucare
cefaden,cefagen,cefalin,cefazen
cefaden,cefazex,cefudex,cefuzen
cefalin,cefavit,ceflavin,cefuvin
cefalin,celabin,ceparin,cetamin
cefamax,cefarap,cefarex,cefurax
cefamax,depamax,dexamax,zefamax
cefamed,cefixed,cefumed,cefured
cefamed,ceframed,ceftamed,ceftamedz
cefamed,ceframed,ceftamed,cephamed
cefamed,cefumed,cefured,zefumed
cefamed,cephamed,cepimed,hepamed
cefarex,cefavex,cefazex,cerabex
cefarex,cefavex,cefazex,zefalex
cefarex,ceftrox,cefurox,zefarox
cefavit,cefuvic,cefuvil,cefuvin
cefazen,cefazex,cefuzel,cefuzen
cefdime,cefixime,cefudime,cefzime
cefdime,cefrimed,cefzime,ceprime
cefdime,ceftadime,cefudime,zefadime
cefegen,efergen,mefegen,zefegen
cefegen,mefegen,penegen,zefegen
cefexil,cefphil,cefuhil,celehil
cefimax,cefitrax,cefotax,cefurax
cefisan,cefolan,cefosan,cefuxan
cefisan,cefolan,cefosan,cerosan
cefolan,ceforin,cefortan,cefosan
cefolan,cefortan,cefosan,cefotax
cefolan,cefosan,cefoxin,cefuxan
cefolan,cefulab,cefulax,cefuxan
ceforin,ceftrina,cefurine,cefuring
ceforin,lefoxin,levorin,meforin
ceforin,meforin,sefozin,senorin
cefosan,cerosan,ketosan,recosan
cefoxin,lefoxin,meforin,meroxin
cefoxin,lefoxin,sefoxib,sefozin
ceftiros,ceftris,ceftron,ceftrox
ceftrex,centrex,cyntrex,ventrex
ceftrex,centrex,pemtrex,ventrex
ceftrix,celtrix,centrex,gentrix
ceftron,celdron,cenoron,cetiron
ceftrox,cefurox,kefurox,zefarox
cefubest,cefueast,cefuvast,cefuwest
cefudime,cefudyne,cefugine,cefurine
cefudime,cefugine,cefurife,cefurine
cefudime,cefuprime,cefurife,cefurine
cefufer,cefumed,cefured,zefufed
cefugine,cefurife,cefurine,cefuring
cefumac,cefumax,cefumed,cefumin
cefumac,cefumax,cefumin,cefuxan
cefumax,cefurax,cefuromax,cefurox
cefumed,cefured,zefufed,zefumed
cefumed,zefimed,zefufed,zefumed
cefumin,cefuvin,cefuxan,cefuzen
cefurax,cefuromax,cefurox,cefuroxx
cefuromax,cefuronix,cefurox,cefuroxx
cefutam,cefuxal,cefuxan,cefuxim
cefuvex,cefuvic,cefuvil,cefuvin
cefuxal,cefuxan,cefuxil,cefuxim
celehil,celemic,celevid,celexib
centrex,cyntrex,pantrex,ventrex
centrex,pantrex,pemtrex,ventrex
cepimed,clopimed,coximed,ropimed
cepimed,coximed,heximed,leximed
cepimed,heximed,leximed,zefimed
cerosan,ferosal,ferosian,furosan
cetadol,cetamadol,cetamol,cetradol
cetadol,cetamol,cetradol,cetrasol
cetamol,medamol,peramol,teramol
cetamol,retazol,rextamol,tretamol
cetiair,ceticit,cetirid,cetizin
cetirid,cetirine,cetiron,cetizin
cetizine,levizine,lewizine,regizine
cetodol,ketodol,metidol,metocol
cholimax,clotimax,clovimax,colimax
cipromar,cipromax,cipromet,cipronat
claritin,flamitin,laritin,plaxitin
clavimox,clavmax,clavomax,clovimax
cleovate,clomate,clopate,clovate
cleovate,clovate,elevate,glevate
clindacin,clindaman,clindamit,clindaxin
clindacin,clindamit,clindavint,clindaxin
clobila,clofina,clopida,clovixa
clodin,clonin,clotin,cloxin
clomate,clopate,clovate,cloxane
clomate,clopate,clovate,florate
clotimax,logimax,lopimax,lotemax
conagen,dopagen,foragen,loragen
corzinc,morzinc,orazinc,orezinc
corzinc,morzinc,solzinc,sorzine
coxime,fixime,goxime,roxime
coximed,doximed,folimed,ropimed
coximed,doximed,heximed,leximed
coxin,cozin,dosin,doxin
coxin,dixin,dosin,doxin
coxin,dixin,doxin,fixin
dafenac,gofenac,lufenac,sofenac
dalamax,depamax,dexamax,dopamax
danavit,ganavit,natavit,ramavit
decosaph,diclosaph,digosaph,micosaph
demoxif,hemoxid,hemoxin,semoxil
devetam,leveram,levetaz,levexam
dexamak,dexamax,dexamet,dexamze
dexamet,hexamet,metamet,vexamet
dexolife,fefolife,levolife,nezolife
diamide,pramide,tramide,xzamide
diazole,drazone,frazole,urazole
diazole,giozole,jinzole,mizzole
diltimax,dutimax,multimax,ultimax
diltimax,dutimax,sitimax,ultimax
dobugen,dobumean,dobumed,dobumin
dobugen,dobumean,dobumin,dobusan
dobugen,rocugen,volugen,xorugen
dobulex,dobumax,dobumed,dobunex
dobumin,dobumine,dobutine,dobuzin
docetax,gocetam,gocetax,locetar
dolovit,folivit,holivit,rolavit
domicef,romicef,roxicef,zolicef
doxalin,doxiclin,doxollin,doxylin
doxiclin,doxyclen,doxycline,doxylin
doxid,doxie,doxil,doxin
drazone,frazole,furazone,urazole
drazone,frazole,prazome,urazole
dronate,isonate,neonate,zdonate
duobloc,esobloc,neobloc,probloc
dutimax,eurimax,furimax,nutrimax
eliflox,itiflox,quiflox,uniflox
enoclex,fenoflex,fenolex,venolex
enoxane,hemoxane,neoxane,sevoxane
enoxicam,moxicam,neoxicam,roxicam
eoferon,esmeron,iomeron,romeron
epoguard,feroguard,ketoguard,renoguard
erazide,evazine,grazine,kerazine
eroxene,euroxone,groxone,uroxine
eroxime,euroxime,groxime,uroxine
eroxime,ferexime,feroxim,teroxime
eroxime,feroxim,keroxim,teroxime
eroxime,geoxime,teroxime,terxime
eroxime,goroxime,groxime,oraxime
eroxime,groxime,oraxime,trixime
eroxime,groxime,teroxime,trixime
eroxime,teroxime,terxime,trixime
esmazol,kemazol,mamazol,womazol
esmeron,hameron,iomeron,romeron
eurolev,merolev,metrolev,neurolev
euroxime,euroxone,eurozine,uroxine
evoflox,inoflox,lenoflox,xenoflox
evoflox,inoflox,otoflox,sioflox
evoflox,lenoflox,levoflox,xenoflox
evorane,sevorane,sevotane,sevoxane
extocin,mytocin,oxytocin,xetocin
fadzole,farazole,flazole,frazole
fadzole,marzole,maxzole,medzole
farazole,frazole,furazone,urazole
fazolin,hazolin,tazocin,tazomin
febuday,febumax,febunaz,febusan
felizen,folazen,foligen,folijen
fencare,fenocare,fentare,ventcare
fenodix,fenofex,fenolex,fenorix
fenodix,fenofex,fenolex,penodex
fenodix,fenolex,fenolit,fenorix
fenofex,fenoflex,fenolex,venolex
fenofex,fenolex,penodex,venolex
fenogen,ferogen,ferrogen,furogen
fenogen,renogen,renozen,senogen
fenolex,ketolex,mefolex,venolex
fenosol,ferosal,ferosol,ferosul
ferclav,genclav,lezclav,wesclav
ferogen,ketogen,letrogen,levogen
ferosal,ferosea,ferosol,ferosul
ferosal,ferosol,ferosul,ferrosul
fexophil,ketophil,melophil,merophil
ficuzole,fucozole,nicozole,ricozole
finox,ginox,inox,zinox
florvast,korvast,lorfast,lorvasc
flucel,flusel,flutel,fluzel
foladin,folaxin,golamin,soladin
folicap,folimax,folinav,folitan
folicel,folicon,foligen,folijen
folifer,foligen,folijen,solifen
foligen,foliget,fuliget,zoliget
foligen,kaligen,soligen,zoligen
foliget,zoligen,zoliget,zologet
folimax,folimed,folimer,folimom
folivit,holivit,robivit,rolavit
foragen,loragen,paragen,teragen
foragen,loragen,vorigen,xorugen
frazole,itrazole,trizole,urazole
fucicort,mupicort,unicort,zudicort
furogen,purogen,urogen,ursogen
furoxen,purogen,puroxan,puroxel
fusedex,fusidek,fusidex,fusimex
gasidone,gavixone,guavidone,havidone
gastorid,gastride,gastrim,gastriv
gastride,gastrim,gastrium,gastriv
gastrohex,gastrolex,gastromax,gastromec
gemtabin,gentamin,gentavin,gentaxin
gemzole,genzole,giozole,grozole
gemzole,genzole,medzole,metzole
genzole,jinzole,panzole,ranzole
genzole,medzole,menizole,metzole
geokast,leukast,seakast,zenkast
geoxone,gioxone,goxone,groxone
gesidol,metidol,nepidol,relidol
glucomin,gluconil,glucosil,glucotin
gofenac,lofenax,lufenac,sofenac
gogesic,progesic,rongesic,togesic
gopramide,ipramide,koramide,pramide
goracet,loraget,lorazet,lovacet
haizole,marzole,panzole,pharzole
hemoden,ketoden,meroden,metoden
hemofar,levofar,melofar,metofar
hemovee,hemovein,hemovin,hemovit
hemovein,hemovin,hemovit,hemoxin
hepabig,hepabil,hepavid,hepavir
histafen,histakon,histapen,histazyn
hydrafen,hydroden,hydrofer,hydrozen
hydrobet,hydrocent,hydroden,hydrozen
hydromel,hydropel,hydrovex,hydrovil
hydromel,hydropel,hydrovil,hydroxal
icox,imox,inox,isox
iflox,tiflox,xiflox,ziflox
ipramide,koramide,pramide,tramide
iprocin,riprocin,zipromin,ziproxin
jaczole,jinzole,panzole,ranzole
kethram,ketorac,ketoran,ketoxam
ketobet,ketocent,ketoden,ketogen
ketocent,ketoden,ketogen,ketosenz
ketoden,ketogen,ketolex,ketolon
ketoden,ketogen,ketoran,ketorex
ketoden,ketogen,ketosan,ketosenz
ketoden,ketogen,metoden,netofen
ketoden,meroden,metoden,metroden
ketolac,ketolex,ketolit,ketolon
ketolex,ketorex,ketovex,metorex
ketoman,ketopane,ketoran,ketosan
ketoman,ketoran,ketosan,ketrian
ketomax,ketorac,ketoran,ketorex
ketomed,ketomix,ketovex,ketovid
ketroxen,letrogen,metroden,metrozen
kotifen,noxifen,solifen,totifen
latadin,metadin,patadin,sitadin
lavoxin,levoxin,lovorin,novoxin
lenagen,leuragen,loragen,teragen
letrogen,metroden,metrogem,metrozen
leveram,leverap,levetaz,levexam
leveram,leverap,levetrax,liverax
levetra,levetrax,levetrex,levetriax
levetra,levetrax,levetrex,levetroy
levobact,levonat,levotact,levoxac
levobact,levonat,levotact,levozart
levocec,levocer,levocof,levomef
levocof,levolox,levomol,levoxol
levomax,levomed,levomef,levomol
levomed,levomef,levomol,levoxel
levoride,levorin,levoriz,levoxid
loragen,loraget,loravent,lorazet
loragen,loraget,lorazet,losaget
loraget,lorazet,losaget,lovacet
lordine,lorizine,lorzide,sorzine
maxibrol,maxigrow,maxitrol,maxitron
maxidex,maxidin,maxigen,moxiden
maxidin,maxidine,maxidyne,raxidine
medamol,medicol,medizol,medofol
medamol,medofol,megafol,sedafol
medgivit,megavit,melivit,regivit
medianon,medibron,mediron,medixon
medicol,mediron,medixon,medizol
medione,medrone,medsone,medzole
medione,medrone,medsone,meedsone
medizol,medizole,medzole,menizole
medofer,melofar,mesofer,metofar
medzotam,merotam,perzotam,rezotam
melodin,meroden,merowin,meroxin
melodin,metadin,metoden,metovin
melostar,merostan,merostar,metostad
meroden,merolev,meronem,meropen
meroden,meropen,merozan,metrozen
merrovid,metrovia,metrovin,metroxid
metocol,metrocor,metrolol,metrosol
metovin,metromin,metrovia,metrovin
metroden,metromet,metromin,metrozen
metroden,metromin,metrovin,metrozen
metroden,metrovee,metrovin,metrozen
metrogil,metrogyl,metrolol,metrosol
metromic,metromin,metromine,metrovin
metromin,metrovin,metrozen,netrozin
micardis,nicardia,nicardin,vicardis
micorin,mucoriz,mucosin,mucovin
momenex,mometix,momevex,zometex
momepro,omeprob,omepron,omeprox
montecet,montelev,montezel,montezen
montecet,montezel,montezen,montizet
moxibam,moxicam,moxiflam,moxitam
moxibam,moxicam,moxitam,roxicam
moxiflam,moxiflax,moxiflo,moxiflox
mucocet,mucolem,mucomed,mucover
muconil,mucosil,mucotil,mucotyl
muconil,mucosil,mucotil,mucucil
muconil,mucosil,mucotil,myconil
multiden,multigen,multimin,multizin
multiden,multigen,multivent,multivex
multiden,multigen,multizee,multizin
mupiban,mupican,mupicin,mupigen
mupican,mupicent,mupicin,mupigen
nasonex,palonex,rafonex,tazonex
nephroket,nephrone,nephrose,nephrozen
nepromin,netrozin,neurolin,neuroxin
nervaton,nervebon,nerviton,nervron
nervit,nervita,nervite,nervitz
neucoline,neurolin,neurolink,neutroline
neurobion,neurobiz,neurolin,neuroxin
neurokem,neurolem,neurosum,neurotam
neurolem,neurolev,neurolit,neuromet
neurolin,neurovein,neurovit,neuroxin
nicarden,nicardin,nicardo,nicarson
nicardia,nicardime,nicardin,nicardize
nicardia,nicardin,nicardize,nicarduz
nicardia,nicardin,nicardo,nicargio
nicardime,nicardin,nicardize,nicarpine
noremin,norephin,norepik,norepin
novafime,novafine,novazide,novazine
novafine,novazide,novazinc,novazine
novazide,novazinc,novazine,novazith
omecare,omecore,omepure,onecure
omephar,omepram,omeptam,omeptas
oradine,orafixe,oralime,oraxime
oramycin,primycin,romycin,trimycin
osteomax,osteomeg,osteomet,osteomol
paclidex,pacliget,paclitex,paclizel
pantofar,pantogard,pantozar,pantozari
parabam,paratam,paratram,paraxam
paradex,parafer,paraflex,paralex
paradex,paralex,paramax,paramed
pharcin,pharemin,pharmine,pharzin
platicin,platikon,platisan,platixon
prazotam,razonam,razytam,rezotam
procin,proxim,proxin,prozin
prostacin,prostakon,prostaron,prostazin
rabegen,rasagen,rategen,razogen
raniden,ranipen,ranitein,raxiten
regimol,relidol,relizol,reximol
retalac,retasar,retasarc,retazar
retasar,retasarc,retazar,retazart
rocugen,rocuget,rocumed,rocuzen
salbubam,salbucam,salbumax,salbuvan
salbuden,salbugen,salbumed,salbumin
salbuden,salbugen,salbumin,salbuvan
sapharin,sapheron,saphrin,saphtran
sapharin,saphgin,saphril,saphrin
setacef,siticef,titacef,vitacef
sitifix,sitimax,sitimox,sitivax
spasmoban,spasmocin,spasmomen,spasmoson
suprane,supranx,suprine,suprinex
syclovir,yclovir,zyclovir,zylovir
sydencee,sydenfen,sydenhex,sydenmet
tamoxen,taxogen,tazogen,tazopen
tamsudas,tamsufar,tamsumax,tamsunav
tazicef,tazidem,tazisea,tazivex
tazivex,tazonex,tazovee,tazovex
telmibet,telmigen,telmiget,telmixed
titacef,vitacef,winacef,zinacef
tramacid,tramadin,tramalin,tramavic
tramicet,tramide,tramine,tramipen
triafore,triaxole,triaxone,triazone
triagen,triagin,trimagen,tripgen
triaxone,tricexone,trimaxone,trioxone
triazone,tritone,trizine,trizole
trimebet,trimedex,trimegen,trimezen
trimedav,trimetab,trimetaz,trimezar
trimedex,trimedin,trimegen,trimezen
trimedex,triodex,trisodex,trividex
ursoden,ursogen,ursolec,ursolin
vancojor,vancolon,vancoson,vancotor
vancokin,vancolon,vascolin,vincolin
venacare,venacure,venocare,ventcare
venacare,venocare,ventcare,vesicare
vitacal,vitacap,vitacef,vitacod
vitacal,vitacap,vitamax,vitarap
vitacal,vitacod,vitadol,vitazol
vitagain,vitagen,vitagin,vitatin
zithran,zithrix,zithrol,zithrox
aarexone,accexone,acrexon
aarexone,accexone,arvexone
aarexone,arvexone,grexone
aarexone,arvexone,largexone
abdopen,amsopen,ascopen
abirone,alixone,apilone
accedome,accepime,accexime
accedome,accexime,accexone
accefixime,accetaxime,accexime
accemide,accepime,accexime
acetadol,cetamol,pacetamol
acetimax,actilax,actimax
acetimax,cefimax,cetrimax
acholine,aecoline,affoline
acicare,acnecare,anucare
acicare,anucare,azicare
acicare,azicare,lazicare
acipro,aecipro,bacipro
acitrate,gitrate,kaitrate
acitrate,kaitrate,kycitrate
aclitel,paclitex,paclizel
aclor,baclor,faclor
actacil,bacracil,bactacin
actidin,lantidin,ratidin
actimax,altamax,ultimax
activent,ambivent,angivent
actranex,betranex,zetranex
adenolex,fenolex,venolex
adisart,ajesart,atasart
aecoline,akucoline,neucoline
aefox,aerox,sefox
aefox,gefox,sefox
aefox,sefos,sefox
aefox,sefox,zefix
aefur,zefir,zefur
aeknel,aeknil,aeknol
aemadex,betadex,neladex
aeperidone,luperidone,oeperidone
aepime,sepime,zepime
aeprazole,ambrazole,andrazole
aericure,varicure,vercure
aerolac,amerolac,marolac
aerolac,ketolac,xevolac
aetaxime,cetaxima,retaxime
aetricef,bactricef,natricef
aevosha,levopha,sevosha
aezolin,alvolin,amsolin
aezolin,amezolin,amsolin
aezolin,amezolin,bezolin
aezolin,bezolin,kenzolin
aezolin,bezolin,tezomin
afactone,aldactone,lactone
affocaine,affoline,affomine
afforvit,alcorvit,azcorvit
aguamox,aguasod,aguatob
alagesic,argesic,paragesic
alamine,etamine,tramine
albezol,aldezol,allezal
albezol,aldezol,alvozol
albezol,aldezol,astezol
albumax,alcemax,altamax
alcaine,calcaine,zarcaine
alcogen,alvogen,amlogen
alcogen,alvogen,salmogen
alcogen,amlogen,amucogen
alcogen,ascopen,ascorgen
alcoxib,dancoxib,nacoxib
alcoxib,nacoxib,ricoxib
aldazole,anazole,andrazole
aldazole,anazole,flazole
aldizar,cardizar,kardizar
aldomet,hydomet,tidomet
alevo,blevo,glevo
alfoxin,almopin,alvolin
alfoxin,cefoxin,lefoxin
alixime,altoxime,apoxime
alixime,ambixime,argixime
alixime,ambixime,imixime
alixime,argixime,trixime
alixime,elixime,zelixime
alixime,gavixime,navixime
alixone,haixone,unixone
alkacel,alkacent,alkacit
allercef,allerex,allerof
allerex,allergix,allergo
allerex,allergix,allermax
allerex,allermax,allermed
allerex,allermax,allerta
allerex,alltrex,alluprex
allerex,alltrex,amlorex
allerfen,allermed,allermin
allerfen,allerphen,allerteen
allerfen,allerteen,allertin
allergix,allergo,allergon
allergix,allermax,allermin
allergo,allergon,allerof
allerkid,allermed,allermin
allermax,allermed,allermin
allermin,allertin,allerzine
allermin,allertin,alletrin
allerta,allertin,allertis
alltrex,amlorex,amptrex
alltrex,valtrex,xalatrex
almodex,amiodex,amsodex
almycin,cymycin,romycin
alodine,amkodine,amlodine
alodine,lodine,lordine
alorex,amlorex,amorex
alorex,florex,lorex
alozure,amlocure,nalocure
alpremin,alrezin,aprezin
alpremin,appemin,aprezin
altacef,deltacef,elbacef
altacef,deltacef,setacef
altamax,altolax,altomox
altamax,ultimax,ultramax
altoclav,amoclav,gloclav
altocom,altomox,altovox
altoxime,amkoxime,apoxime
alvogen,clavogen,levogen
alvopress,amlopress,blopress
ambidine,ambimide,ambixime
ambidine,amkodine,amlodine
ambigen,ambipen,ambivent
ambigen,ambipen,ampiden
ambigen,ambrogen,amlogen
ambigen,ampiden,aspigen
ambimax,ambimox,ambitox
ambimax,ambimox,ampimax
ambimax,ampimar,ampimax
ambimax,ampimax,amsomax
ambixime,imixime,omnixime
ambrocare,aminocare,amlocare
ambrocor,amlocor,tambocor
ambrogen,ambrosyn,ambroxin
ambrogen,ambroxed,ambroxin
ambrogen,amlogen,amucogen
ambrosel,ambrosyn,ambroxyl
ambrosel,ambroxed,ambroxyl
ambrosyn,ambroxin,ambroxyl
ambrovit,aminovit,mirovit
ambroxed,ambroxin,ambroxyl
amcardis,micardis,vicardis
amcetam,amkotam,ampitam
amcetam,epcetam,gocetam
aminoden,aminomyn,aminoven
aminoket,aminoven,aminovit
aminoket,amkoket,amnoset
aminoral,aminosil,aminosol
aminosil,aminovit,aminowiz
amiodex,amsodex,impodex
amiodex,opiodex,triodex
amkodine,amkoxime,amkoxone
amkofix,amkoflox,amkofol
amkomep,amlomel,amsomep
amlocare,amlocared,amlocure
amlocare,amlocared,amlokard
amlocare,amlocor,amlocure
amlocure,melocure,nalocure
amlogen,amlopigen,amlopin
amlogen,amlotel,amlotin
amlomel,amlotel,amsowel
amlomel,amsomep,amsowel
amlopex,amsodex,amsopen
amlopin,amlopril,amlosil
amlopin,amsolin,amsopen
amlopril,amlorcil,amlosil
amlorcil,amlosil,ammocil
amlosil,amlotel,amlotin
amlostan,amlotin,amlotitan
amlothin,amlothix,amlotin
amlotin,xylotin,zylotin
amoclav,inoclav,limoclav
amoxden,amoxipen,moxiden
amoxinex,amoxipen,amoxivee
amoxinex,doxinex,moxidex
ampibet,ampiden,ampivex
ampicare,appecare,aspicare
ampicare,aspicard,aspicare
ampicin,ampiden,ampivin
ampicin,ampivin,aspirin
ampiden,ampivex,ampivin
ampimar,ampistar,ampitam
ampimax,hapimax,lopimax
ampirich,ampirilz,ampirixx
ampistar,bupistar,mupistar
ampitrex,ampivex,amptrex
ampitrex,amptrex,appetrex
ampress,cypress,gopress
amsodex,amsodol,amsowel
amsodex,amsomax,amsomep
analcid,analgic,analmin
analgen,analgic,analmin
analgen,nasalgen,natalgen
anazole,diazole,dynazole
anazole,unarole,urazole
angimax,angimed,angimet
angiogen,angioten,angiozem
antamac,antamed,antamin
antamed,antamin,antaxid
anucare,diucare,flucare
anucare,diucare,sinucare
appebiron,appebon,apperon
appebiron,apperon,appettron
appimed,cepimed,ropimed
aradol,oradol,pradol
ardilol,cardilol,cardilon
argesic,paragesic,progesic
arimidex,trimedex,trividex
asbutol,hambutol,tambutol
ascopen,gascopan,iscopan
ascorbex,ascorbzee,azcorbee
ascorgen,ascortec,ascortin
ascortain,ascortin,ascotwin
ascortin,ascotwin,ascozin
ascozin,gascosin,vascolin
asimplex,asmalex,asmaplex
asmagen,aspigen,astagen
asmagen,astagen,asthmagen
asmagen,astagen,rasagen
asomex,esomex,somex
aspicard,aspicare,aspigard
aspifend,aspigen,aspizen
aspigen,astagen,astiget
astagen,catagen,rasagen
astapro,bistapro,sitapro
asterol,astezol,astimol
astimol,lutimol,optimol
astrozole,atrozole,metrozole
astrozole,atrozole,pantrozole
atadin,latadin,patadin
atocard,atorcad,atorgard
atorcad,atormax,atorvas
atrasyl,atrosol,natrasol
atrosol,aurosol,ferosol
atrosol,ferosol,metrosol
atrozole,grozole,trizole
atrozole,itrazole,trizole
atrozole,macrozole,metrozole
augimox,auromox,curimox
augimox,curimox,fuximox
aurocaine,eurocaine,rocaine
aurocort,edrocort,eurocor
auromox,curimox,euramox
auromox,euramox,eurovox
avastin,avertin,ovestin
avodart,duodart,piodart
avtorex,ketorex,metorex
axefime,bacefime,blefime
azartan,baczartan,bezartan
azartan,bezartan,kozartan
azicare,lazicare,tazocare
azithrom,azithrx,zithrox
azithromax,ezythromax,zithromax
azithrx,azthrex,azythrex
azithrx,zithrix,zithrox
aztocin,aztrocin,aztrozin
aztrozin,netrozin,strozin
bacracil,bacrocin,bactacin
bacrocin,bactacin,bacticin
bacrocin,barozin,zarocin
bactacare,bacticare,lactucare
bactacin,bacticin,bacticon
bacticox,bactiflox,bactiox
bactidol,bactinil,bactisul
bactier,bactiox,bactrex
bactroban,gastroban,kaptroban
barozin,naropin,zarocin
barozin,strozin,terozin
begesic,medgesic,pengesic
beisartan,besartan,bezartan
beisartan,episartan,medisartan
beisartan,medisartan,melsartan
belavit,megavit,melivit
belphrine,esphrine,sephrine
benadrex,benedex,betadex
benadryl,fendryl,senadryl
benzomed,benzoper,benzosed
berafen,curafen,hirafen
beraxime,eroxime,oraxime
beraxime,oraxime,seaxime
beraxime,seaxime,terxime
berazith,retazith,zebazith
besartan,melsartan,mysartan
bestamol,biotamol,butamol
bestamol,fastamol,westamol
bestine,brestane,brestin
bestricare,ceftricare,cetricare
betacare,cefacare,zeftacare
betacare,gentacare,venacare
betacare,gentacare,zeftacare
betacert,betacor,metacort
betacert,betaderm,betavert
betacert,betavert,cetalert
betacor,betazar,betazok
betaderm,betadex,metadem
betadex,betadol,betamox
betadex,betalex,betranex
betadine,destadine,medtadine
betadine,medtadine,metadin
betadol,butadil,butamol
betalex,betaloc,betamox
betaloc,retabloc,retalac
betamed,metamet,retamep
betamox,cetamol,metamox
betasaph,vitasaph,xytasaph
betasol,retasul,retazol
betavasc,metavasc,metovasc
betazar,ketozar,retazar
betazar,potazar,retazar
betpred,biopred,neopred
betranex,gentranex,zetranex
betranex,mepranex,zetranex
betzine,seteine,zetrine
betzine,zebzine,zetrine
bexil,fexil,vexil
bezogen,razogen,renogen
bicapros,bisapro,nicapro
biocort,bisocor,bixocot
biogesic,higesic,milgesic
biokast,bionyst,bronast
biokast,bronast,bronkast
biokast,duokast,geokast
biophen,biopred,bioprene
biophen,clophen,neophen
biosaph,hyosaph,urosaph
biosaph,timosaph,triosaph
biosaph,triosaph,urosaph
biosone,gioxone,piozone
biotamol,dintamol,zitamol
bisacod,bisacoden,bisacodyl
bisapro,bistapro,sitapro
bisolem,cisflem,disoflem
bmep,emep,omep
bnoxaparin,goxaparin,neoxaparin
bocetin,locetin,pacetin
booncare,ironcare,woncare
boramir,butamir,kotamir
boren,noren,voren
brecare,lorecare,omecare
brestane,brestin,prestan
brestin,crestin,cristin
brestin,crestin,ovestin
brestin,crestin,prestan
brezole,grexole,grozole
bromacef,rojacef,romicef
bronchofen,bronchogan,bronchoson
bulcolax,dulcolax,golcolax
bulcolax,dulcolax,mucolax
bupican,bupilon,bupiron
bupican,bupilon,lupilan
bupicord,mupicore,mupicort
bupidex,bupirey,mupirex
bupiron,lupiros,mupirow
burinex,furenex,furonex
buscopan,gascopan,iscopan
butadil,butamir,butamol
butagen,cutagen,duvagen
butamol,gobutamol,gotamol
calagen,capegen,catagen
calcaine,calcipine,calpine
calcimate,calciumade,calciumate
calcimate,calmate,kalimate
calcipine,caldepine,calpine
caldepine,mardepine,rahdepine
calpine,carpime,cartine
candegen,candifen,cardigen
candigo,candina,candiva
canison,cardison,carisen
capebin,capegen,capetan
capegen,capeget,capemed
capegen,catagen,rategen
capegen,cefegen,ceplegen
capegen,rabegen,rategen
capemed,capomed,catamed
capemed,capomed,cepimed
capomed,cefpomed,cepimed
capomed,razomed,sanomed
captophil,captopril,captoprix
carbezin,carbotin,carbozinc
carbezin,carbotin,carbplin
carbobil,carbocyl,carbomel
carbogen,carbotein,carbotin
carbohex,carbomel,carbomux
carbohex,carbomux,carbonax
cardamin,cardowin,cardoxin
cardemef,cardimed,cardizef
cardigen,cardison,carisen
cardin,carin,cartin
cardiobide,cardiomide,cardionid
cardiobide,cardiomide,cardiosine
cardiosim,cardiosine,cardioxin
cardiostat,cardiotab,cardiotaz
cardioxin,cardowin,cardoxin
cardizar,cordizar,kardizar
carimax,carvemax,curemax
carimax,cefimax,cetrimax
carimax,cefimax,colimax
carimax,cetrimax,eurimax
carimax,claribax,clarimac
carimax,colimax,corbimax
carimax,hapimax,kabimax
cataclon,cataflin,catalan
cataclon,catalan,cytalon
catafen,catagen,catamed
catafen,coxafen,curafen
catafen,curafen,cutagen
cataflam,cataflin,catalan
catagen,rasagen,rategen
catamed,ceftamed,coptamed
catamed,coptamed,gotamed
catapin,latadin,patadin
catazol,retazol,vitazol
cavumox,clavimox,clavmox
caxol,paxol,vaxol
ceelin,ceflin,ferlin
ceestan,crestin,prestan
ceetrene,ceftrone,centrane
ceezinc,corzinc,orezinc
ceezinc,lemzinc,renzinc
ceezinc,orezinc,renzinc
cefac,cefar,cefax
cefacare,cefucore,zefucare
cefaclox,medaclox,seaclox
cefaden,cefalin,zefadin
cefaden,cefazen,cefazoden
cefagen,conagen,lenagen
cefagen,lenagen,teragen
cefalin,cefazen,ceftazin
cefalin,cefilim,cefolic
cefalin,ceflavin,ceftazin
cefalin,ceflavin,celabin
cefalin,ceforin,ceparin
cefalin,ceftazin,cetamin
cefalin,cefumin,cetamin
cefalin,megalin,sedalin
cefamax,ceftamax,ciflamax
cefamed,cefarex,cefured
cefamed,cefmed,cefumed
cefarex,ceftrex,xefatrex
cefarex,zefalex,zefarox
cefathix,cefthix,ceftrix
cefathix,cefthix,celethix
cefatrene,cefitrene,cefutreve
cefazen,cefazoden,cefazone
cefazoden,cefazoget,cefazone
cefazone,cefrone,ceftrone
cefdime,cefdomed,cefrimed
cefdime,cefwide,cefzime
cefdime,cefzime,sefpime
cefdomed,cefpomed,ciflomed
cefdotab,cefohab,cefotax
cefedix,cefevex,cefudex
cefedix,cefthix,ceftrix
cefexil,celehil,celexib
cefexil,celehil,cepefil
cefiden,cefigen,cefisan
cefiden,cefigen,cefixed
cefiden,ceftidin,ceftriden
cefiden,ceftidin,mefidin
cefiden,cefudec,cofidec
cefilim,cefixime,cefuxim
cefitrax,ceftrix,cefxitrix
cefixed,cefured,cetired
cefixed,cepimed,cetired
cefixed,zefimed,zefixmed
cefixime,cefudime,cefuxim
cefixime,comfixime,gofixime
cefixime,gofixime,neofixime
cefixime,gofixime,sufixime
cefker,cefled,cefmed
ceflavin,ceftazin,ceftravin
ceflex,celex,ceplex
ceflin,ceftin,cefzin
ceflor,seflor,zeflor
cefogen,cefosan,cefosenz
cefogen,sef3gen,senogen
cefohab,cefolan,cefulab
cefohab,ketohab,levohab
cefolan,cefotax,cefulax
cefonav,ketonav,nexonav
ceforin,ceftron,cenoron
ceforin,cenoron,senorin
ceforin,ceparin,zeporin
ceforin,meforin,peftrin
cefotax,cefovex,cefutex
cefoxid,hemoxid,levoxid
cefoxid,lefoxin,levoxid
cefoxin,cevoxine,levoxin
cefoxin,lefoxin,trefoxin
cefoxsaph,cefusaph,fefosaph
cefozol,cetodol,ketozol
cefozol,ketozol,temozol
cefphil,cefthix,cefuhil
cefralon,ceftakon,ceftracon
cefrimed,ceftrimed,zetrimed
cefrimed,cepimed,ceprime
cefrimed,zefimed,zetrimed
cefrone,ceftron,ceftrone
cefrone,ceftrone,cefurine
ceftakon,ceftracon,ceftron
ceftamed,cephamed,coptamed
ceftaziden,ceftazigen,ceftazin
ceftazin,ceftidin,cetizin
ceftazin,cetamin,cetizin
cefthix,celethix,celtrix
cefthix,herthix,neothix
ceftibac,ceftribac,ceftribax
ceftiros,ceftron,cetiron
ceftravic,ceftravin,centravim
ceftravin,centramin,centravim
ceftri,ceftris,ceftrix
ceftriace,ceftricare,ceftrisave
ceftribac,ceftribax,ceftrina
ceftribax,ceftrina,ceftrix
ceftribax,cetrimax,zeftrimax
ceftridec,ceftriden,ceftrimed
ceftrifil,ceftrihil,cetrizil
ceftrina,ceftron,ceftrone
ceftrina,ceftrone,cefurine
ceftrix,celtrix,clotrix
ceftron,ceftrone,ceftrox
ceftron,gestron,xeztron
cefubest,cefuget,cefuwest
cefucirc,cefucore,cefucura
cefuclav,cefulab,cefulax
cefucore,cefucura,cefuxcure
cefudec,cefumac,cefumed
cefudec,cefumac,cefuvic
cefudec,cefuvex,cefuvic
cefulab,cefulax,cefulus
cefumac,cefumin,cefuvic
cefumax,febumax,nebumax
cefumed,cefumin,cefuzen
cefusaph,fefosaph,mefesaph
cefuvex,cefuvil,cefuzel
cefuvex,cefuvin,cefuzen
cefuvin,feruvin,sezuvin
cefuxil,cefuxim,zefuxim
cefuxim,zefaxim,zefuxim
celcoxib,celecoxib,celexib
celcoxib,geocoxib,neocoxib
celex,selex,zelex
celica,elica,welica
centrabez,centramed,centrane
centrabez,centrane,centraz
centrabez,centrapaz,centraz
centracid,centramed,centramin
centracid,centramin,centravim
centracid,centramin,pentracin
centracid,contracid,pantracid
centracid,pantracid,pentracin
centramin,cetamin,gentamin
centrane,gentranex,gentrine
centrex,gentrix,ventrex
centrex,venirex,ventrex
ceparin,cephtrin,mephrin
ceparin,mephrin,zeporin
cephacef,cephalex,cephamed
cepimed,hepamed,heximed
cerosan,ferosian,merostan
cerosan,merostan,merozan
cetamid,cetamin,cetamol
cetamid,cetarad,cetirid
cetamid,retacid,retamide
cetamin,decamin,dextamin
cetamin,estamin,etamine
cetamin,ketakin,ketomin
cetamin,ketakin,metadin
cetamol,medamol,metamox
cetamol,teramol,tretamol
cetarad,cetired,cetirid
cetastar,retasar,retastat
ceticure,citicore,citicure
cetired,cetirgen,cetiron
cetired,cetirid,cetirifed
cetired,cetirid,cetiron
cetirid,cetirifed,cetirine
cetirifed,cetirigen,cetirine
cetirine,cetizin,cetizine
cetirine,citrine,zetrine
cetirine,ketorine,zetrine
cetiron,hemiron,mediron
cetizin,cetriwin,cetrizil
cetizine,regizine,rextizine
cetodol,ketodol,zerodol
cetradol,cetrasol,cetraxal
cetradol,cetrasol,tetrapol
cetrikid,cetriwin,cetrizil
cetrimax,eurimax,nutrimax
cevoxine,levoxin,levoxina
cezole,cozole,cyzole
cezole,kezole,rezole
cholergol,cholesol,choltrol
cholesol,cholestrol,choltrol
cholimax,cholimed,cholivex
cholimax,choliva,cholivex
cholimax,colimax,folimax
cholimed,coximed,folimed
ciclodin,cyclodine,cyclomin
ciclodin,cyclomin,diclomin
ciclox,ciklox,cillox
ciclox,diclox,xiflox
cidine,vidime,visine
cilvex,diovex,silvex
ciphonex,ciprodex,dipronex
ciprocon,iprocin,riprocin
ciproden,ciprogen,ciprollen
ciproden,ciprogen,iprofen
ciproden,ipraden,iprofen
ciprodex,ciprolax,cipromax
ciprodex,cipromax,cipromet
citagem,sitagen,sitakem
citcole,citicolex,citicore
citicore,mitocore,vitacore
citisan,citistal,cititab
cizolin,hazolin,phizolin
claribax,claribid,clarifix
claribax,clarimac,claripak
claribid,clarimid,klaricid
clarimid,klaricid,klarimed
clarion,claritin,claritone
clarion,claritin,clariwi
claritin,lacritin,laritin
claventin,clavexin,clavoxtin
claventin,clavoxtin,clavxytin
claverob,claviro,clavron
clavexin,clavicin,clavsin
clavexin,clavoxtin,lavoxin
clavimox,claviro,clavixo
claviped,clavmed,clovimed
claviro,clavixo,plavido
clavmed,clavmetz,clavmex
clavmed,clavmex,clavsef
clavmed,clinmed,clormed
clavmed,clormed,clovimed
clavogen,clavomex,clavoxel
clavugen,clavutec,clavuxel
clinbac,clindal,clintam
clindabas,clindaman,clindasan
clindafer,clindalev,clindatec
clindal,clindalev,clindalon
clindasan,clindasaph,clindasave
clinmed,clonimed,clormed
clobila,clopida,clopilar
clobphil,clophil,clopsil
clodin,cloxim,cloxin
clodrel,clogrel,clopres
clodrel,clogrel,plogrel
clofepen,cloxapen,cloxipen
clofina,clopida,clopinav
clogrel,milogrel,plogrel
clogrix,clotrix,eloprix
clonigen,clonimed,clonisea
clonigen,clorgen,clotrigen
clophil,clopsil,clorfil
clopicare,clopifar,clopilar
clopida,klopide,klopido
clopifar,clopilar,clopitor
clopinav,clopinova,lopinov
clorcef,clorgen,clormed
clostin,crestin,cristin
clotranex,clotribex,clottinex
clotribex,clotrifix,clotrix
clovimax,clovimed,clovirex
clovir,klovir,lovir
cloxacin,coloxatin,eloxatin
cloxacin,eloxatin,floxazin
cloxacin,floxacil,floxazin
cloxal,cloxil,cloxyl
cloxane,cloxapen,cloxarex
cloxane,enoxane,neoxane
cloxil,clozil,clozol
cloxil,clozil,floxil
cobiomax,colimax,corbimax
coldsaph,dolsaph,folisaph
colistat,colitab,colixtan
colistat,povistat,vomistat
colitab,colixtan,folitan
combidar,combigan,combizar
combidar,combiver,combizar
comxicla,corxiclav,coxiclav
conagen,lenagen,loragen
control,montral,monurol
convuliz,convult,convulyf
copan,dopam,dopan
coralan,cosalon,cozalyn
cortidec,cortigen,cortimep
cortigen,cotrigen,vorigen
cortisol,cortizol,qortisol
cortizol,dormizol,morpizol
corvastin,govastin,rovastin
corvelam,covelay,coveram
cotrazid,kotrazid,oprazid
cotrazid,kotrazid,ultrazid
coxicare,doxocare,oxycare
coxid,doxid,doxie
coxid,doxid,focid
coxid,doxid,xozid
coximed,doximed,oximed
coxiprime,floxiprime,roxiprime
curadec,curafen,curatel
curafen,curafol,curatel
curafol,farafol,parafol
curafol,parafol,purifol
curecine,curexime,curezine
curecine,curezine,suremine
curexime,curoxim,euroxime
curexime,curoxim,furexim
curexime,ferexime,furexim
curimox,euramox,eurimax
curimox,furimax,fuximox
curoxim,feroxim,furexim
curoxim,feroxim,keroxim
dafadin,latadin,patadin
dafcare,diucare,duocare
dafzith,janzith,valzith
dalafil,golafil,talafil
dalamed,salumed,zalimed
danavit,dexavit,dibavit
danitin,laritin,vasitin
danoxime,sanopime,sanoxime
dazomet,tazobet,tazoget
decbine,mecline,recaine
decosaph,fefosaph,levosaph
demedin,remedia,remedon
demicef,dimecef,domicef
demiclav,mediclav,vexiclav
depamax,dexamak,dexamax
depamax,diphmax,dopamax
depamax,dopamax,topamax
derkazole,dermazole,zertazole
deslogen,desowen,vesogen
deslogen,espogen,vesogen
dexamet,dexamze,dexazel
dexofen,netofen,rexofen
dexollen,levollen,sevollen
dexomol,drexamol,reximol
dexomol,levomol,lexofol
dexone,fexone,rexone
dexpenem,eopenem,exipenem
diaclaz,dinclar,dinclav
diacoline,fincoline,fixcoline
diameed,fitmeed,nicmeed
diaplus,sitaplus,vitaplus
dicarbo,ercarbo,ticarbo
dicarbo,nicardo,ticarbo
diclofed,diclogen,dicofen
diclogen,diclomet,diclomin
diclonac,diflonax,diklonac
dicymed,diosmed,diurmed
dincilin,incalin,vincolin
dinclav,duoclav,inoclav
dinclav,genclav,janclav
dintamol,dipamol,zitamol
dintamol,intramol,vintramol
diucare,dobucare,docucare
diucare,sinucare,zincare
dixin,fixin,nixin
dixin,fixin,rizin
dizoflox,inoflox,sioflox
dobstal,dobutam,dobutax
dobucard,dobucare,dobumarc
dobucard,dobucare,docucare
dobucare,docucare,doxocare
dobucare,docucare,rosucare
dobugen,dobusan,dobusenz
dobugen,dobusenz,dobuvent
dobugen,dobuzef,dobuzin
dobugen,dorugem,xorugen
dobumak,dobumarc,dobumax
dobumed,docemed,doximed
dobumed,docemed,rocumed
docebil,dopezil,dosetil
docelex,docemed,doceted
docelex,docetax,doceted
docemed,doceted,rocemed
docemed,rocemed,rocumed
docemed,rocemed,zolemed
docetax,gocetax,ocetax
domicef,omnicef,romicef
domidon,toridon,vomidon
dompedone,domperone,komperdone
dopacent,dopagen,dopamet
dopacent,dopagen,dopasenz
dopagen,lopegen,loragen
dopagen,optagen,rophagen
dopamaine,doparine,gopamine
dopamax,lopimax,topamax
dopasenz,oprasenz,toprasenz
dopinem,eopenem,vopenem
dostan,lostan,rostan
doxalin,doxatin,doxylin
doxalin,doxatin,oxaltin
doxan,rosan,roxab
doxatin,foxitin,goxitin
doxicon,fixicon,folicon
doxyclen,doxyclene,doxycline
doxysaph,moxisaph,oxasaph
drexamol,reximol,rextamol
drexamol,rextamol,tretamol
drexifer,regifer,relifer
drixine,trixime,trizine
drocort,edrocort,enocort
duocard,duocare,duodart
durazol,ferazol,strazol
durotam,merotam,neurotam
dutam,rytam,xytam
duticin,mupicin,rubicin
duvacaine,duvadrine,duvaprine
duvacaine,evacaine,rovacaine
duvadrine,duvaprine,duvatrene
dypotin,xylotin,zylotin
dypotin,zepotin,zylotin
ecogesic,eurogesic,progesic
ecopenem,eopenem,exipenem
edroxid,medroxin,metroxid
efrizine,medrizine,metrizine
efrizine,metrizine,trizine
elbazol,esmazol,espazol
elbazole,ennazole,ezrazole
elicort,enocort,unicort
elicort,tricort,unicort
elixime,eroxime,trixime
elixime,kelxime,zelixime
emitron,hematron,hemiron
emizole,menizole,onizole
emizole,terizole,trizole
enoxane,evorane,sevoxane
enzagen,lenagen,sennagen
eocet,geocet,gocet
eodex,godex,kodex
eopenem,goprenem,vopenem
eopenem,mepenem,vopenem
eopenem,pospenem,vopenem
eozoline,gozolide,gozolin
epicare,mupicare,uricare
epilept,episert,episopt
epokine,eporife,epotine
epokine,eposino,epotine
eprosenz,furosenz,neurosenz
eprosenz,furosenz,torosenz
eprosenz,oprasenz,prasenz
erazide,glazide,grazine
erazide,pramide,tramide
erazin,eryzin,erzin
eroxene,eroxime,uroxine
eroxime,groxime,roxime
eroxime,merodime,teroxime
esmobloc,esobloc,esomebloc
esozole,giozole,grozole
esphrine,sephrine,zyphrine
estolax,restolax,ventolax
eterox,etirox,etrox
euroclav,eurolac,eurolev
eurocof,eurocor,eurovox
eurocof,eurocor,nurocol
eurocor,nurocer,nurocol
eurofen,eurolev,euromet
eurolev,neurolem,neurolev
euromet,furomed,neuromed
euromet,metromet,neuromet
euromet,neuromed,neuromet
euroxime,furoxide,furoximed
euroxime,furoxide,uroxine
eurozine,murozine,uroxine
evacaine,evaprine,evazine
evazine,kerazine,sedazine
evercare,fevercare,levecare
evercare,vercore,vercure
evoflox,levoflox,sevoflex
evorane,florane,isorane
execore,omecore,oxycore
extocin,gentocin,xetocin
eytofen,pytogen,xytozen
ezrazole,peprazole,porazole
fadzole,farazole,marzole
fadzole,frazole,ranzole
faracox,farafol,faratop
farafol,farazole,ferazol
farazole,farmazole,frazole
farazole,ferazol,frazole
fazolin,hazolin,maxolin
febrolex,fenolex,ferolem
febusan,febustin,febuton
febusan,febustin,fetusin
fedpain,ferpain,lezpain
fedrin,ferrim,ferron
fedtrix,fenorix,gentrix
fedtrix,meditrix,midtrix
felicgen,felizen,foligen
felizen,felojen,folijen
felojen,fenogen,ferogen
felostar,melostar,merostar
femadol,ferazol,fevanol
femadol,ferazol,kemazol
femadol,hemasol,kemazol
femadol,kemazol,ketadol
femaplex,fermaflex,lemaflex
fenahex,fenofex,fenolex
fenahex,fenolex,fentalex
fenaxin,folaxin,fotaxin
fencare,woncare,zincare
fencare,zefcare,zincare
fenobet,fenobrit,fenolit
fenobet,fenolex,fenolit
fenobet,ketobet,levobet
fenobrit,fenolit,fenorix
fenocare,hemocare,venocare
fenofex,fenogen,finofen
fenoflex,fenolex,fentalex
fenoflex,lenoflox,xenoflox
fenogal,fenogen,fenomel
fenogal,fenomel,fenosol
fenogal,fenosol,ferosal
fenogen,finofen,kinogen
fenostat,hemostat,neostat
feravin,ferovit,feruvin
feravin,ferpain,feruvin
ferazol,kemazol,retazol
ferazol,peramol,teramol
ferexime,feroxim,furexim
fericid,serocid,zerocid
fericid,zericin,zerocid
ferogen,ferolem,ferosea
ferogen,ferolem,furogem
ferogen,ferrogen,ferusgen
ferogen,ferrogen,letrogen
ferogen,foragen,furogen
ferogen,foragen,teragen
ferogen,furoden,meroden
ferogen,meroden,meropen
ferolem,merolev,meronem
ferolem,meronem,zeronem
ferondix,furonix,meronix
feronerv,meconerv,memonerv
ferosal,ferosea,ferosian
ferosal,furosam,furosan
ferosian,furosan,furoscan
ferosol,ferrisol,ferrosul
ferosol,gerdsol,nervsol
ferovit,ferrovit,neurovit
ferovit,hemovit,mecovit
ferovit,mecovit,mirovit
feroxim,keroxim,meroxin
feroxim,keroxim,zenoxim
finofen,rhinofen,rinefen
fisartan,jisartan,nipartan
fixime,gixime,goxime
fixime,gixime,ixime
fixime,gixime,vidime
flagex,flamex,flarex
flagidin,flamitin,flamizin
flamacid,flamavid,flamicid
flamex,flemex,flumex
flamicid,flamitin,flamizin
flamicid,klaricid,planicid
flamigen,flamitin,flamizin
flaximed,flexime,leximed
flaximed,flexime,plaxime
flaximed,klarimed,lazimed
flaximed,lazimed,leximed
flemsol,fleozol,flexfol
fleozol,flexfol,fluxzol
floradine,lordine,oradine
flox,flux,glix
floxacil,floxanix,floxazin
floxagen,floxamed,floxavex
floxagen,foragen,loragen
floxagen,laxagen,loragen
flucare,fludara,flugard
flucodraz,fluconaz,flucoral
flusel,fluzel,fluzep
focid,folcid,folid
folacid,foladin,folaxin
foladin,folaxin,folazen
foladin,folaxin,folivin
foladin,folaxin,fotaxin
foladin,folidyn,folivin
foladin,olzadin,soladin
foladin,soladin,zolodin
folaxin,folivin,folixir
folazen,foligen,foragen
folee,foleq,folex
foliage,folicare,folidaze
foliage,foligen,foliget
folicap,folicel,folicon
folicap,folicon,folitan
folicard,folicare,folicure
folicard,lopicard,sobicard
folicare,folicure,folisure
folicel,folicsev,folicxel
folid,folik,foliq
folifer,folimer,folixir
foligen,foragen,vorigen
folik,olik,polik
folimed,zalimed,zolemed
folinav,folinova,zolinov
folinova,zolinov,zoplinova
folitan,folivin,foxitin
folitan,loditan,rozitan
folivin,folivit,folixir
folivin,folivit,holivit
folivit,holivit,melivit
foragen,loragen,loraget
foragen,loragen,orfagen
forcard,lorcare,norcare
forcef,korcef,lorcef
foxitin,goxitin,groxitin
foxitin,goxitin,moxidin
fungican,fungicas,fungicon
fungican,fungicon,fungigen
furenex,furonex,furonix
furenex,furonix,zurenix
furimax,fusimex,fuximox
furomed,piromed,pyromed
furorad,furosam,furosan
furosam,furosan,furoscan
furosan,furoxen,puroxan
furoxbet,furoxcel,furoxen
furoxcel,furoxen,puroxel
fusedex,fusidex,tusedex
fusidek,fusiderm,fusidex
fusidex,fusimex,fusinox
fusimex,fusinox,fuximox
fyrazine,grazine,kerazine
gabamex,gabapex,gabarex
gabatin,gapaxin,gavamin
gascosid,gascosin,gascovid
gascosid,gascovid,gastorid
gasdone,gasidone,haidone
gasidone,haidone,havidone
gastroban,gastrocin,gastrozen
gavixone,haixone,havidone
gemzole,genzole,genzone
genoxiclav,geoxiclav,goxiclav
gentacare,venacare,ventcare
gentaxin,gentocin,gentoxyn
gentocin,pantocin,pentowin
gentocin,pentowin,ventolin
gentraxone,gentriaxone,zentriaxone
gentriaxone,westriaxone,zentriaxone
genxone,genzole,genzone
genxone,genzone,geoxone
genzole,giozole,jinzole
genzole,menizole,xenazole
geocef,geocet,geofer
geopride,glipride,glypride
geoxiclav,medxiclav,vexiclav
geoxime,goxime,groxime
gepotin,geworin,zeporin
gesidol,relidol,residon
gesitram,lecitram,meditram
gicefix,jocefix,mycefix
giclav,siclav,xiclav
gicox,icox,ricox
ginox,gomox,himox
gioxone,giozole,piozone
gioxone,gixone,goxone
gioxone,groxone,trioxone
giozole,gozole,grozole
giozole,nicozole,ricozole
giprazole,itrazole,viprazole
giprazole,sidprazole,viprazole
glazide,glimide,gliride
glimide,glipride,gliride
glipdin,glipten,gliptins
glipride,gliride,glypride
gluceemin,gluclamin,glucomin
gluceemin,glucomin,glycemin
gluconil,glucosil,glucosol
glucosil,glucosol,glucosur
gocifime,gofixime,gozidime
godazole,gonazol,kodazol
godazole,goprazole,porazole
godine,gofime,goxime
godine,goxime,goxone
gofenac,gomfenac,sofenac
gofix,gorox,vorix
golamin,soladin,solvamin
golcinc,goldzinc,solzinc
golcinc,golxine,goucine
golzidine,gotazidine,gotridine
golzidine,gozedine,gozidime
gomeprazole,omeprazole,promeprazole
gomeprazole,omeprazole,qmeprazole
gopracid,loracid,tobracid
gopracid,mepracid,napracid
goprazole,peprazole,porazole
gorizine,gotirizine,gotridine
gorizine,grazine,trizine
gorizine,lorizine,sorzine
gorocin,iprocin,zarocin
gostigmine,nostigmine,rastigmine
gotamed,konamed,loramed
gotamol,loxamol,novamol
gotaxone,gotriaxone,gotrione
gotazidine,retazidine,tazidine
gotriaxone,luotriaxone,protriaxone
gotriaxone,sytriaxone,triaxone
goxib,koxib,voxib
goxime,groxime,roxime
grazine,oradine,orazinc
grazine,oradine,tramine
grazine,tramine,trizine
grexole,grexone,groxone
grexole,groxone,grozole
groxime,groxone,uroxine
guaicare,mupicare,uricare
guiamar,guiamed,guiamox
haiclav,janclav,maxclav
haiclav,janclav,raniclav
haidone,haixone,haizole
haidone,haixone,havidone
haizole,ranzole,rapizole
halcef,malcef,valcef
haxotin,hazolin,maxolin
helizol,medizol,relizol
helizol,relidol,relizol
hemacare,hyacare,omacare
hematran,hematron,hemotran
hematran,hemitan,hemotran
hematran,hemotran,hemotrax
hemitan,hemostan,hemotran
hemocare,hemolate,hemoxane
hemocare,kamocare,kemocarb
hemocare,kamocare,timocare
hemoden,hemogen,hemorfen
hemosolv,ketosolv,venosolv
hemostan,hemostap,hemostat
hemotran,hemotrax,hemotrex
hepamed,hexamet,heximed
hepavid,hepavir,hepavite
hepavid,hepavir,hexavir
hepavir,hexavir,xelavir
herixon,medixon,serixon
herthix,neothix,northix
higesic,milgesic,philgesic
higesic,opigesic,unigesic
hiospan,hyospan,prospan
histakon,histamox,histanov
histamed,histamox,histarex
hiztatin,litatin,vitatin
hovicor,lodicor,zomicor
hydomet,hydrobet,hydromel
hydrafen,hydralex,hydralin
hydralex,hydrodex,hydrovex
hydrodav,hydroden,hydrodex
hymet,mymet,zymet
hyopan,hyosan,hyospan
ibertan,ibetan,irbetan
icon,iron,izon
imixime,omnixime,unixime
immucap,immumax,immutab
immumax,immutab,immutrax
incalin,indacin,inlacin
inocaine,linocaine,locaine
inocaine,locaine,rocaine
inoflox,itiflox,otoflox
inoflox,itiflox,uniflox
intramol,vintramol,vistramol
iomeron,omepron,romeron
ipraden,iprafer,iprofen
ipramed,loramed,paramed
irbegen,irbekon,irbetan
irinogen,kinogen,renogen
irofer,ironfer,zirofer
isoprim,isoprine,isoptin
janogen,razogen,renogen
jucef,rucef,ucef
kabidex,kabimax,kalimex
kairoxi,kairoxib,kairoxon
kalimate,salinate,salmate
kamocare,nasocare,tazocare
kamocare,tazocare,timocare
kelxime,zelixime,zenxime
kemazol,ketozol,temozol
kemazol,kodazol,womazol
kemazol,krenazol,retazol
keroxim,ketoxam,ketoxil
ketoace,ketolac,ketorac
ketoace,ketopane,ketosafe
ketobest,ketobet,ketocent
ketobet,ketolex,ketolit
ketocent,levocent,zefocent
ketocid,ketomin,xetocin
ketocid,serocid,zerocid
ketoden,ketodix,ketodol
ketoden,ketodix,ketomin
ketoden,ketodol,ketolon
ketoden,ketogen,ketroxen
ketoden,ketroxen,metroden
ketodix,ketodol,ketoxil
ketofred,ketomed,ketorex
ketofred,ketorex,ketourea
ketogen,ketroxen,letrogen
ketohab,ketonav,ketonob
ketojos,ketojun,ketolon
ketolac,ketolex,ketomax
ketolex,mefolex,metorex
ketolit,ketolon,ketomin
ketolon,ketolove,ketonov
ketolon,metoclon,metokon
ketolon,temolon,tenolon
ketolove,ketonov,ketonova
ketomed,levomed,sevomed
ketomin,ketoran,ketorine
ketomin,ketorine,ketromine
ketomin,ketovid,metovin
ketomin,ketromine,metromin
ketomin,metovin,metromin
ketomin,metovin,xetocin
ketopane,ketoran,ketorine
ketopane,ketosafe,ketosan
ketorac,ketorich,ketorick
ketorich,ketorick,ketorine
ketorobet,ketorolem,ketorose
ketosolv,venosolv,ventosolv
ketoxam,ketoxil,ketoxol
ketoxil,semoxil,tezoxil
ketromine,metromin,metromine
kidicef,siticef,zidicef
kodacin,kodapine,kodipin
kodapine,kodipin,kodipine
kodex,lidex,lorex
korvast,lorvasc,norvasc
kotifen,totifen,zetifen
lacritin,laritin,macritin
lanoxin,ligoxin,lincoxin
lantidin,latadin,ratidin
laprost,latoprost,lutaprost
lariaxone,triaxone,viriaxone
latadin,litatin,sitadin
latadin,patadin,ratidin
laxagen,lenagen,loragen
laxagen,loragen,paragen
laxagen,maxigen,taxogen
lecerin,levorin,severin
ledrocid,serocid,zerocid
leeflox,levflox,resflox
lefoxin,levoxin,lewixin
lenagen,sennagen,senogen
lenoflox,sensoflox,xenoflox
lesofat,levofar,levonat
lesofat,levofar,lisofar
letrogen,letroget,metrogem
letroget,metrogem,metromet
leuragen,loragen,pluragen
levefer,levifar,levofar
levefer,levocer,levofar
leveget,levobet,levogen
leveram,levexam,levixam
levetra,levetrax,levitra
levexam,levixam,levoxac
levflox,leviflex,levoflox
levifar,levitar,levixam
levifar,levitar,levofar
leviflex,levoflox,sevoflex
levizine,lewizine,lorizine
levobact,levobest,levobet
levobact,levobet,levonat
levobact,levotact,levpbact
levobest,levobet,levocent
levobest,levobet,levores
levobet,levocit,levonat
levocec,levoxac,levoxel
levocer,levofar,levozyr
levocin,reyocin,xetocin
levocof,levomef,levomol
levofar,levonat,levozart
levofar,levozart,levozyr
levogen,levores,levorin
levogen,levoxel,levoxin
levolife,nervolife,nezolife
levolox,levomax,levomol
levomed,levomef,sevomed
levomed,levoxel,levoxid
levomol,levoxel,levoxol
levomol,levoxol,lexofol
levores,levorin,levoriz
levores,levoxel,levoxus
levores,levoxus,levozys
levorin,senorin,severin
lexofol,medofol,mesofol
licacid,loracid,miracid
licacid,minacid,miracid
ligoxin,lincoxin,ricoxin
lincoxin,vincolin,zincomin
lipidem,lipigem,lipisim
lipinil,lipirid,lipisim
litatin,misatin,vitatin
lodibes,lodipen,lodipex
lodine,lordine,lorine
lodipen,lodipex,loniper
lopiden,moxiden,noriden
loracid,lorafix,loranix
loracid,loramed,loraped
lorafix,loranix,lorarex
loragen,paragen,pluragen
loramed,lorarex,lozamex
lorcare,lorecare,norcare
lorcare,norcare,woncare
lordine,norfine,sorzine
lorid,lorin,loriv
losapine,losaprime,losarite
lovacet,novacee,novamet
mabiclav,maediclav,mediclav
maclitax,paclibax,paclitex
madovin,metovin,mucovin
maediclav,mediclav,medxiclav
marzole,maxzole,mazole
marzole,mordole,vorzole
maxicor,maxifer,maxifor
maxidex,moxiden,moxidex
maxidin,maxidine,maxizinc
maxidin,maxidine,moxidin
maxidin,mefidin,moxidin
maxidin,moxiden,moxidin
maxidin,ratidin,raxidine
maxidine,maxidyne,maximune
maxidine,mazipine,tazidine
maxidine,raxidine,tazidine
maxigen,maximet,maxivent
maxigen,maxitel,raxiten
maxilac,moxibac,moximac
maxithro,maxitrol,maxitron
mazole,myzole,mzole
mbcin,mucin,mycin
mecline,meliane,omeline
mecovit,megavit,melivit
mecovit,metovin,mucovin
mecovit,mucovin,mucovita
medaclox,medclof,mediclox
medamol,medavox,metamox
medamol,megadol,megafol
medetam,meditaz,meditram
medetam,medzotam,merotam
medicazol,medicol,medizol
mediclav,medxiclav,vexiclav
medicol,medizol,medizole
medicol,medizol,metidol
medicol,medofol,metocol
medicol,metidol,metocol
medifer,medofer,mesofer
medifer,regifer,relifer
medifime,medixime,medxime
medifime,medixime,medzidime
mediflam,meloflam,mexiflam
mediflam,mexiflam,moxiflam
medione,mediron,medixon
medione,mediron,medrone
medione,medizole,medzole
mediron,medixon,merdifon
mediron,medixon,modilon
medivasc,metavasc,metovasc
medizol,medzol,medzole
medofol,megafol,mesofol
medofol,mesofol,metocol
medogrel,milogrel,pidogrel
medogrel,pidogrel,sydogrel
medrizine,metirizine,metrizine
medrone,medroxy,metrony
medroxin,meroxin,neuroxin
medtadine,medtazime,mertazine
mefecap,mefecid,mefecod
mefecap,meferap,mefesaph
mefecid,mefecod,mefemed
mefecid,myrecid,omerecid
mefegen,moferen,momegen
mefevin,mefidin,meforin
mefevin,meforin,metovin
mefidin,meforin,melodin
mefidin,melodin,metadin
mefidin,metadin,zefadin
meforin,mephrin,zeporin
megaclav,megalax,megaplas
megavit,pregavit,regivit
melodin,meroden,metoden
melodin,meroxin,veloxin
melodin,velodin,veloxin
melodin,velodin,zolodin
melofar,melostar,melotab
melofar,metofar,mucofar
melomet,metamet,metromet
melophil,merohil,merophil
melophil,merophil,micophil
menizole,mepazole,xenazole
mepazole,metzole,retazole
mepazole,retazole,xenazole
mepenem,meronem,merpenem
mephrin,saphrin,sephrine
meprazol,peprazole,peprazom
meptin,peptin,septin
merohil,merophil,merozil
merohil,merozil,metrogil
meromax,merotam,merozan
meronem,meropen,merophem
merostan,merostar,merotam
merostan,merotam,merozan
mesofer,mesofid,mesofol
metadem,metadin,metoden
metamet,retamep,retazet
metamet,sitamet,zitamet
metcore,metform,metforze
meterol,metidol,metocol
meterol,metrol,ometrol
methyden,metoden,metroden
metocard,metofar,metogard
metoclon,metocol,metokon
metoden,metokon,metovin
metovin,mytocin,xetocin
metrizine,sitrizine,trizine
metrogem,metrogil,metrogyl
metrolol,metrosol,metrozole
metromet,metromic,metromin
metromet,metsobet,metsomed
metromin,nepromin,netrozin
metrovee,metrovia,metrovin
mexiflam,moxiflam,moxiflax
micargen,nicarden,nicargen
micolan,micorin,micoson
micolan,micorin,micotran
micolan,milovan,mitoban
micolan,mucolax,vicolax
miconex,micranex,milronex
micorin,micoson,mucosin
micorin,minirin,minocin
micorin,minocin,nicocin
micorin,nicocin,ricoxin
micozine,mucozinc,murozine
milogrel,pidogrel,plogrel
minacid,minocin,mirocid
minacid,miracid,mirocid
miracid,mirocid,myrecid
mirocid,mycocid,myrecid
mirocid,serocid,zerocid
moferen,momegen,morexen
momegen,momenex,momevex
montecet,montevent,montezen
montecet,montiget,montizet
montefend,montevent,montezen
montepro,monterio,montevo
montezel,montezen,montezyn
motiles,motillex,motirex
moxfloz,moxiflo,moxiflox
moxiden,moxidex,moxidin
moxiden,moxidex,moxilee
moxiden,noriden,noxifen
mucilin,mucosin,mucovin
mucin,mycin,mycon
mucolax,mucolem,mucolus
mucolem,mucover,muculer
mucosil,mucosin,mucosta
mucosil,myclosil,myconil
mucosin,mucosta,mucostan
mucosin,mucovin,mucozinc
mucosolin,mucosolvan,mucosolve
multamin,multimin,multizin
multamin,multimin,sultamin
multichem,multilem,multinem
multilem,multiplex,multivex
multimin,multizin,multizine
multizee,multizin,multizine
mupiban,mupican,mupihab
mupibro,mupipro,mupirow
mupicare,mupicore,mupicort
mupicent,mupigen,mupisenz
mupicin,mupirina,mupiriv
mupigen,mupirex,mupizee
mupirex,mupiriv,mupirow
mycocid,mytocin,mytoxid
mycocid,mytocin,vycocin
mytocin,vycocin,vytorin
nalbulin,salbuline,salbumin
nalocure,nasocare,nasocure
nalocure,nasocure,tazocure
natrasol,natravox,natrazol
natrazol,optrazol,strazol
neocyte,neonate,neovite
neonate,zdonate,zeenate
neorobia,neorobic,neurobiz
nepanac,nevanac,teranac
nepidol,rapidol,relidol
nervafil,nervaid,nervamin
nervafil,nervamin,nervamol
nervamin,nervamol,nervaton
nervamin,nerveemin,nervimin
nervamol,nervicol,nervsol
nervamol,peramol,teramol
nervaton,nerviton,neuviton
nervia,nervit,nervita
nervicap,nervicol,nervital
nervicap,nervita,nervital
nervicol,nervigo,nerviton
nervicol,nervital,nerviton
netrozin,strozin,terozin
neupime,sefpime,terpime
neurobase,neurobe,neuropse
neurolev,neuronerv,neuronov
neurolit,neuromet,neurovit
neurolit,neurorite,neurovit
nicarcent,nicarden,nicargen
nicardia,nicardin,nicardisan
nicardia,nicardin,nicardrip
nicardilex,nicardime,nicardize
nicardin,nicardisan,nicardivin
nicardin,nicardivin,nicarvin
nicarsin,nicarson,nicasan
noredec,noriden,norizec
noriden,noriter,norizec
noriphed,noriphen,norphed
novacee,novalev,novamet
novafine,novaxone,novazine
novafrol,novamol,novazol
novasorin,novatocin,novazolin
noveron,novirox,novixon
noviral,novirox,zovirax
noviral,xoviral,zovirax
numecef,purecef,surecef
omacare,omcare,omecare
omacare,omecare,omecore
omacare,omecare,oxycare
omecare,omepace,omepure
omecare,omepace,omesave
omecore,omenole,omerose
omecore,omepors,omepure
omed,omee,omep
omedime,omeline,omerife
omefree,omepfree,omeprex
omepfree,omeprex,omepure
omepram,omepron,ozepran
onizole,oprizole,trizole
oprasenz,prasenz,toprasenz
oprizole,terizole,trizole
optamol,optimol,optimox
optimin,optimol,optimox
oradol,pradol,praxol
oralime,oratrime,oraxime
oraxime,plaxime,seaxime
orazinc,orezinc,oxizinc
orphemol,orphenmol,orphenox
osporin,suporin,zeporin
ovestin,provestin,rovastin
paclibax,paclidex,paclitex
paincare,paincure,pancore
paloget,palonex,paloset
panagon,paracon,paragen
panamol,parafol,patanol
panamol,parafol,peramol
pancore,valcore,vancory
pantazil,pantazo,pentazol
pantazil,pantonil,pantozim
pantocin,pantovic,pantrovin
pantodium,pantodix,pantozim
pantodix,pantomax,pantonix
pantodix,pantonix,pantoprix
pantoel,pantokem,pantolev
pantoloc,pantovic,pantoxac
pantoloc,pantoxac,pentolac
pantomax,syntomax,ventomax
pantomax,vancomax,ventomax
pantovaz,pantovic,pantoxac
pantrex,pemtrex,ramtrex
pantrex,ramtrex,ranirex
pantrex,valtrex,ventrex
parabam,parabie,parabit
parabam,parabit,paranat
parabie,parabit,paraxib
parabie,parabit,parsabiv
parafer,parafever,paraver
parafer,paraflex,paraflu
parafer,paraflu,parafol
parafer,parafol,parazel
paraflex,paraflow,paraflu
paraflex,paraglee,paralex
paraflow,paraflu,parafol
paragen,paraglee,paralex
paragen,pluragen,purogen
parajaz,parajen,parasan
parajaz,paratam,perataz
paramed,piromed,pyromed
paranova,pranovaz,tranova
parasan,parastan,paratam
parasan,parazar,parazen
pemiget,telmiget,temoget
penachlor,penchlor,phenchlor
penachlor,phenchlor,phenzachlor
pengesic,progesic,rongesic
penxime,plaxime,seaxime
perzotam,prazotam,rezotam
phytobas,phytorad,phytoral
piromed,propmed,pyromed
platexan,platisan,platixon
platikon,platinox,platixon
pradol,pranol,praxol
pramide,prolide,prosmide
pramide,ramide,tramide
pramide,tramide,tramine
prazobac,prazocap,prazotam
prednaz,predsan,predsar
prestan,prospan,prostam
primofol,trimotol,trimozol
probelin,promeclin,prometin
probelin,prometin,protemin
prodix,prolix,propix
profenil,progefil,prometil
profoly,propocy,propolyf
prolide,prosmide,prosride
propain,propan,prospan
proscar,prospan,prostam
proscar,prostam,urostar
prosmide,prosride,prostride
purecef,surecef,urecef
rabecid,ranexid,ranicid
racedol,racetol,tracemol
racef,rocef,rucef
ramezole,ranzole,rapizole
raniden,ranipen,ranirex
raniden,rapidon,rapidsen
raniden,rapidon,ratidin
rapidax,rapidol,rapidon
rapidol,rasitol,ravixol
rapidon,residon,rigidon
razogen,tazogen,trizogen
razomed,tazofed,tazomeed
redmide,retamide,rexamide
redoxib,ricoxib,rifoxib
redoxib,rifoxib,sefoxib
regicee,regifer,regisev
regifer,relifer,remifen
regimol,regizole,relizol
regison,residon,revicon
regison,residon,rigidon
renogen,renoket,renozen
renogen,renozen,rexofen
repairo,resaire,respiro
reparil,retafil,retapril
respifar,respimax,respinal
respigo,respiro,respixl
retabloc,retacloz,retaflow
retabustat,retastat,retaxostat
retacid,retafil,retanix
retaclav,retalac,retaplav
retafil,retasul,retazol
retaglim,retaglip,retaglitz
retagral,retapraz,retapril
retapraz,retaprez,retapril
retasone,retaxone,retazole
retasone,retaxone,zetadone
retazar,retazart,retazet
retazar,retazet,retazol
retazidine,tazidine,terazidine
ribedim,robecim,robedim
richmox,rielmox,rifamox
ricoxib,ricoxin,rifoxib
ricoxib,ricoxin,tricoxia
ricoxib,ricoxin,vicoxiv
ricoxin,rifoxib,rifoxyn
risperi,risperic,risperkip
rixophil,triophil,trixophin
robicarb,sobicard,sodicarb
robisef,romicef,roxicef
robivit,rolavit,rondvit
rocemed,rocumed,ropimed
rocugen,rocuzen,rosufen
rocuzen,rosufen,rosuzan
rojacef,romicef,roxicef
rosamine,rosemide,rosumibe
rostad,rostan,rostar
rosufen,rosutin,rosuzan
rosunav,rosuvaz,rosuzan
rubicin,rubifon,rubilon
rubifol,rubifon,rubilon
salbufed,salbumed,salumed
salbufed,salufer,salumed
salbulife,salbuline,salbuxine
salbuline,salbumin,salbuxine
salbumax,salbumed,salbumin
salbumax,salbumed,salbunex
salbumax,salbumin,salbuvan
salbumax,salbunex,salbunox
salinate,sobinate,solunate
salumed,sanomed,sinumed
saphcycline,saphfylline,saphylline
saphgin,saphrin,saphzine
saphlite,saphlive,saphlyte
saphlite,saphlive,saphzine
saphlocid,saphlopid,saphlozin
saphril,saphrin,saphrinol
saphrin,saphrinol,saphrinox
saphrin,saphzine,sephrine
saphtram,saphtran,saphtrate
sartam,sartan,xartan
sedafin,sedalin,sedazine
sedlor,seflor,zeflor
sedoz,sefos,sefox
sefozin,strozin,terozin
selex,zelec,zelex
senorin,suporin,zeporin
setacef,stancef,starcef
sinucare,zinacare,zincare
sitadin,sitagen,vitagin
sitagen,sitakem,sitamet
sitiaxone,sitisone,sitixon
sitidime,sitixime,sitizine
sitidol,sitimox,sitixon
sitifix,sitiflox,sitimox
sitiflox,sitiglow,sitiklor
solvamox,solvomax,solvomox
stalev,stalevo,starlev
stercar,stercia,sterica
stravac,stravas,stravix
striaxon,sytriaxone,triaxone
striaxon,triaxin,triaxone
strozin,terozin,trozin
sugadex,sugamex,sugaver
sulbacef,sulbacin,sulbaxen
sulbacin,sulbaxen,sulbazon
suprane,supranx,supraznc
sydecon,sydencin,sydencol
sydencee,sydencin,sydencol
sydencee,sydencin,sydenfen
sydencin,sydenfen,sydentan
sydenhist,sydenkast,sydenvast
symdemax,symdenx,symdiemx
tacrocin,tazocin,zarocin
tarzidime,tazidime,tazidine
tazacin,tazadil,tazracil
tazacin,tazicon,tazocin
tazacin,tazocin,tazomin
tazi,tazim,tazin
tazobak,tazobal,tazobet
tazocare,tazocura,tazocure
tazocin,tazomin,tazonix
tazocin,tazomin,tezomin
tazocura,tazocure,tazosur
tazofed,tazomeed,tazovee
tazofour,tazojor,tazosur
tazojor,tazosar,tazosur
tazonex,tazonix,tazovex
tazosan,tazosar,tazosur
tazosar,tazoserv,tazosur
telamed,tempmed,tenemed
telmal,telman,telmax
telmidin,telmigen,telmipin
telmisartan,telsartan,terlisartan
temolon,temozol,tomolol
teracyn,teragen,terasin
teradox,teramol,teravox
teradox,teramol,tiradol
teragen,termagen,triagen
termagen,triagen,trimagen
teroxime,terpime,terxime
terpime,terxime,zerzime
terxime,zenxime,zerzime
timosaph,trinosaph,triosaph
titacef,triacef,tribacef
tobracid,tobralcin,tobrazin
tramacid,tramacirc,tramavic
tramadex,tramadin,trapadix
tramadex,tramaze,tramide
tramaze,tramide,tramine
tramed,tranmed,triamed
tranesalv,tranesaph,tranesave
tranexam,tranexamic,tranexamin
tranexam,tranexid,tranext
tranmed,triamed,tripmed
triacef,triagen,triamed
triagen,triagin,triaxin
triagen,trilacgen,trimagen
triagin,trianix,triaxin
triasaph,trinosaph,triosaph
triaxole,triazone,trizole
triaxole,trimaxol,trimaxone
triceftaz,tricetam,trimetaz
tricetam,trimetab,trimetaz
triconex,triodex,trisodex
trifam,trilam,tritam
trimagen,trimegen,trimezen
trimaxol,trimotol,trimozol
trimedav,trimedex,trimedin
trimedav,trimedial,trimedin
trimestat,trimetab,trimetaz
trimetab,trimetaz,trometa
trinolone,triodone,trioxone
triocef,triodex,triolev
triozime,trixime,trizine
tripgen,triplec,tripmed
unicarb,unicard,unicort
unicarb,unicard,uricare
uricare,uricure,zuricure
ursoden,ursodox,ursodyx
ursoden,ursodox,ursokon
ursodox,ursodyx,ursomax
ursolec,ursolin,ursoliv
valtrex,ventrex,viatrex
vancocent,vancomet,vancorest
vancocy,vancory,vancosky
vancokem,vancomed,vancomet
vancomax,vancomed,vancomet
vancomed,vancomeed,vancomet
vancosan,vancosky,vancoson
vasocon,vasocool,vasocor
venalax,venolex,ventolax
venirex,venolex,ventrex
venolex,ventolax,ventomex
venolex,ventomex,ventrex
ventolax,ventomax,ventomex
vigamox,vistamox,vitamax
vigrasil,viraxil,virusil
vitabit,vitagin,vitatin
vitacap,vitarap,vitasaph
vitacinc,vitagin,vitatin
vitadol,vitazol,zitamol
vitagen,vitagene,vitazee
vitagen,vitagin,vitagua
vitcee,vitree,vitzee
volugen,voluhes,voluven
volugen,vorigen,xorugen
winacef,windcef,zinacef
zarocin,zericin,zerocid
zebzine,zenuine,zetrine
zefadime,zefadin,zefaxim
zefalex,zefamax,zefarox
zefamax,zefotax,zemomax
zefaxim,zefuxim,zenoxim
zeffix,zefix,zemfix
zefimed,zefixmed,zefumed
zefir,zefur,zetir
zefufed,zefumed,zefuvee
zetranex,zetrine,zetrinx
zinof,zinol,zinox
zitamol,zithrol,zitriol
zitharix,zithrix,zithrox
zithrocin,zithrovic,zithroxin
zolemed,zolemep,zolemet
zolemet,zoliget,zologet
zolicef,zoligen,zoliget
zoligen,zologet,zoloren
zoligen,zoloren,zolphen
zuredel,zuregem,zurevee
zyclodex,zynodex,zytodex
aarexone,adresone
abdin,abrin
abiron,abirone
abiron,amiron
abiron,avirin
abirone,abitrone
abixa,apixa
abradex,aemadex
abradex,paradex
abradex,tobradex
abrexin,acrexon
abrexin,ambroxin
acaldin,actidin
acaldin,analmin
acaldin,rocaldin
accecef,acecef
accecef,acrocef
acceclar,accellac
acceclar,aceclav
acceclar,acneclear
accecoline,aecoline
accefixime,cefixime
accepan,accetran
accepan,ulcepan
accetaxime,aetaxime
acecef,acecof
acedrine,orcedrine
acefin,acevon
aceflo,adeflo
aceformin,ceforin
aceformin,sheformin
acemol,aemol
acerblock,herblock
acetafen,acetaffein
acetafen,acetagen
acetafen,catafen
acetor,aletor
acetra,cetra
acicare,bacticare
aciclogen,diclogen
acidem,aviden
aciflam,aciflux
aciflam,acuflam
acifre,acifree
acifree,aciprex
acifree,bactifree
acilev,aculev
acimed,azimed
acipraz,aciprex
acipraz,unipraz
acipredex,aciprex
acipredex,ciprodex
acipro,azipro
aclav,alclav
aclitel,amlotel
aclor,amclor
acnecare,appecare
acneclear,alleclear
acotril,alcotri
acotril,azcotil
acotril,racetril
acrexon,acroxyn
acrexon,appexon
acrocef,cecrocef
acrocef,macrogef
acroxyn,raproxyn
acroxyn,seroxyn
actein,acteine
actein,axtrin
acteine,seteine
actidin,bacticin
actiflor,bactiflox
actilax,altolax
actimax,lactomax
activent,bactigent
actonate,octanate
acumen,acumet
acumox,aumox
acumox,ocumox
acumox,scimox
acurium,becurium
acutocin,aztocin
acuzolid,axazolid
adamol,azamol
adapasenz,dopasenz
adcal,dcal
adfen,adfer
adisart,adivast
admox,aumox
adolpan,dolpain
adrenin,adrepine
adrenin,adrycin
adrepine,adresone
adresone,presone
adretam,amcetam
adrim,aerum
adrycin,aldricin
adrycin,almycin
adzosin,aezolin
aecipro,aspipro
aecipro,cefipro
aecoline,aezolin
aecoline,ecolide
aecys,zaecys
aefol,aefox
aefol,aemol
aefol,anfol
aeketo,alketo
aelox,avelox
aemadex,almodex
aemadex,asmalex
aemadex,hemanex
aenor,amnor
aepanpraz,panpraz
aepotin,aezolin
aepotin,amlotin
aepotin,aropotin
aeprazole,marprazole
aericure,atracure
aericure,ceticure
aerinex,burinex
aerinex,lewinex
aerobidol,anerobizol
aerokids,aeronide
aerolac,aeromax
aerolac,affolac
aeromax,alertmax
aeromax,amsomax
aeromax,auromox
aeromax,tacromax
aerotamol,nuerotamol
aerovent,atrovent
aerox,cerox
aesopra,metopra
aetaxime,altoxime
aetaz,amtaz
aetaz,cetaz
aetram,aztram
aetram,letram
aetricef,retracef
aezar,anzar
aezinc,aizinc
afebral,xfebril
affocaine,aurocaine
affolac,apfolic
afforvit,aforvir
affozole,atrozole
aflacin,inlacin
aforbes,atorbet
aggrastat,tigrastat
agiolax,altolax
aguadexa,guadexal
aguamox,guiamox
agyzide,ajezide
aimafix,airefix
ainofil,aminosil
airefix,gicefix
airex,atrex
airex,virex
airokast,biokast
airtal,artal
aizerone,liverone
aizet,alzet
ajesart,cresart
akidol,amixol
aknizol,akrizol
akrifine,akrizine
akrizol,aurinol
akucoline,skicoline
alabsar,almesar
alamin,alamine
alamin,alumin
alamine,calamite
alamine,dilamine
alamine,valemine
alapain,aluprin
alapain,parapain
albestan,olmestan
albez,alges
albezol,elbazol
albothyl,liothyl
albroxol,ambroxyl
albulem,alburel
albumax,ambimax
albumax,salbumax
alcefur,allecur
alcefur,bacefur
alcemax,allermax
alcid,aldic
alcogen,dulcogen
alcoplus,calciplus
alcorvit,altovit
alcoshield,micoshield
alcostar,palnostar
alcoxib,alfoxin
alcoxib,arcoxia
alcoxib,celcoxib
aldazole,aldezol
aldazole,godazole
aldic,almic
aldic,alrif
aldic,qodic
aldizar,amdozar
aldomet,aldromet
aldomet,alqoket
aldrox,alerix
alerchek,allerchem
alerid,alerix
alertmax,allermax
aleva,alevo
alevio,alevo
alfoxin,aploxin
algesia,aljesik
algicap,angical
alixime,alixone
alixone,plaxone
alizol,alizor
alizol,amizol
alizor,alzor
alkacel,altacef
allercef,allerchem
allerchem,allerphen
allerex,ulcerex
allerfen,almefen
allergo,allerpro
allergostop,allerstop
allerheal,allerwell
alleright,celeright
allerive,allerzine
allermin,celermin
allernil,allerphil
allerphen,allerphil
allerteen,allertrene
allertin,avertin
allezal,aprezal
allunol,aprunol
allurase,alpurase
alma,aluma
almesar,asmasar
almesar,olmezar
almic,alnix
almopin,almycin
almopin,altoprin
almopin,amlopin
almopin,calmodin
almopin,nimopin
almycin,azmicin
almycin,dalamycin
alodine,anodyne
alodine,pyodine
aloket,alqoket
alovell,exovell
alpurin,aluprin
alpurin,aspirin
alpurin,xanpurin
alqoket,amkoket
alrezin,filrezin
altacar,altacef
altacar,altamax
altacef,altozef
altamax,antamac
altamax,dalamax
altamax,olzamax
altamax,vitamax
altocid,altocom
altocid,altovit
altocid,aztocin
altocid,ketocid
altoclav,altolax
altoclav,bactoclav
altocom,ritocom
altoflox,amkoflox
altoflox,otoflox
altogest,altovast
altolax,estolax
altomox,auromox
altomox,eleomox
altoprin,aluprin
altovast,altovit
altovit,altovox
altovit,altozith
altovit,calnovit
altrazide,artazide
altrazide,ultrazid
altussan,atussin
alumetz,flametz
aluzet,alzet
alventil,salventin
alvogen,alvolin
alvolin,xalvobin
alvozol,fleozol
amadol,anaxol
amadol,aradol
amadol,damadol
amair,amzur
amair,asmair
amalvex,amoltex
amalvex,ampivex
amalvex,amsulvex
amalvex,asmalex
amantin,amlotin
amantin,aurantin
amantin,avastin
amantin,azentin
amaxin,imaxin
ambdart,armadart
ambdart,avodart
ambesyl,amlosyl
ambicaine,ambiclin
ambicaine,ambidine
ambical,ambiclav
ambical,ambidol
ambical,ambimax
ambical,ampiral
ambical,angical
ambicipro,ambisopro
ambiclav,ambiclin
ambiclin,amkoclin
ambiclin,ampicin
ambidazol,ambidol
ambidazol,ambprazol
ambidine,amdipine
ambidol,amsodol
ambiflu,tamiflu
ambilyte,ambrolyte
ambimax,kabimax
ambimide,amblomide
ambimox,augimox
ambimox,combimox
ambimox,harbimox
ambinerv,auxinerv
ambipen,amoxipen
ambipen,amsopen
ambipen,harbipen
ambisopro,ambisor
ambitocyn,ambtocyn
ambixime,amkoxime
ambloc,arbloc
ambprazol,ambrazole
ambprazol,ariprazol
ambprazol,meprazol
ambrazole,amibazole
ambrocare,ambrocor
ambrocor,ambrotor
ambroflam,ambrolem
ambrolem,amprofem
ambronx,ambrorex
ambronx,ambrox
ambroppex,ambrorex
ambrorex,amlorex
ambroset,ambrovit
ambroset,amnoset
ambrosyn,ambtocyn
ambrovit,ambroxin
ambrox,amprox
ambroxin,meroxin
amcetam,malcetam
amcitrol,amlytrol
amcivir,ampivin
amclor,amelor
amdipine,kodipine
ameciron,mediron
amefocin,amezolin
amefocin,anerocin
amefocin,meforin
amicyn,vamicyn
amidozil,aminosil
amigard,aspigard
amigard,avagard
amiken,aziken
aminocare,aminozyre
aminoden,amiodex
aminolog,aminosol
aminoral,amiodal
aminosil,amlosil
aminotrene,amlotrene
amio,amso
amiobas,amiodal
amiobas,amlobes
amiodal,amiodex
amiodal,amlodac
amiodal,amsodol
amiphil,raniphil
amixlo,amixol
amixol,amizol
amixol,amoxil
amizol,amzol
amkoclin,amsolin
amkoclin,arkocin
amkodine,amkoteine
amkofol,amsodol
amkoket,amkomep
amlin,amlix
amlin,amlon
amlocare,ampicare
amlocare,kamocare
amlocare,xylocare
amlodine,amlodipex
amlodipex,amlopex
amlodipex,lodipex
amlodisan,amlotitan
amlodn,amlon
amlodn,amlorh
amlofar,melofar
amlog,amlon
amlopin,danlopin
amlopress,ampress
amlopril,emlopril
amlorex,avtorex
amlosar,amlostan
amlostan,amoxstan
amlotech,amlotel
amlotech,oflotech
amlotin,amnotic
amlovac,amlovin
amlovin,ampivin
ammocil,amtacil
amnotic,anmotic
amoclav,amocled
amoclav,amsoclar
amocled,amocleed
amoxden,ampiden
amoxden,enoxden
amoxden,tamoxen
amoxipen,cloxipen
amoxivee,moxilee
amoxstan,atorstan
ampholip,ampholyn
ampholyn,lipholyn
amphonex,ciphonex
ampicare,ampimar
ampicin,azmicin
ampiden,ampisuden
ampiden,apiden
ampiden,lopiden
ampimar,ansimar
ampimax,ampivex
ampimax,aspimix
ampiral,ampirilz
ampisulmax,ampisultam
ampita,ampitam
ampitam,yupitam
amptrex,doptrex
amptrex,ramtrex
amso,imso
amsodex,casodex
amsolin,tamsolin
amsolin,ursolin
amsomax,tamsumax
amsomax,ursomax
amsomep,amsumed
amsuduo,amsulduo
amsul,lamsul
amsumed,ansulmed
amsutas,tamsudas
amtrix,tamtrix
amucogen,mucugen
amzol,anzol
amzol,omzol
anaferon,anaseran
anaferon,anatero
anagic,analgic
analin,analmin
analmin,antamin
anator,avator
anazole,onizole
anclotic,anmotic
andimycin,medimycin
andrex,indrex
anebloc,azibloc
anebloc,neobloc
anebloc,omebloc
anekcin,anektil
anekcin,anerocin
anektil,aneptil
aneptil,azepril
anerocin,aztrocin
anexa,ranexa
anfloxol,aploxol
anfol,anzol
angical,angicarv
angical,angicee
angical,angimax
angical,ranical
angicarv,angihart
angicee,regicee
angihart,xanginart
angimax,ansimar
angimax,augimox
angimax,indimax
angimax,logimax
angimed,antamed
angimed,appimed
angimet,angivent
angimet,antrimet
angimet,arcimet
angiogen,angiogrel
angioten,angitec
angiovert,angivent
angivent,rogivent
annaget,ondaget
anpheclor,typheclor
ansulmax,ansulmed
antamed,asmamed
anzenil,apzanil
apcalvit,apcevit
apcamphor,camphor
apcee,gapcee
apcevit,appevit
apfolic,cefolic
apfolic,sapholic
apiden,aviden
apidra,apivra
apixa,apixar
aplitax,maclitax
aploxin,aploxol
aploxin,opmoxin
aploxin,raplexin
aploxin,veloxin
appelife,lopelife
appemin,appevit
apperon,sapheron
appesaph,azeesaph
appetal,appetan
appetal,aprezal
appetan,appetanyx
appetan,appetason
appetan,appetens
appetan,aprotan
appetan,capetan
appetason,appettron
appetrex,appetrix
aprevaz,aprezal
aprezal,aprezin
aprotan,atropan
aprovasc,provasc
aprunol,aurinol
aptgesic,opigesic
aptradol,cetradol
aptradol,optrazol
aptradol,raptrasol
aralev,stalev
arcicort,fucicort
arcicort,tricort
arcimet,urcimed
arcoxia,cecoxia
arcoxia,tricoxia
ardilol,eodilol
argicox,argifix
argicox,augimox
argifix,regifix
argixime,largexime
argixime,regixime
arigen,irigen
arixtra,avistra
arkocin,aztocin
arkocin,zarocin
armal,artal
armalanic,armaxenic
armazoline,armocoline
arnil,zenil
aroled,proled
aropen,ropen
arpip,arpipo
artazide,erazide
arthran,zithran
arvexone,arvoxon
asadin,atadin
asaprim,isoprim
asbutol,nobutol
asbutol,pasbutyl
ascanex,asmalex
asconzee,ascorbzee
ascopen,ascozin
ascopen,hyscopen
ascophil,atrophil
ascophil,micophil
ascorb,nascorb
ascorbtree,ascorbzee
ascorbzee,scorbzee
ascorgen,atorgen
ascorsaph,ascorseth
ascorsaph,atorsaph
ascortin,efcortin
ascotwin,vasotwin
asetron,axepron
asetron,isotron
asetron,onsetron
asetron,savetron
asetron,setrion
asmaclear,asmaler
asmaclear,axmaclear
asmagen,asmagone
asmaler,asmasar
asmalin,asthalin
asmamed,nasamed
asmaplex,femaplex
asomex,axonex
aspicard,lopicard
aspidon,aspitor
aspidon,auspidol
aspidon,rapidon
aspigard,mupigard
aspigen,espogen
aspigen,mupigen
aspimix,aspirin
aspipro,astapro
aspipro,mupipro
aspirin,bespirin
aspirin,osporin
aspitor,lipitor
asterol,astrol
asterol,meterol
astezol,eastmezol
astezol,osteozol
astimol,asvimol
astimol,fastamol
astrofen,estrofem
astrofen,gastrozen
astrozole,ostiozole
asulbac,disulbac
atadin,stadin
atasart,avazart
athrodim,atrodix
atoren,atorgen
atorgen,atorwin
atorgen,clorgen
atorgen,etorigen
atorphil,atrophil
atorpine,atorwin
atorstan,forstan
atorvas,atovas
atorvas,itorvaz
atorvas,toravas
atracor,atracure
atracor,ibracor
atracor,strator
atracor,ultracor
atracure,paracure
atrex,attex
atrex,mtrex
atrex,zyrex
atrodix,bactrodix
atropan,atropos
atrophil,merophil
atrophil,triophil
atropos,atrosol
atrosol,atrozole
aubrex,lubrex
aurinol,aurosol
aurinol,furinil
aurinol,purifol
aurohex,auromox
aurohex,furonex
auromox,aurosol
auromox,sucomox
aurosol,nurocol
avagard,avazart
avagard,mevagard
avagard,paragard
avamab,avamax
avarin,avirin
avas,avax
avastin,vasitin
avator,avitor
avazart,avodart
avazart,novazart
avertin,azentin
aviar,avsar
avisaph,azisaph
avtorex,azthrex
axazolid,diazolid
axbin,axibin
axbin,axqin
axenate,maxnate
axenate,zeenate
axepron,exeprin
axepron,omepron
axiban,axibin
axiban,paxiban
axiclav,xiclav
axillin,excillin
axitro,xitro
azacytin,fazactin
azartan,ysartan
azcornate,hycornate
azcotil,mucotil
azeecor,zeecorb
azeesaph,azisaph
azeesaph,calzeesaph
azenc,azent
azenc,aznc
azepril,zepdril
azibloc,epibloc
azibloc,lacibloc
azicare,azicass
azicare,azithcare
azicare,zincare
azilin,azimin
azilo,aziqo
azilo,azlo
azimac,azomac
azimed,azimef
azimed,lazimed
azimin,azimit
azimit,azimor
azisaph,fazosaph
azitan,azitas
azithcare,azithcor
azithcor,azithrom
azithrom,azithromax
azithrx,azithva
azlo,azro
azmicin,aztocin
azmicin,cymicin
azopt,azost
azthrex,kathrex
aztocin,pantocin
aztocin,tazocin
aztram,aztrem
aztrocin,gastrocin
aztrocin,rytrocin
aztrocin,zarocin
b1bloc,h2bloc
bacefaz,bacefur
bacefaz,rabefaz
bacefime,bacxime
bacimex,bactrex
bacimex,bacxime
bacimex,kalimex
bacipro,brucipro
bacipro,ramipro
bacracil,tazracil
bactacare,betacare
bactamed,bactromed
bactan,bactaz
bactezole,bactizole
bacticare,bacticide
bacticare,bactigard
bacticef,bactier
bacticef,bactricef
bacticide,bacticin
bacticide,bactixime
bacticin,bactillin
bacticin,bactinil
bacticon,bactrigon
bactidol,bactizole
bactigent,bactinext
bactillin,baczillin
bactisul,bactosun
bactixime,bactroxime
bactixime,bacxime
bactofix,bactopic
bactofix,bactrodix
bactosun,lactosan
bactreat,bactrex
bactreat,bactrias
bactrex,bactrexin
bactroban,bactrofar
bactroban,batriban
bactrofar,bactrostar
bactroxime,macroxime
bacxime,bhecxime
bacxime,bioxime
bacxime,macxime
baczin,zaczin
baczone,jaczole
baczone,lactone
bagogem,bagoxed
bantopraz,pantopraz
bapicrem,topicrem
baplatin,ebeplatin
barcef,bercef
barudon,saridon
batriban,natriban
baxolyn,maxolin
bazicort,ranicort
beisol,brizol
belavit,rolavit
belavit,xelavir
belcetra,kelcitra
belizar,betazar
bellazole,elbazole
beluxan,cefuxan
beluxan,relaxan
bemefor,demetor
benadrex,benadryl
benadrex,bensarex
benaxil,fenaxin
bendaget,bendared
bendaget,ondaget
bendared,bensarex
bendipine,kenzipine
benedex,benefix
benedex,bonedef
benedex,penodex
benefit,benefix
benflam,neoflam
benjasol,betasol
bensarex,bisarex
benzoderm,benzoper
benzoderm,betnoderm
berafen,teragen
berapraz,berapred
berapred,betpred
berapred,orapred
beraxime,buenaxime
bercef,betcef
bercef,ercef
bertram,bortrac
bertram,hertraz
berzimax,fertimax
bestatin,dystatin
bestatin,estamin
bestatin,meslatin
bestdazole,bestprazole
bestine,betzine
bestine,destone
bestine,heltine
bestine,restime
bestprazole,esprazole
besymed,betamed
betacard,metocard
betacare,betacrem
betacare,betavate
betacert,ketacent
betaderm,betnoderm
betadex,vitadex
betadine,betzine
betadine,butasine
betadine,etamine
betadine,zetadone
betalbee,betalex
betalex,fentalex
betalex,ketolex
betalex,zefalex
betam,bettam
betam,bezam
betam,butam
betam,setam
betamed,betpred
betamed,ibutamed
betamed,ketomed
betamox,britamox
betasol,hemasol
betavasc,betavate
betavate,betnovate
betavert,retavent
beterub,seterus
betical,xenical
betnovate,ceenovate
betpred,cetired
betrol,bptrol
betrol,metrol
bett,vert
bettam,vertam
bettrix,biotrix
betzine,blazine
betzine,cetizine
bexil,hexol
bezam,bezom
bezogen,bezolin
beztin,buztin
bicam,bicom
bicam,ricam
bicapros,finapros
bicarbisaph,bicarsaph
bicardone,blicardene
bicarsaph,nicarsaph
bidox,bifix
bidox,gicox
bifix,gofix
bilax,bilex
bilecid,tigecid
bilex,biped
bimatop,imatrop
bimatop,nimotop
biocort,viscort
biodin,bioxib
biodol,biofil
biodol,niosol
biogenic,biogesic
biolac,biomac
biomib,bioxib
bionerv,pronerv
bionyst,geonyst
biopenem,bioprene
biophen,biosaphen
biopime,bioxime
biopime,bizapime
biopime,bonpime
biopred,biopril
biopril,biotrix
biopril,bisophil
bioquis,biotuss
biorose,biosone
biosaph,biosaphen
biosone,biosure
biosone,ilosone
bioster,bisosten
bioster,diosper
biotamol,fioramol
biotaz,piotaz
biotrix,boostrix
biotrix,clotrix
biotrix,giotrif
biotrix,midtrix
biotrix,nicotrix
bioxime,bisoxine
bioxime,nicoxime
biozinc,kidzinc
bisacod,bisocor
bisacod,vitacod
bisapro,ecsapro
bisarex,histarex
bisocor,vasocor
bisolab,bisolem
bisolvon,disolvon
bisophil,bleophil
bisoxine,cidoxine
bisoxine,visoline
bizataz,pizotaz
blefime,flexime
bleoace,bleocel
bleocel,bleomed
bleomed,levomed
bleophil,clophil
blicardene,blicarpine
blicarpine,nicarpine
blicid,bloxid
blifan,blifon
blifec,bligef
blifec,glivec
blifetaz,lifetan
blifon,bliron
bligef,bligem
blincocin,lincoxin
blinda,slinda
blineks,blineph
blokacid,loracid
blopress,clopres
blopress,gopress
bloxid,cloxid
bluecef,bluehep
bluecef,ildecef
bluemox,cluvmox
bluemox,lumemox
bomplex,domplux
bonamine,bonazin
bonazin,synazin
bonsenz,foxsenz
bonsenz,ginsenz
bonvits,bonviva
boricetam,tricetam
borzomib,zortomib
botox,gorox
brainolin,braiporin
brecare,predcare
brecare,uricare
breecort,broncort
breecort,budecort
breezol,brezole
brestane,cristane
brestane,emestane
brevalife,pregalife
brezole,rezole
bricalin,ritalin
bricor,tricor
brimaed,rimaped
britamox,rifamox
brodix,bronix
brodix,prodix
brofen,profen
brofoxin,broloxin
brofoxin,trefoxin
brolex,bromex
brolex,ibrolex
broloxin,urolosin
bromed,bromex
bromesaph,bromhexsaph
bromex,bromux
bromux,bronix
bronchofen,bronchomed
bronchofen,bronchovent
bronchomed,bronchomide
bronchomide,bronchonide
bronchosar,bronchoserv
bronchovent,broncocent
broncocil,broncolin
bronzine,burnzine
bronzine,fronzinc
brospec,rospec
broxan,broxin
broxilex,broxolex
broxilex,proxilev
broxin,proxin
broxoflem,broxolex
bucligen,buclimin
bucligen,mecligen
buclimin,buclivit
budecort,zudicort
budesma,budeson
budeson,budesone
budesone,budesonide
budesone,budesure
budesone,dubesone
budmed,bumed
bufacord,bupicord
bulcolax,buscomax
bupicord,buticod
bupidex,burinex
bupidex,elpidex
bupidex,fusidex
bupilon,rubilon
bupirey,bupiron
bupisaph,mupisaph
buradoc,curadec
buradoc,fusadoc
burinex,mucinex
burinex,suprinex
buscobet,buscomed
buscomax,buscomed
buscomax,buscopan
buscomed,mucomed
busid,fusid
buston,buztin
butacap,vitacap
butagen,butalyn
butam,dutam
butamol,butexol
butamol,dubamol
butamol,lutimol
caberline,caneline
cabxel,cabxol
cabxol,caxol
cafgard,nifgard
caftein,castein
calagen,calazin
calagen,halaven
calagen,kaligen
calamite,calmate
calazin,calyxin
calazin,catapin
calazin,celabin
calazin,clazine
calazin,dapazin
calazolv,catazol
calbornate,calcernate
calcie,calcip
calcilife,calcilyte
calcilife,calcipine
calcilyte,calcimate
calcimed,calsimet
calcimed,cardimed
calcimed,colchimed
calcimed,zalimed
calcisan,calcisaph
calcisan,calcivas
calcisaph,calmsaph
calmate,clomate
calmsaph,capasaph
calmsaph,coldsaph
calnovit,ceenovit
calnovit,sannovit
caloderm,calziderm
caloderm,closderm
caloderm,halodem
calpine,cildine
calprem,valprex
calta,caltab
calzc,calzi
camusten,canesten
candegen,capegen
candelife,caneline
candephil,cardiphil
candez,cardez
candina,sandine
canelin,caneline
canelin,canexil
canelin,capebin
canelin,navelin
canem,xanem
caneschem,daneschem
canesten,clonesten
canexil,caxetil
canexil,cefexil
canexil,farexil
canexil,ranexid
canisar,canison
canisar,clavisar
canisar,mabisar
capebin,capmerin
capeceen,capegen
capegen,lopegen
capemed,rabemed
capomed,hypomed
capomed,napromed
captophil,ciprophil
captoprix,pantoprix
carbabene,carbacent
carbacent,paracent
carbezin,carezyn
carblax,carbonax
carblax,carimax
carblax,curelax
carbobil,carbotin
carbofon,carbonoc
carbogen,cardigen
carboget,karbonet
carbomux,carbumox
carbonax,carbonoc
carbonax,carbovan
carbotin,carbotinol
carbumox,cavumox
carbumox,harbimox
cardamin,lordamin
cardea,cardez
cardemef,caresef
cardez,cardoz
cardigen,cortigen
cardilol,carvidol
cardimed,carpime
cardin,cardob
cardiopamine,cardiotamine
cardiosel,cardiosim
cardiosine,cardivine
cardiostat,cordistat
cardiostat,kardiostan
cardiovasc,cardivasc
cardiwon,cardowin
cardizar,cardizef
cardob,cardoz
cardoxin,fargoxin
caresef,carezee
caresef,carisen
caresef,marecef
carezee,carezyn
carimax,paramax
carimax,varivax
carin,cerin
carpime,terpime
cartin,cartine
cartin,cortin
cartine,cartinex
cartine,harline
carvast,korvast
carvast,ranvast
carvedil,carvidol
carvidol,karvidol
caryl,claryl
caryl,daryl
casodex,faslodex
casodex,nasonex
caspin,vaspin
cassavent,cistavent
cassavent,nassavent
castein,cisteen
castra,cistra
catafen,diatafen
catafen,tanafen
catagen,natalgen
catalan,cetavan
catalan,coralan
catania,catapin
catapin,cetamin
catazol,mamazol
catazol,natrazol
catazol,patanol
caxetil,goxetil
caxetil,laxedil
ceclobid,cycloxid
ceclofam,celofem
ceclofam,diclofam
ceclor,ceflor
cecon,vexon
cecoxia,celcoxib
cecrocef,jectocef
cedine,cexime
cedine,cidine
cedix,cefux
cedix,cerox
ceefait,cefavit
ceenovate,ceenovit
ceenovate,cleovate
ceenovit,zeepovit
ceeprazol,meprazol
ceeright,celeright
cefac,cefbac
cefacare,certcare
cefacare,infacare
cefagen,orfagen
cefakor,ceftakon
cefakor,cefuker
cefalin,ceflin
cefalin,cefralon
cefamed,efamed
cefarap,cetarad
cefarap,meferap
cefavex,cefavit
cefavit,cefoxit
cefavit,infavit
cefax,ceftax
cefax,cefux
cefax,cemax
cefax,cetaz
cefazoden,cefazovin
cefazoden,ceftaziden
cefazone,ceficzone
cefbac,defnac
cefdotab,cefmetab
cefedix,cefexil
cefegen,cefevex
cefekixime,cefixime
cefemarc,cefumac
ceffix,zeffix
cefiden,cefwide
cefiem,cefim
cefigen,cetirgen
cefim,cerin
cefim,cexim
cefimax,cefisan
cefipro,cefpuro
cefisan,cefixstan
cefisan,citisan
cefitome,cefixime
cefiwell,mefewell
cefixed,cefixneed
cefixed,cefoxid
cefixime,cefroxime
cefker,cefuker
cefled,ceflex
cefmed,cofmed
cefmed,fermed
cefmetab,mefetab
cefobact,levobact
cefogen,cefovex
cefogen,cefurogen
cefolic,cefuvic
cefonav,cefonov
cefonav,celenav
cefonov,cefozol
cefonov,cefunova
cefonov,ketonov
cefopsiv,cefopti
cefopsiv,ketopsiv
cefosenz,cefsenz
cefosenz,ketosenz
cefotax,ceftax
cefotax,zefotax
cefotaxsaph,cefoxsaph
cefovex,ketovex
cefovex,mefolex
cefoxiget,cefoxit
cefozol,cefuzel
cefphil,clophil
cefpuro,cefurox
cefreexime,cefroxime
cefriwind,cetriwin
cefromaxil,cefroxil
cefrone,medrone
cefroxil,cefroxime
cefroxil,zecroxil
cefroxime,centroxime
cefsukeer,cefuker
ceft,vert
ceftacent,ketacent
ceftakon,ceftazin
ceftamax,ceftamed
ceftanova,cefunova
ceftax,celtax
ceftaziden,ceftriden
ceftebas,ceftibac
ceftibac,ceftibet
ceftracon,ceftravin
ceftrex,hoftrex
ceftri,dectri
ceftri,geftri
ceftriace,ceftriamed
ceftriace,ceftriaxcel
ceftriace,ceftribac
ceftriasenz,ceftrisenz
ceftriaxcel,ceftriexcel
ceftribac,ceftridec
ceftriden,ceftrisenz
ceftrikids,cetrikid
ceftrina,cetrigna
ceftrirife,cetrilife
ceftris,referis
ceftrix,eftrix
ceftrixone,ceftrone
ceftrixone,enceftrixone
cefucirc,cefuvic
cefucy,cefury
cefufarm,cefufer
cefufarm,cefupharm
cefufarm,cefutam
cefufarm,zefifarm
cefufer,venufer
cefuhil,febuhil
cefulus,cefuplus
cefunova,celenova
cefuphil,febuphil
cefuprime,ceprime
cefurex,cefurexel
cefurex,feburex
cefurine,cetirine
cefurogen,furogen
cefuronix,furonix
cefuvast,cosuvast
cefuvex,zefuvee
cefuvin,mefevin
cefxifix,cefxitrix
cefzime,zerzime
celcarb,welcard
celcoxib,celcoxx
celcoxx,celecox
celdron,zeldiron
celecox,celecoxib
celecox,celekop
celecoxib,execoxib
celecure,celevue
celecure,ceticure
celecure,clacure
celecure,melocure
celeflam,meloflam
celehan,celehil
celehan,celenav
celehil,celethix
celemic,celerich
celemic,celermin
celenav,celenova
celenova,xerenova
celerich,celeright
celevid,celevue
celevid,xelevia
celevo,televo
celexib,terexib
celofem,kemofem
celoxone,cevoxine
celoxone,cifloxone
celoxone,cloxane
celoxone,geoxone
celplat,cloplat
celvit,cevit
cemax,femax
cemetol,demetor
cemoxi,comoxi
cencane,centrane
cencane,fencare
cendalex,cephalex
cendalex,fentalex
cenoron,fenocron
cenoron,tenolon
cenprahep,genpramep
centracid,gentacid
centracid,neutracid
centrane,centranor
centrane,contrave
centrapaz,centrapraz
centraz,centrex
centraz,hertraz
ceparin,nuparin
ceparin,reparil
cephalex,ephalox
cephoral,cephrad
cephrad,cepiram
cephrad,cetarad
cephrad,peptrad
cepimed,epimeds
ceplex,coplex
ceprime,kepxime
ceptrocin,zentrocin
cerelyte,cerezyme
cerin,cervin
cerin,feron
cerin,xerin
cerol,cerox
cerol,cetil
cerosan,ciprosan
certcare,cetricare
certcare,corticare
certcare,nervcare
certcare,ventcare
cervin,vercin
cetalert,cetalore
cetalert,cetanerv
cetamid,conamid
cetamin,cetavan
cetarad,cetavan
cetiair,pediair
ceticure,cetricare
ceticure,ketocure
ceticure,pepticure
cetikast,cetrikast
cetil,metil
cetirgen,cetirigen
cetirid,cetrikid
cetirigen,cetirivin
cetirigen,cotrigen
cetirigen,etorigen
cetirilife,cetrilife
cetirivin,cetriwin
cetizine,metrizine
cetizine,sitizine
cetradol,penradol
cetrasol,metrosol
cetrasol,natrasol
cetraxal,cetrival
cetricare,metrocare
cetrilife,erilife
cetrimax,cetrival
cetrimax,methimax
cetrinova,citinova
cetrinova,ferrinova
cetrinova,metronova
cetrival,cetrizil
cetrival,etorival
cetrizil,xefrizil
cetrocord,metrocor
cetrolix,cetrothix
cetrostal,letrostad
cetrothix,neurothix
cevit,cevita
cevit,levit
cevita,crevita
cevita,decita
cevoxine,cidoxine
cevoxine,sevoxane
cexim,cexime
cexim,texim
cexime,coxime
charlize,harline
chlorgen,clorgen
chlorolem,cholorolem
chlorsaph,chlorseth
choledeo,cholefen
cholefen,cholefix
cholefix,cholevit
cholevit,holivit
choltrol,control
cialis,dialix
ciclox,cyclox
ciclox,ociclox
cidine,cildine
cidine,cocine
cidine,midine
cidoxine,idexine
cifambic,vidambic
cikolin,cizolin
cildine,citrine
cildine,coldinex
cildine,sildine
ciloplot,cilopro
ciloplot,cloplat
cilopro,dilapro
cilopro,nicopro
ciloxan,ciploxac
ciloxan,cloxane
ciloxan,milovan
cilozia,cirozit
cimesaph,citisaph
cimesaph,timosaph
cimex,ximex
cinzitab,cititab
ciplife,ciplume
ciplife,cloplife
ciprobay,iprobac
ciprodex,luprodex
ciproflo,ciproflox
ciproflox,ciprolax
ciprogen,ciprogyl
ciprogyl,ziproxyl
ciprollen,cispollen
cipromax,pipzomax
cipromet,ciprovest
cipronova,ironova
ciprosan,ciprosave
ciprosan,nitrosan
ciprosenz,eprosenz
ciproson,diprosone
ciprotam,ciproted
cirab,curan
cirozit,mirovit
cisflem,cisflex
cisflex,xinflex
cisplaxil,cisplaxon
cistavent,cistovent
citapram,scitapram
citapram,zytapram
citicolex,citicollen
citimak,sitimax
citinova,optinova
citisan,citisaph
citisaph,vitasaph
cititab,colitab
citrine,citrinex
citrine,citriol
citrine,litaine
citriol,zitriol
citrucin,citruvit
citruvit,vitruvia
cizolin,lizolid
clabimen,clobimed
clabiza,clobila
clacure,clavocure
clacure,diacure
cladex,flarex
cladryl,claryl
cladryl,clodrel
clamovid,clamoxid
clamovid,flamavid
clapidz,clopida
claricort,clorifort
clarid,clariq
clarid,klarid
clarifix,clotrifix
clarimac,clarimid
clarion,clavron
clarithrocid,clarithromed
clarithromax,clarithromed
claritin,clavicin
clarituss,glaritus
claryl,claryn
clauden,clavugen
claventin,clavmentin
claventin,clovintin
clavic,clavin
clavic,claxic
clavic,flavix
clavic,klavic
clavicin,platicin
clavifarm,clavisar
clavimox,clavinyx
clavimox,gravimox
clavin,clavsin
clavisar,plavicar
clavixo,clovixa
clavmed,glaumed
clavmetz,flametz
clavmox,clavron
clavmoxwel,clavoxel
clavobac,clavomax
clavobac,clavubac
clavocure,clavxicure
clavogen,clavugen
clavomax,levomax
clavomex,clavoppex
clavoxel,clavuxel
clavoxel,levoxel
clavron,clavsin
clavsef,clavsin
clavsin,clavstan
clavstan,clavustan
clavubac,clavutec
clazol,clozol
clazol,plazol
cledomox,eleomox
cleocin,levocin
clevan,levan
clexane,cloxane
clfer,clofer
climaxin,clindaxin
clinamak,clinamet
clinamak,clindaman
clinamet,clindamit
clinamet,clinmed
clinamet,glinamet
clinbac,klinbac
clindacare,clindacure
clindacare,clindasave
clindacin,indacin
clindafer,klindaver
clindal,clindex
clindal,skindal
clindarene,klindarone
clindasaph,clindaseph
clindavest,clindavint
clinderm,clindex
clinderm,closderm
clindex,clinmed
clindex,klindex
clinmed,clinmyn
clintam,clintop
clintam,clottam
clintam,lintam
clipax,clitax
clircaf,clorcef
clizid,cloxid
clobechem,clopichem
clobesaph,globisaph
clobetor,clopitor
clobfred,clobimed
clobfred,clotfre
clobfred,klofred
clobon,clonin
clocel,clogel
clocel,floxel
clocephen,clofepen
clocephen,clophen
clodi,clodin
clodi,clomi
clodi,lodi
clodrel,clopidrel
clofefar,clofenad
clofefar,clopifar
clofenad,clofina
clofenad,lofenax
clofenova,clopinova
clofepen,drofepen
clogel,clogrel
clogrel,clogrix
clogrel,congrel
clomate,lomatec
clonigen,cloxipen
clonigen,conagen
clonipress,clotapress
clonisea,clonisur
clonisur,clopisure
clopate,cloplat
clophen,clophil
clophen,clopres
clophen,clorgen
clophil,diclophil
clophil,hyophil
clophil,melophil
clopicare,clopisure
clopicare,clovacare
clopicare,coxicare
clopicare,lopicard
clopida,clopidra
clopidogrel,clopidrel
clopidomed,clopimed
clopidra,clopidrel
clopidra,clopierra
clopilar,cloplat
clopinova,glipinova
clopiron,clopitor
clopitor,lipitor
cloplife,lopelife
clopres,lopres
cloprimed,cloprimide
cloracef,clorcef
clorcef,lorcef
clorgen,klorfen
clorgen,loragen
clormed,loramed
clostin,clotin
clotimax,ultimax
clotin,clotiz
clotribex,clotrigen
clotrigen,cotrigen
clovate,halovate
clovimax,clovixa
clovimed,flovomed
clovir,yclovir
clovirex,cloxarex
clox,colox
clox,flox
cloxacin,cloxakid
cloxacin,cloxapen
cloxacin,clozadin
cloxakid,clozakip
cloxane,florane
cloxapen,coxafen
cloxapen,floxagen
cloxapen,globapen
cloxarex,clozarem
cloxarex,floxavex
cloxarex,lorarex
cloxid,coxid
cloxiem,cloxim
cloxiem,cloxipen
cloxiem,droxiem
cloxim,eloxim
cloxin,coxin
cloxipen,lodipen
clozadin,clozakip
clozadin,olzadin
coamoximed,coamoxivet
cobax,obax
cobax,xovax
cobiokids,robikids
cobis,colis
cocilone,decilone
cocine,coxime
cofidec,cortidec
colate,folate
colchicare,colchicine
coldsaph,condesaph
coldsaph,zoledsaph
colife,copide
colife,folife
colimax,colitab
colimax,colymyx
colis,colox
colis,folid
colistat,cordistat
colitab,dolvitab
colox,comox
colvan,covan
combetzar,combizar
combifen,combigan
combifen,combiver
combigan,combikane
combikane,combinase
combikane,combizine
combimox,corbimax
combizar,cordizar
combizine,combizole
comfixime,cordixime
comfixime,omnixime
comox,comoxi
comox,cosmox
comox,gomox
complevac,complevit
complevit,complivit
comxicla,comxicura
conagen,coxafen
conagen,iconagel
conamid,konamed
conchoice,zolchoice
concore,cyscore
concore,pancore
concore,woncare
congestap,congestapp
congrel,control
congrel,lonarel
conjurin,conjuvon
contracid,cotrazid
contrahex,contrave
contrahex,doltrahex
contrahex,kontranex
control,goutrol
control,rentrol
coolex,coplex
copan,cospan
copan,covan
coplex,diplex
coranox,cowamox
coranox,loranix
corbamax,corbimax
corbix,cortix
corbizee,corvizem
corbizee,scorbzee
cordizar,cortizan
corlactone,golactone
corplet,norplat
corticare,coxicare
cortigen,cortillen
cortigen,cortizan
cortin,cortix
cortin,cortum
cortin,coxtin
cortipro,formipro
cortizan,cortizol
cortum,fortum
corvastin,sorvaztin
cosalon,cytalon
cosimetz,doximetz
cotrigen,cotripel
cotrimaxol,trimaxol
coufarin,coumadin
couxin,coxin
covelay,movelax
coveram,leveram
coxafen,noxifen
coxbutol,nobutol
coxcel,coxwel
coxibral,coxoral
coxibwell,coxxwell
coxicare,folicare
coxicare,moxicure
coxid,coxin
coxidia,moxidin
coxilife,doxolife
coxime,coximed
coxin,coxtin
coxin,coxyn
coxin,voxib
coxoral,zoloral
cozaar,lozaar
cozin,ozin
cozole,gozole
crestin,crestor
crestor,fredtor
crinone,tritone
cristane,cristin
crystacin,prostacin
cunox,finox
curafen,eurofen
curafol,durazol
curanerve,cyanerve
curanerve,paranerve
curelax,curemax
curelax,eprelax
cycamil,cycomin
cyclic,cyclox
cyclic,cylic
cyclomin,cycloxid
cyclomin,cycomin
cycloxid,syclopid
cycomin,vycocin
cyfrox,xyfrox
cyline,xylone
cymicin,cymycin
cynosal,zyvosal
cyntrex,rynorex
cyphocare,hyprocare
cytalon,cytaneon
cytalon,cytrakon
cytoace,ketoace
cyzole,fgzole
cyzole,myzole
dafadin,dapazin
dafadin,zefadin
dafcare,zefcare
daflozin,dafozein
daflozin,danlopin
daflozin,dyfloxin
daiglim,diaglim
dailyvasc,dilavasc
daivobet,daivonex
dalactin,dilantin
dalactin,fazactin
dalamax,dalamed
dalamax,paramax
dalamed,duvamed
dalamed,telamed
dalamycin,rabamycin
dalasave,parasave
damadol,femadol
damadol,mamazol
damusin,damuxin
damusin,tamulsin
danafer,danaset
danafer,magnafer
danafer,parafer
danafer,ranofer
danafer,tanafen
danafer,zinafer
danaplex,jagaplex
danaplex,zinaplex
danaset,danavit
danasone,dexasone
danavit,dapavid
dancee,daycee
danitin,dapotin
danitin,fenitin
danitin,ranitein
danitin,zanitine
dapafast,gabafast
dapavid,dapazin
dapavid,hepavid
dapazin,dapotin
dapazin,gapaxin
dapotin,haxotin
dasocort,drocort
dasocort,vasocor
daxotel,maxitel
dazomet,nanomet
dazomet,razomed
decamin,deculin
deciget,pemiget
decima,decita
decita,gecita
decodrin,decolsin
decolgen,decolsin
decolgen,dexollen
decolsin,deculin
dectri,dextro
delexofol,lexofol
demedin,dimerin
demetor,fenetor
demiclav,domiclav
denecort,dexacort
denecort,enocort
deoxysaph,doxysaph
depakene,depakote
dermabetasol,dermobetasol
dermacare,hemacare
dermaidcal,dermaidsal
dermazole,farmazole
dermazole,neomazole
dermovale,dermovate
desaren,desowen
deslodine,destadine
deslogen,diclogen
desotap,dexotab
desowen,dexofen
destone,mustone
destone,newtone
devetam,medetam
dexacort,dexticort
dexacort,metacort
dexahab,dexotab
dexameds,dexamet
dexamet,dexavit
dexamet,dopamet
dexaram,drexaral
dexasan,dexasone
dexasone,retasone
dexatobrin,dexatrin
dexatrin,dexatrol
dexatrin,dextein
dexatrin,doxatin
dexatrol,laxatrol
dexavit,hexavir
dexazel,gemazel
dexmed,dexmer
dexofen,dexollen
dexofen,dicofen
dexolife,doxolife
dexollen,doxollin
dexotab,lexotan
dexotab,melotab
dexproken,dextrogen
dextamin,dextein
dexton,reston
dextricyl,dextrocol
dextrogen,dextrophen
dextrogen,letrogen
dextromik,dextrovit
diacef,diacof
diacef,dincef
diacef,viacef
diaciel,diacil
diaclaz,diapraz
diacof,diacom
diacof,rizcof
diacoline,miracoline
diacure,diucare
diacure,fixcure
diacure,hikacure
diaflu,diflu
diaglim,limglim
diagliptin,dialiptin
diagliptin,tragliptin
diakon,dialin
dialin,dialix
dialix,dialox
dialix,diapid
dialomide,diamide
dialox,diclox
diameride,diamide
diamide,diatime
diamide,dilamine
diamide,dimide
diamide,diozide
diamide,docmide
diapid,diaxid
diaprax,diapraz
diasolv,diazole
diasolv,disolv
diastatin,dystatin
diastatin,jivastatin
diastop,spastop
diatafen,histafen
diatech,imatech
diatricef,natricef
diawell,dutawell
diawell,orawell
diazole,diazolid
diazolid,lizolid
diclofam,diclofed
diclofam,diclonac
diclogen,dicyclogen
diclomet,vilomet
diclomin,diclosil
diclomin,dilomin
diclon,diclox
diclophil,diclosil
diclophil,micophil
diclosafe,diclosaph
diclosea,diclosil
diclosil,diclotol
diclosil,diflosid
diclosil,myclosil
dicofen,finofen
dicymed,docemed
differin,dimerin
diflosid,difluvid
digamex,dilahex
digamex,sugamex
digamex,vigamox
digestron,gestron
dihesin,dimerin
dilabloc,nicabloc
dilamine,dilomin
dilantin,vilaptin
dilomin,dolowin
dimecef,numecef
dimerin,dimezine
dimezine,nimedine
dinclav,mixclav
dinosed,dinoxef
dinosed,diosmed
diodox,fildox
diohes,diphex
diosmed,diosper
diosper,diuspec
diovac,diovan
dioxel,doxel
dipamol,dubamol
diphex,diplex
dipinew,dopinem
diprolene,diprosone
dipronex,milronex
dirocet,dironest
disolf,disolv
disudrin,isucrin
disudrin,sinudrin
diucard,diucare
diucard,dobucard
diucard,duocard
dixin,edixin
dobucard,sobicard
dobufree,doxofree
dobugen,dopagen
dobukon,doxokon
dobulex,docelex
dobumax,dopamax
dobunex,doxinex
doburx,dobuts
dobusan,febusan
dobusenz,dopasenz
dobutam,dobutrim
dobutam,rocutam
dobutax,docetax
dobuvent,doxivent
dobuvent,soluvent
docaten,doceted
docaten,docvate
docaten,dolsten
docaten,dopagen
docaten,doxatin
docbeta,docetax
docbeta,golbeta
doccinc,golcinc
docebil,edocexil
docetax,docetaze
docetax,dolcetal
docifer,encifer
docifer,folifer
docinol,tocinox
docket,docmet
docmide,golmide
docnerve,gonerve
docvasc,docvate
docvate,golvate
doczidine,golzidine
dolcap,golcap
dolcetal,dolfenal
dolcetal,xolcetam
dolex,folex
dolotral,doltram
dolotral,zoloral
dolovit,dolowin
dolovit,doluvir
dolowin,dolpain
dolowin,zolodin
dolsaph,doxysaph
dolsaph,duasaph
doltrahex,doltraven
doltram,duotram
domidon,doxicon
dompan,dopan
domped,domper
domperaz,kompraz
dompesaph,dompesave
dompesave,omesave
domphil,domprix
domplux,domprix
donprazole,goprazole
dontazo,pantazo
dopabas,dopamax
dopacore,dopaqure
dopagen,duvagen
dopalink,doparine
dopalink,doxalin
dopamax,dopamet
dopamet,novamet
dopan,doxan
dopaqure,dopasur
doparine,doprina
dopine,dopinem
dopinem,dopirel
dopinem,doxinex
dopirel,doptrex
doptrex,dotrex
doptrex,hoftrex
dormazine,dormizin
dormazine,lorvazine
dormazine,somazine
dormizin,dormizol
dormizin,lormigin
dosetil,goxetil
dosin,duosin
dotilium,motilium
doxair,doxar
doxair,goxair
doxalin,doxtralin
doxalin,gobalin
doxan,doxar
doxan,doxin
doxan,oxan
doxatin,eloxatin
doxel,doxil
doxiclin,doxicon
doxicon,doxitom
doxicon,doxokon
doxid,doxof
doxie,doxtie
doxil,voxil
doximed,doximetz
doximed,doxinex
doxin,roxon
doxitom,moxitam
doxivent,maxivent
doxivent,rogivent
doxocare,duocare
doxofix,doxofyr
doxokem,doxokon
doxokem,doxykam
doxoprim,doxopro
dracenax,racelax
dramelin,tramalin
drazone,grazine
drazone,triazone
drenex,drinex
drexabion,retabion
drexamol,drexaral
drexclo,trexglo
drixine,obixine
drixine,uroxine
drocort,tricort
drofepen,romepen
droxiderm,droxiem
droxiem,profiem
droxiem,roxiem
duactam,durotam
duasaph,oxasaph
duavent,fulvent
dubamol,durazol
dumparin,nuparin
dumparin,tamparin
duocare,ifocare
duoclav,duotrav
duoclav,duoxiclav
duoclav,euroclav
duodair,duodart
duodart,duokast
duokaz,duomax
duolin,duosin
duomax,sulmax
duosan,duosar
duosan,duosin
duotram,duotrav
duotram,durotam
durazol,urazole
durotam,furosam
dutaprost,lutaprost
dutarid,dutride
duvagen,duvamed
duvamed,guiamed
duvaprine,evaprine
dydrotone,hydrosone
dylan,dylax
dylan,mylan
dylax,xylax
dynacin,dynacof
dynacin,kanacin
dynacin,synazin
dynacof,myracof
ebaz,enaz
ebicox,emicox
ecobrox,lycobrox
ecolide,ecozime
ecolide,prolide
ecoxib,icoxib
ecozime,eroxime
ectomin,estamin
ectomin,extocin
ectomin,ketomin
edexin,edixin
edroxid,ledrocid
efcortin,erycortin
efcortin,medcortin
efergen,ferogen
efervit,ferovit
efervit,rafervit
efolate,folate
efolate,hemolate
efotin,epotin
efrizine,eurozine
efrox,etrox
elbacef,elbacet
elbacef,sulbacef
elbacet,eldicet
elbazid,elbazol
elbazol,elbazole
elceclor,eliclor
elcilin,excillin
elcilin,mucilin
electab,electral
electab,selectan
elevate,epolevate
eliacare,epicare
elica,olica
elicef,elifer
eliclor,elicort
eliclor,eliflox
elifer,epifed
elifer,relifer
eliflox,evoflox
eloprix,emlopril
eloxatin,plaxatin
elpidex,epidrex
elpitaz,japitaz
elvofix,evofix
emakast,seakast
emep,zemep
emeraz,empraz
emesidon,residon
emestal,emestane
emistop,vomistop
emitron,femmitron
emitron,revitron
emitrozole,metrozole
emitrozole,scitrozole
emixon,emoxin
emizole,esozole
emizole,gemzole
emizole,mizzole
emoclot,exaclot
emoclot,zeroclot
emoxin,hemoxin
empraz,ompraz
encrylin,endrolin
endrolin,nurolin
enduprin,endurpin
enercaps,enersaph
enervein,enervon
enervon,eperton
enervon,nervron
enhamox,ephalox
enhamox,euramox
enom,genom
enoxane,eroxene
enoxden,epoeden
entegard,entigard
eocet,eozet
eocet,eucet
eocet,rocef
eodex,eprex
eodilol,modilon
eoferon,moferen
eorubicin,rubicin
epcetam,epsytam
eperilife,erilife
epertocyn,eperton
ephree,phree
epiao,tpiao
epibloc,esobloc
epibloc,nevibloc
epicare,episave
epicare,vesicare
epimazol,esmazol
epirimed,piromed
epiven,epizen
epiven,epogen
epogen,espogen
eposid,eposis
eprex,oprex
eprohab,prohab
eprotex,eprozem
epsium,essium
equirab,equirox
erapin,erazin
erbinol,terbinox
ercef,ezcef
erdon,ergon
erecta,erecto
erexil,trexil
erge,ergo
ergo,ergon
ergo,mergo
ergojen,ergomet
ergomet,euromet
erlonib,erlonov
erlonib,erlotinib
ermoloc,esmobloc
eroxene,tromxene
ertax,retax
ertraxone,gentraxone
erysone,erytose
erysone,presone
escinal,respinal
escitadin,sitadin
esmegerd,omegerd
esmeron,neumeron
esoflux,evoflox
esomebloc,omebloc
esomep,esomex
esomex,esomexl
esonium,esoziem
espazol,esprazole
espogen,neupogen
esprocid,serocid
essencap,essencee
essof,essox
estolax,extopax
etamine,evazine
etamine,retamide
etamine,vexamine
etiriz,etirox
etirox,utirox
etoricon,etorigen
etoricon,toridon
etorifar,etorival
etorigen,etorikem
etorigen,vorigen
eucardipine,gocardipine
eucet,rucef
euchlor,penchlor
euformin,goformin
eufropin,exbropin
euramox,guiamox
euramox,supramox
eurivit,neurovit
eurocaine,eurozine
eurocor,metrocor
eurofen,eytofen
eurofen,iprofen
eurofen,neurofed
euroferron,iroferron
eurogyl,metrogyl
eurolac,fukolac
eurolev,euroserv
euromycin,romycin
euroserv,neuronerv
eurotrix,neurothix
evacaine,genvacaine
evacoxib,execoxib
evacoxib,nacoxib
evacoxib,retacoxib
evaprost,laprost
evaprost,novaprost
evatocin,extocin
evatocin,novatocin
evatran,hematran
evazine,levizine
evazine,novazine
evecitam,levecetam
evimox,scimox
evofix,evorox
evoflo,evoflox
evoflox,voflox
excelfin,excillin
excelox,excelta
excia,excita
excillin,gocillin
execard,execlar
execard,execore
exel,expel
exelfos,xelafos
exovell,nexavell
expel,expell
expel,xpel
eytofen,netofen
ezaller,loaller
ezcef,racef
ezetrol,jenetrol
ezetrol,ometrol
ezmol,ramol
falex,folex
famcin,vancin
faracit,faracox
faracit,farazid
faracit,parabit
faracox,farmclox
faracox,flamacox
faracox,paracon
farazid,oprazid
farexil,furexim
farmclar,farmclox
farzolid,fazolin
fasgesic,fastgenic
fastamol,vastamel
fazactin,tazacin
fazlin,fazolin
fazolin,fazonil
fazonil,tazonix
fazosaph,fefosaph
febrex,feburex
febrinil,furinil
febrolex,ibrolex
febuhil,febuphil
febuhil,feburic
febumax,feburex
febuphil,fexophil
febupro,febuxipro
feburex,feburic
feburic,fexuric
feburic,neburich
febustin,fenbussin
febuxostat,febuxtat
fedemol,lidemol
fedemol,medamol
fedgrel,medogrel
fedipin,fedpain
fedipin,fenitin
fedipin,kodipin
fedipin,neldipin
fedlexin,medilexin
fedroxol,ferosol
fedroxol,lebroxol
felizen,fenolizen
felostar,fenostat
feloxa,reloxa
feme,femme
femidine,fleridine
femzol,temsol
fenadef,fenahex
fenadef,kenaxef
fenal,fetnal
fenal,xenal
fenaway,hemaway
fenaxin,fenitin
fenaxin,feravin
fenaxin,gentaxin
fenaxin,trenaxin
fencare,flucare
fencid,fenxid
fencid,mencid
fendryl,ventryl
fenitin,fentin
fenitin,foxitin
fenlex,fenolex
fenlex,temlex
fennotol,fenosol
fenobac,fenobet
fenobac,fenogal
fenobet,renoket
fenoblast,fenofast
fenodix,ferondix
fenodix,ketodix
fenofadz,fenofast
fenoflex,sevoflex
fenogal,jenogab
fenogal,renoxal
fenogen,fenosyn
fenok,genom
fenok,tenol
fenolit,ferovit
fenolit,ketolit
fenolit,tenoliv
fenomel,zenomep
fenorix,senorin
fenosol,fenosyn
fenosol,venosolv
fenrus,ferus
fentalex,fentare
fentare,zentara
fentin,fentyn
fentin,jentin
feofer,geofer
fepim,zepim
feravin,terasin
ferazol,ferosol
ferazol,meprazol
ferbizin,terbifin
ferciplex,fortiplex
ferexime,flexime
ferexime,levexime
feri,heri
ferium,ferlum
ferlic,ferlin
ferlin,ferlum
fermacold,herbacold
fermatuss,serlatuss
fermoxil,feroxim
fermoxil,semoxil
ferobles,ferolem
ferobles,hemobles
ferolem,feroxim
ferolem,neurolem
feron,ferron
feronerv,neuronerv
feronerv,pronerv
ferose,ferosea
ferosol,zerodol
ferovit,feroxim
ferovit,furovint
ferowell,furowell
ferrate,ferrofate
ferrate,florate
ferricore,nervicore
ferrocap,ferronav
ferrocap,ferrucan
ferrofer,ferrogen
ferrolic,ferrovit
ferrovit,merrovid
fertimax,fortima
fertimax,furimax
ferus,feruz
feruvin,fetusin
fetusin,medusin
fetusin,ritusin
fevergan,fevergo
fevergo,severqo
fevgon,fevlon
feximwin,leximin
fexitas,flexipas
fexitas,fusitas
fexophil,rixophil
fexoxan,lexotan
fibranex,ibrunex
fibranex,micranex
filgra,filgria
finapros,finpros
finar,fixnar
finarid,finasia
finarid,minacid
finasia,xinisia
finazyl,firazyr
fincoline,vincolin
finiod,finmod
finmod,vinmox
firialta,prialta
fisartan,flosartan
fitex,virex
fixal,fozal
fixicon,fixigen
fixigen,fixupen
fixigen,foligen
fixigen,maxigen
fixotin,foxitin
fixotin,haxotin
fixx,fixxx
flacidon,flagidin
flagimax,logimax
flagyzole,flazole
flamacid,flamacox
flamacid,flemacin
flamacid,tramacid
flamicid,glomicid
flamitin,flumistin
flamizin,fluomizin
flamocare,kamocare
flamorel,flazomel
flanax,planax
flarex,florex
flarex,klarex
flavix,flavos
flavix,plavix
flaximed,floxamed
flazidem,glazide
flazidem,tazidem
flazole,flazomel
flechem,zolechem
flemacin,flemaliz
flemacin,plemasin
flemaliz,plemalis
flemex,flemux
flemex,formex
flemisten,flumistin
fleridine,floradine
flexfol,flexgel
flexfol,fleximol
flexfol,lexofol
flexicaz,flexicof
flexicaz,flexipas
flexicof,fleximol
flexime,fleximol
fleximol,flextamol
fleximol,reximol
flextamol,rextamol
flocip,floxil
floradine,florane
florane,florate
florate,floratil
floratil,floxacil
florqin,floxwin
flosartan,losartap
flosartan,neosartan
flosazin,floxazin
flosicron,folicron
flovomed,floxamed
flovomed,levomed
flow,flox
flox,iflox
floxagen,floxazin
floxamed,loramed
floxanav,floxanix
floxanix,floxavex
floxanix,loranix
floxavex,foxadex
floxazin,floxwin
floxel,floxil
floxiprime,meloxiprime
floxlevo,floxulev
floxulev,foxilev
fluaid,flukid
flubrex,lubrex
flucare,flunase
flucare,folicare
flucare,glucart
flucare,pluscare
flucilo,fluclox
flucilo,flutilon
fluclox,fulclox
fluclox,luclox
flucofarm,flucopharm
flucofarm,glucoform
fluconasaph,fluorasaph
flucopharm,mucopharm
fluczan,flustan
fludozine,fluocine
fluicin,fluocine
flumed,flumex
flumol,fluzol
flunase,flunasin
fluorasaph,lorasaph
fluorouxil,fluoroxil
flusaph,folisaph
flustan,forstan
fluxzol,fluzol
fluzel,fluzol
foceron,freeron
focid,fucid
focid,nocid
fola,zola
folacid,folcid
folacid,folicaid
folacid,loracid
folanes,folazen
foleq,foliq
folicap,folisaph
folicard,forcard
folicel,folivell
folicel,zolicef
folicon,folicron
folicon,folimom
folicon,valicon
folicure,moxicure
folid,gopid
folid,zolid
folife,folifer
folifer,fortifer
folifer,relifer
foliget,folitect
foliget,folivit
folikant,folitan
folimax,furimax
folimed,folineed
folimed,fulzimed
folinav,fosinar
folinova,roxinova
foliphil,fusiphil
folippex,folitrex
folisaph,moxisaph
folitan,forstan
folitrene,folitrex
folitrene,xoltrene
folivell,moxivell
folivin,folvin
folivit,foralivit
fonkodec,fonkopac
fonkonat,fonkopac
fopen,ropen
forcad,forcard
forcef,furcef
foremia,noremin
forfloz,moxfloz
formet,formex
forosa,toroda
forstan,ponstan
fortaxime,oraxime
forticrep,fortipred
fortima,forxiga
fortiplex,fortipred
forzid,forzin
forzid,korzid
fosap,fozal
fosfa,fosfo
fosfalex,fosfamer
fosfamer,fosfomed
fosinar,foskina
fosinar,fosular
fotaran,fotaxin
foxadex,moxidex
foxadex,zoladex
foxilev,moxilee
foxilev,proxilev
fredtor,predotor
freeron,pregeron
fretriaxone,protriaxone
frexim,furexim
frexim,trexin
frezitron,revitron
frixo,rixo
fromefen,romepen
froniplex,oniplex
fronzinc,renzinc
froxeta,trometa
frusemide,rosemide
fucibet,fuliget
fucicort,succicort
fucid,fucil
fucid,fusid
fucidin,fuvixin
fucidin,mucilin
fucidin,sulidin
fucon,fuson
fudion,fusion
fulcef,furcef
fulvast,fulvent
fulvast,fusovast
fulvenat,fulvent
fumicef,numecef
fungazone,furazone
fungicon,funxion
fungigen,fungisel
fungyst,fungysta
fura,furo
fura,vira
furazone,fyrazine
furenex,fusedex
furexim,zufrexim
furic,furix
furic,quric
furinil,furonix
furoden,ursoden
furogem,furosam
furogem,zuregem
furomed,furorad
furomed,furoximed
furomed,mucomed
furomidex,furoxide
furonova,furoxinova
furonova,ironova
furosan,ursosan
furoxinova,roxinova
fusiderm,mupiderm
fusifred,fusirid
fusinox,fusitop
fusinox,fuzinov
fusion,fuson
fusitas,fusitop
fusitas,musital
fustadin,quetadin
gabapex,gobapen
gabapex,radapex
gabarex,gabarx
gabasyn,gabatin
gabatin,gobalin
gabi,gabix
gablin,gavlin
gadimide,glimide
garacare,ipracare
garacare,paracure
garavee,paraver
garda,gardan
garda,varsa
gasaide,gastride
gascopan,gascosin
gasdone,gastome
gaspizole,rapizole
gastome,gastromec
gastorid,gosterid
gastride,gastrigel
gastrim,jestrim
gastrim,lavtrim
gastroban,gastromax
gastrocin,gastrosil
gastromec,gatsromec
gastrosaph,glytrosaph
gavamin,golamin
gavamin,livamin
gavixime,gavixone
gavixime,gofixime
gavixone,gidixone
gazgo,gazo
gazo,tazi
gecita,gemita
geedexin,gemhexin
gefitero,gemtero
gefonib,sefoxib
gefox,vecox
geltazine,mertazine
geltazine,xeltabine
gemazel,kemazol
gemcidex,gemcilex
gemhope,gemzole
gemhope,pemehope
gemicef,genecef
gemison,hemiron
gemison,regison
gemlife,gemsafe
gemzole,gomezole
genbitac,gencitav
genbloc,neobloc
gencitav,genclav
genclav,gloclav
genecar,genecef
genecef,zegecef
genheal,genteal
gensartan,punsartan
genstigmine,gostigmine
gentacid,retacid
gentam,ventam
gentambcin,gentamin
gentamin,gentamite
gentavin,ventavis
gentaxin,pentaxim
genteal,penthal
gentocin,zentrocin
gentracet,gentranex
gentranex,gentrobex
gentranex,kontranex
gentriaxone,gotriaxone
gentrine,gentrix
gentrine,zetrine
gentrix,geotrixx
genvit,tenvir
genzar,getzar
genzar,kenzar
genzith,janzith
geokast,geonyst
geomin,xeomin
geopride,goperide
geoxime,geoxone
geoxone,neoxane
gerdsol,gerdstop
gicefix,gicetir
gicefix,gracefix
giclav,giclaz
giclav,goclav
gicox,ginox
gicox,vicod
gidixone,gifixon
gidixone,gioxone
gidixone,nirixone
gifixon,sitixon
gigagas,micagas
giocillin,gocillin
giomox,gomox
giomox,guimox
girsofalk,ursofalk
gixime,gixone
glatimol,lutimol
gleeflor,gleefor
gleeflor,leeflox
gleezincd,gleezine
glencet,phencet
glevate,golvate
glibemide,glimide
glicamed,glicarex
glicamed,glinamet
glicamed,glucomed
glicamed,guiamed
glicarex,glimarex
gliclaprem,gliclapro
gliformin,goformin
glimarex,glimaryl
glimec,glimep
glimec,glivec
glimegen,glimesyn
glimegen,slimgen
glimegen,trimegen
glimide,golmide
glipdin,gliptadin
glipdin,iliadin
glipride,mipride
glitab,glitaz
glitab,goutab
glix,glixa
glix,klix
globapen,gobapen
gloclav,goclav
glomicid,glomicol
glomicid,loricid
glucart,glyhart
glucomed,glucomin
glucomed,glycomet
glucomed,mucomed
gluconil,muconil
glucopride,glucozide
glucosil,mucosil
glusimet,lupimet
glycemet,glycemin
glycemet,glycomet
glycomet,glyformet
glytrosaph,letrosaph
gmycin,mycin
gobalin,gobapen
gobalin,golamin
gobalin,gozolin
gobapen,romapen
gobapen,tobaren
gobroxol,goprofol
gobroxol,zobrixol
gocardipine,procardipine
goceft,gocet
gocetam,rocutam
gocetam,xolcetam
gocetax,goclitax
goclav,roclav
goclitax,maclitax
godazole,gomezole
godazole,gonidazole
godex,gosec
godiazine,gorizine
godine,lodine
gofepine,gozedine
gofibra,lofibra
gofixime,goroxime
gofurox,gozirox
gofuroxime,goroxime
gogout,logout
golactone,lactone
golafil,golamin
golafil,losafil
golamin,gopamine
golmide,golxine
golol,gomol
golvasc,golvate
golxine,soloxine
gomeprazole,goprazole
gomezole,omenole
gomezole,ramezole
gomol,gomox
gomox,gorox
gomucil,hemucil
gonazol,gotamol
gopamine,gopramide
goperamide,goperide
goperamide,gopramide
gopicin,gorocin
gopicin,goxitin
gopid,gropid
gopra,goprax
gopracid,gopramide
gopracid,oprazid
gopracid,zopracil
goprax,gotrax
goprazole,oprizole
goprofol,qprofol
gorizine,gortizone
gorocin,gozolin
gotamed,gotamol
gotamed,guiamed
gotaxone,novaxone
gotaxone,retaxone
gotirizine,metirizine
gotridine,gotrione
gotridine,motrigine
gotrione,guthione
goutnil,goutrol
goutrol,goxetrol
govent,hivent
govent,rovent
govir,lovir
govir,tovit
goxetil,goxetrol
goxetil,goxitin
goxetil,loxenil
goxetrol,ometrol
gozibact,gozinat
gozibact,povibact
gozidime,luozidime
gozidime,tazidime
gozimax,gozinat
gozimax,gozirox
gozinat,nozinan
gozirox,novirox
gozithran,gozithro
gozithran,zithran
gozolin,oxozolin
granon,tramon
gravitam,ravitam
grazine,razine
greatafil,retafil
grexone,presone
grexone,rexone
gribero,iritero
grovipen,groviton
groviton,groxitin
guardian,kardian
guiafem,guiamed
guiamed,triamed
guiamox,guimox
guthione,luthione
hacef,halcef
hacef,racef
haemorex,hemotrex
haiclav,healclav
haimax,hapimax
haizole,haizure
halonol,xalanol
hameron,hemiron
hamox,harox
hamox,himox
hamox,vamox
hapimax,rapidax
hapivir,hepavir
harline,pharmine
havidone,iovidone
haxim,haxon
hbsone,htsone
healthcare,healthgard
helizol,hovizol
hemacare,hemarate
hemacare,hemocare
hemacare,zemacarm
hemadone,zetadone
hemafer,hemanex
hemafer,hemofar
hemaflow,hemoglow
hemaflow,retaflow
hemanex,hemapix
hemapix,verapix
hemaplus,theraplus
hemarate,hemarife
hemarate,hemolate
hemasol,hemosolv
hemaway,memaray
hemiron,hemitan
hemiron,herixon
hemitan,hevitab
hemobas,hemobles
hemobas,hemofar
hemocare,hemofar
hemofar,hemoflaz
hemogen,temoget
hemoglow,humoglob
hemonid,rimonid
hemosdin,hemostan
hemostan,merostan
hemostan,remoston
hemotrex,pemtrex
hemovin,metovin
hemoxane,hemoxin
hemoxin,opmoxin
hensetron,onsetron
hentaxel,intaxel
hentrozole,metrozole
hentrozole,pantrozole
hepabil,reparil
hepadur,hepavir
hepamed,hepavid
hepamed,herbamed
hepamed,hypomed
hepavir,lepravir
heragest,nervagest
herbakid,herbakof
herbakid,herbamed
herblock,hiblock
hersolin,ursolin
hertumab,herzuma
hevitab,levitar
hevitab,pecitab
hexamet,humamet
hexavir,hexaxim
hexavir,nexavar
hexaxim,zefaxim
hexin,mexin
hextan,hextar
hibor,mibor
higesic,higestic
himox,imox
hirafen,histafen
hirafen,hydrafen
hirafen,miraden
hirafen,zimafen
histacet,histacort
histagic,histaril
histalev,histanov
histamox,vistamox
histarex,histaril
histarex,nystarex
histazine,histazyn
histazine,vastazine
hivar,hizar
hiza,hizar
hiza,liza
hovicor,hovizol
hovicor,morvicor
hovizol,novazol
hovizol,zovixol
hyacare,hyavane
hyasod,hylasod
hybrin,hytrin
hycornate,hyzonate
hycort,hyocort
hycortil,lycortis
hydenex,sydenhex
hydomet,hypomed
hydomet,thylomet
hydralex,hydramax
hydralex,hydriclex
hydrax,hydrex
hydril,hypril
hydrocent,hydrovint
hydrochem,hydrophen
hydrodav,hydroxal
hydroper,hydrospor
hydrovil,hydrovint
hyklor,zyklor
hyocin,hyovin
hyocort,zymocort
hyogen,hyopen
hyogen,hyphen
hyomed,hypomed
hyopan,hyopen
hyopen,hypen
hyoschem,hyosphen
hyoscipan,hyospan
hyospan,hyosphen
hyospan,hyostar
hyostar,urostar
hypen,hyphen
hypen,xypen
hyperest,hypervit
hypermox,hyperzol
hypharin,sapharin
hypomed,pyromed
hypro,zypro
hytrin,hytrix
iadin,isdin
ibles,inlex
ibracor,tobracor
ibrolex,ibrunex
ibuprofen,iprofen
icaf,ican
ican,icon
ican,ivab
ican,oxan
icon,icox
icon,ocin
icox,ifos
icoxib,ricoxib
idelara,stelara
ifocare,infacare
ifocare,ironcare
ifocare,timocare
ikshadex,ikshamox
ikshamox,ikshatob
iliadin,olzadin
imatech,ometech
imatig,imatim
imatinate,imaviate
imatrop,ivatrol
imaviate,imavitae
imixime,ivipime
imixime,sitixime
imlastin,simvastin
immucap,immucee
immucee,immunec
immuforte,immunforte
immumax,immunix
immunavit,immunovit
immunec,immunix
immunocep,immunorel
immunosin,immunostan
immunosin,immunovit
immuntab,immutab
imotab,isotab
impodex,ipodex
imsolone,kidsolone
imtec,simtec
imuncare,ironcare
incalin,ipralin
incobal,zecobal
incobal,zincoral
indacin,indirin
indacin,kodacin
indanox,ondenox
indelol,inderal
indelol,lindell
inderal,indirab
indimax,indirab
indirab,indirin
indirin,minirin
infacare,ipracare
infacare,zinacare
infamix,infavit
infavit,zincavit
infeclav,inoclav
infeclav,rifeclav
infexin,vinlexin
ingafol,megafol
ingesta,linesta
inofar,inozar
inoflox,winaflox
inovit,irovit
intaxel,unitaxel
intramol,ultramol
iopamedix,olamedix
ioprost,laprost
ioprost,myoprost
ipodex,irodex
ipracare,piptacare
ipraden,ipralin
ipraden,ipravent
ipraden,miraden
iprafer,parafer
ipralin,iprocin
ipralin,piprazin
ipramed,ipramide
ipravent,loravent
iprin,ziprin
iprocin,iprofen
iprocin,procin
iprofen,koprofen
iprofen,profen
iracet,qracet
irbecard,irbefar
irbedenz,irbegen
irbefar,irbetan
irbegen,irbemed
irbegen,rabegen
irbekon,irbenox
irbemed,orfemed
irbemed,rabemed
irbovel,irnocel
irebene,pirubene
irebene,urabene
iriesh,irish
irigen,urogen
irimed,orimed
irinogen,trizogen
iritanz,piritan
irodex,ironex
iroferron,miraferron
irofree,virofred
iron,tron
ironcare,ironsave
ironova,tranova
ironse,irose
irovit,mirovit
isdin,risdin
isolyte,isonate
isolyte,osmolyte
isonate,isorane
isonid,isonix
isoprine,isorane
isoprine,suprine
isoptin,isorgin
isorane,sorane
isordil,isorgin
isore,isorey
isupres,ocupres
itcheez,itcheket
itiflox,sitiflox
itiflox,tiflox
itrazole,strazol
ivab,sivab
ivabrox,ivatrol
ivacore,valcore
ivacore,vitacore
ivaheart,valheart
ivtrene,zintrene
izon,ozin
jagaplex,lagaflex
janumet,javamet
janumet,nanomet
januvia,januvis
javamet,javanex
javamet,novamet
jaxime,maxine
jazcef,jazcof
jazcef,maxcef
jazflox,jazimox
jazimox,valzimox
jenetrol,rentrol
jensar,kenzar
jestrim,zestril
jivastatin,novastatin
jivastatin,simvastatin
julitam,yupitam
kabidex,krabinex
kabidex,maxidex
kadagra,kohagra
kairoxon,kairozol
kaitrate,kaltate
kaligen,kalimex
kaligen,kaltigen
kaligen,maxigen
kalimex,zalimed
kalista,valipta
kaltigen,multigen
kaltrol,saltrol
kalxium,kalxiumzg
kanacin,kodacin
kanacin,tazacin
kancugen,kancutea
kardia,kardian
kardian,kardizar
kastel,pastel
kathrex,ketorex
kcef,ucef
kelon,velon
kenamic,kexamic
kentphil,ketophil
kenzolin,ventolin
keprofyn,koprofen
kerazine,mertazine
ketacent,ketocent
ketacent,retavent
ketafree,ketofred
ketarol,meterol
ketarol,vefarol
ketco,keto
ketero,letero
ketesse,ketoessen
keto,ketox
keto,kezo
keto,meto
ketobest,levobest
ketobet,ketorobet
ketobet,metsobet
ketocass,venocass
ketocid,retacid
ketocitab,ketomitab
ketocorex,ketocure
ketocorex,ketorex
ketocure,ketourea
ketocure,melocure
ketofred,klofred
ketogen,pytogen
ketoguard,metogard
ketojos,ketorose
ketolac,pentolac
ketolac,retalac
ketolove,ketorose
ketomax,ventomax
ketomed,metsomed
ketomin,ketomirin
ketomin,tezomin
ketomirin,venomirin
ketonav,ketoronav
ketonob,ketosorb
ketonova,metronova
ketophil,ketopsiv
ketophil,ketoxil
ketoplast,mentoplast
ketoprime,ketorine
ketoprime,levoprime
ketoprime,metoprim
ketoran,keviran
ketorels,ketorex
ketorich,ketoright
ketorich,ketotech
ketoright,venoright
ketorine,ketorose
ketorine,letoripe
ketosolv,ketosorb
ketotech,merotech
ketotif,ketotop
ketoxol,levoxol
ketozar,ketozol
ketozar,metofar
ketrian,setrion
keviran,klaviran
kezo,mezo
kezole,kzole
khrizemic,khrizgesic
khrizvela,khrizver
khrizver,khrizvix
kiddicet,kiddilets
kiddicet,kidicef
kidifine,kodipine
kinogen,kinoves
kinogen,lincogen
kinogen,skinoren
kinogen,vigogen
kintax,lintaz
klaricid,loricid
klarifer,klarimed
klarithix,klarithro
klenhex,klindex
klinbac,klinfar
klinfar,klinzur
klinfar,klontar
klinfar,olanfar
klopide,lopiden
kmoxilin,moxidin
kodapine,kodasone
kodapine,losapine
kodilax,kodisar
kodipin,lodipen
kodipin,odipin
kodipine,kodizide
kodipine,prodipine
kompraz,ompraz
kompraz,tolpraz
kontra,montra
koprofen,soprozen
korcef,morcet
korvast,orvast
kostien,kotifen
kotrazid,kotrazith
kracid,tracid
krenazol,phenazol
krijenta,trajenta
kzole,mzole
lacipil,lamisil
lacipil,levipil
lactamox,lactomax
lactomax,lactosan
lactomax,pantomax
lactomax,tacromax
lactosan,lactowyn
lagaflex,lemaflex
lagaflex,paraflex
lagundex,lagungen
lamisil,latosil
lamisil,pamisol
lamisil,tamicil
lamotrigine,motrigine
lamotrix,tamtrix
langex,lungex
lanoxin,lonoxie
lanvell,lindell
lanvell,panvell
laprost,lprost
laprost,xalaprost
largexime,largexone
largexone,lariaxone
laritin,loartin
latadin,lotadim
latanopta,latasopt
laxagen,laxatea
laxanova,oxanova
laxanova,paranova
laxatrol,loxatrel
laxatrol,maxitrol
laxedil,loxenil
lazimed,razomed
lazimed,zalimed
lebroxol,levoxol
lecerin,lecetriz
lecerin,locetin
lecitram,levitra
ledecon,sydecon
ledecon,vedecont
ledrocid,medfocid
leezolid,lizolid
legalon,megalin
legalon,sepalon
lelucazine,lucazine
lemaflex,leviflex
lemecit,levocit
lemoncee,meloncee
lepixa,levixa
leponex,lewinex
lepstop,plemstop
letero,levero
letoripe,levoride
letram,lotram
letrogen,leuragen
letrosaph,levosaph
letrosaph,metrosaph
letrostad,metostad
letvex,metvex
leucowel,leukocel
leukocel,leukorex
leukorex,leuzotex
leuprolin,neurolin
leustar,levitar
levacetam,levecetam
levacetam,novacetam
levaxa,levixa
levecare,lorecare
levefer,leveget
levefer,levenerv
levefer,nexefer
levepipe,levexime
leverap,levesaph
leverap,meferap
levesaph,levosaph
levesaph,mefesaph
levetaz,levitar
levetra,luvestra
levexam,levexime
levitar,levitra
levixa,levixam
levobest,levoquest
levocemax,levomax
levocent,levomont
levofar,levofin
levogen,levollen
levohab,levopha
levolife,levoride
levomed,leximed
levomol,levomont
levomont,levopront
levomont,sevomond
levoplant,levopront
levoplus,levopres
levoplus,levoxus
levopres,levores
levopres,veropres
levoprime,levoride
levoriz,sevorizz
levosaph,lidosaph
levothix,levotin
levothix,neothix
levotin,lexotan
levoxac,xevolac
levoxid,livovid
levozyr,levozys
lewicoxib,medicoxib
lewimycin,medimycin
lewinex,lisinex
lewixin,lewizine
lewixin,leximin
lexdin,lexzin
leximed,leximin
lezol,plezol
licegone,liverone
lidex,nidex
lidopar,lisofar
lidopar,madopar
lifedex,lifemet
lifedex,liferox
lifedex,linevex
lifegesic,ritegesic
lifeozinc,liferzin
liferox,liverax
liferox,yuferox
lifetan,lifezar
lifetan,linetab
lifezar,lifezul
lifezar,nifecar
ligoxin,limoxil
lilasartan,vivasartan
limoxil,lomotil
limoxil,semoxil
linax,pimax
lincogen,lincoxin
linelid,lizolid
linesta,linetab
linetab,zinetab
linevex,zinevex
lintam,lintaz
lipaglyn,lipholyn
lipiblac,lipidbloc
lipidem,lopiden
lipiodol,lipodyl
lipitor,pibitor
lisof,lizod
litaine,litatin
litaine,locaine
litatin,livamin
littmox,sitimox
livamin,rivazin
liverax,piperax
liverone,vivrone
livovid,lizolid
lixiana,moxiana
lizolid,nidolid
loartin,locetin
locaine,lordine
locaine,losapine
locaine,lucazine
locaine,xylocaine
locefa,loxeva
locetar,locetin
locetin,lofenin
lodibes,lodibiz
lodibes,lodivas
lodipen,loditan
lodipen,lopiden
loditan,lodivas
loditan,zoditam
lofenax,lofenin
lofenax,lotemax
lofenin,lotencin
lofenin,loxenil
logufen,rosufen
lonarel,lorarex
lonarel,loxatrel
lopegen,lopiden
lopegen,momegen
loperamed,loramed
lophenil,loxenil
lopinov,zolinov
loprel,lopres
loracid,loricid
lorafix,losafil
lorafix,orafixe
lorago,loragy
lorago,lorato
loramed,loratamed
loramed,oramed
loraped,orapred
lorarex,lorcare
lorasaph,oxasaph
lorasaph,tobrasaph
loratyne,oratane
loravent,norvent
lorban,lortan
lordam,lotram
lordamin,moriamin
lorex,oprex
lorin,lorine
lorin,lotrin
lorizine,lorvazine
lortan,lostan
lorvazine,novazine
losabloc,losarlo
losacar,losacura
losacar,losaram
losacar,losaver
losacura,losarcure
losacura,rosucura
losaget,losarbet
losaget,losaver
losapine,rosamine
losaram,losarlo
losaram,losartap
losark,losart
losart,loxart
lostan,lostar
lostar,rostar
lotemax,montemax
lotemax,protemax
lotencin,potecin
lox,ooc
loxenil,vovenil
lumedor,lumemox
lumigan,lupilan
luomepen,romepen
luoriaxon,luotriaxone
lupilan,lupizin
lupimet,lupivent
lupimet,lyrimet
lupivent,mupicent
lupizin,mupicin
luprodex,luprolex
luprolex,naprolex
luxime,quxime
mabisar,rubisar
mabisartan,medisartan
macrobex,macrogef
macroxime,macxime
macroxime,raroxime
macrozole,marzole
macrozole,mycozole
macxime,maximet
macxime,medxime
madexin,madovin
madovin,maxolin
maedgliptin,medliptin
maedicoxib,medicoxib
malcef,maxcef
malcetam,xolcetam
maridan,maripain
maridan,maxidin
maridan,saridon
maripain,parapain
marolac,maxilac
martham,maxtram
marvit,maxvit
maselax,movelax
maselax,muskelax
maselax,racelax
masolev,merolev
masopine,mazipine
mavedol,racedol
mavedol,zavedos
maxcee,maxcef
maxcef,maxef
maxcid,maxkid
maxclav,maxilac
maxclav,mixclav
maxcolin,maxolin
maxcolin,vascolin
maxcort,maxicor
maxcort,mufcort
maxgrow,maxigrow
maxicor,milicor
maxicor,rabicor
maxidin,maxolin
maxifer,medifer
maxigen,mupigen
maxilac,maxirap
maxilac,musilac
maxine,mazine
maxiphrine,rexiphrine
maxirap,maxtram
maxitel,maxitrol
maxithro,rexithro
maxizinc,oxizinc
maxolin,maxulid
mazine,razine
mbcin,obcin
md,ns
mecid,mefic
mecid,mencid
mecligen,mecline
mecolzine,micozine
meconerv,meconeuro
medaclox,medavox
medaclox,megaflox
medalem,metadem
medavox,medvox
medavox,teravox
medclof,mioclof
medetam,mefetab
medfocid,mefecid
medgesic,milgesic
medgyl,medryl
medibrex,medibron
medibrex,medirea
medibrex,meditrix
medichlor,mediclox
medichlor,pediachlor
medicifime,medifime
medicip,medicol
mediclav,mediclean
mediclav,mediclox
mediclav,mediflam
mediclav,megaclav
mediclav,pediaclav
mediclox,medicol
mediderm,medifer
mediderm,mupiderm
medifer,mediflu
medifer,medirea
mediflam,mediflu
mediflam,meditram
medifortan,medisartan
medilexin,regilexin
medinyst,mekinist
medione,meliane
medirea,medirica
medirea,mediron
medirica,meditrina
mediron,zeldiron
mediroxime,medixime
meditram,meditrix
meditrina,meditrix
medivasc,regivasc
medixime,pediaxime
medixon,medtrixon
medofer,medofol
medofol,medoxal
medox,medvox
medox,meroz
medoxal,renoxal
medplatin,meslatin
medracet,neuracet
medrofix,medroxin
medrofix,meronix
medrol,medryl
medrol,medzol
medrol,metrol
medrone,meronem
medroxin,medroxy
medroxin,meduroxic
medryl,nefryl
medsef,medzef
medtadine,medtaxone
medtaxone,retaxone
medwin,mefein
medxil,medzol
medxime,medzyme
medxime,mexime
medxime,omedime
medzol,mepzol
medzole,medzyme
medzyme,myozyme
meedsone,meedzole
mefecid,mefevin
mefegen,mefemed
mefegen,mefevin
mefein,mefevin
mefemed,orfemed
mefemed,tenemed
mefenak,mefnak
mefesaph,mulfesaph
mefetab,melotab
mefolex,merolev
mefolex,zefalex
meforin,micorin
megaclav,retaclav
megadol,menadon
megaflox,megafol
megaflox,megalax
megalax,megalin
megalax,venalax
megalin,megavit
megalin,metadin
megaplas,megapraz
melifirin,melifrin
melofar,meloflam
meloflam,neoflam
melomet,vilomet
melotab,merotam
melzin,relzin
memandin,metadin
memanta,muzanta
memanta,remasta
menadon,metadin
menoxem,meronem
menoxem,zenoxim
mentopas,mentoplast
mepazole,tapazole
mepel,mepem
mepracid,miracid
mepracid,reprecid
mepracid,terracid
mepranex,micranex
meprazol,methazol
meprazol,tgprazol
mepresone,presone
mercilon,merdifon
mergo,mergot
meroden,miraden
merolev,teralev
meromate,meromax
meromate,metoxate
meromax,meronix
meronem,meronix
meronem,merotam
meronem,metrogem
meronem,myrronem
merop,meroz
meroparm,merophem
meroparm,meropro
meroparm,merotam
meropegen,meropen
meropegen,meropevex
meropen,meropro
meropen,syropen
merophem,merophil
meropro,metopra
meropro,mucopro
meropro,neuropro
merostan,mucostan
merostar,urostar
merotam,mexocam
merotech,mucotech
meroxin,seroxyn
merrox,meurox
meslatin,misatin
metacort,metanorm
metacort,metcore
metacort,ventacort
metadem,metamet
metadin,quetadin
metalife,metalyse
metamet,metamox
metanorm,metform
metanorm,motinorm
metcore,metorex
metcore,metsure
metcore,metzole
metcore,mitocore
metcore,omecore
metcore,vercore
metfn,meton
metform,metformix
methazol,retazol
methdosaph,metrosaph
methimax,methimed
methimed,metsomed
methimed,zetrimed
methocel,metocol
methyden,methyldex
methyden,methylin
metidol,metvidal
metidol,sitidol
metil,metzil
meto,meton
meto,mezo
metocard,metocirc
metocard,metrocare
metocard,pectocard
metoden,metorex
metogard,mevagard
meton,metson
metopra,metoprim
metoprim,metorpim
metorex,metotrek
metorex,metrex
metorex,motirex
metorex,myelorex
metovasc,myovasc
metrex,metvex
metrex,mtrex
metrizine,metromine
metrizine,motrigine
metrocare,metrocor
metrocare,metrosave
metrocare,neurocare
metrocor,retrokor
metrogyl,metrony
metrolev,metrolol
metrolev,metzole
metromic,nitromic
metroneed,metrovee
metrosaph,metrosave
metrovee,setrovel
metroxid,mytoxid
metrozole,metzole
metvex,nervex
metvit,nervit
mexocam,moxicam
mibor,micor
micofred,ticafred
micofred,virofred
miconarex,miconex
miconex,mucinex
miconex,triconex
micophil,micropil
micophil,mucyphil
micorin,micozine
micozine,rinozine
microlit,micropil
microlit,mirovit
midol,muxol
milflox,sioflox
milgesic,nalgesic
minacid,mintoacid
minipil,minirin
minipil,mixigil
minocin,mytocin
minocin,vinobin
miostat,neostat
miracholine,miracoline
miracid,piracil
mirel,mirem
mirocid,mirovit
mirocid,vigocid
mirovit,myrevit
misal,misar
misarpin,misatin
misarpin,nicarpin
mistel,mistol
mobilan,modilon
modexcare,todexcare
mohsidex,moxidex
moldrex,motirex
moleair,montair
molev,zolev
momecort,omecore
momefine,momesone
momefine,omeline
momeflo,momepro
momeflo,moxiflo
momegard,omegerd
momegen,romepen
momepro,montepro
momevex,omevex
monoguard,renoguard
montair,montior
montecet,santecet
montefast,montelast
montekaz,montemax
monterizine,montrizin
montra,montral
montral,montralvo
morexen,myrefen
moriamin,moriavit
mosan,rosan
motiles,motivest
motiles,moxilee
motirex,moxidex
motirex,mupirex
moxed,moxen
moxfloz,moxylor
moxibac,topibac
moxidex,povidex
moxidin,moxiking
moxidin,moxiquin
moxisaph,mupisaph
moxitam,zoditam
mucilin,mupicin
mucin,mupin
mucinex,mupirex
mucobron,mucobroze
mucobron,mucopro
mucobron,muscoron
mucocet,mucocetyl
mucocetyl,mucotyl
mucofar,mucolax
mucofar,mucover
mucoflem,mucolem
mucolem,mucolief
mucolem,mycokem
mucolisin,mucosin
mucolus,mucotuss
mucomed,mucopid
mucopharm,murophar
mucopid,mucopro
mucopid,mucuzid
mucopid,mycocid
mucopro,mupipro
mucopro,nicopro
mucoriz,muporig
mucosin,mucosolin
mucosta,mucovita
mucover,mucovin
mucovita,mupivita
mucucil,mucuzid
mucugen,muculer
mucugen,mupigen
mucugen,rocugen
mufcort,mupicort
mulcorox,muscoron
mulfesaph,multisaph
multidrop,multirap
multigen,multigo
multigen,mupigen
multilife,multizine
multimax,multimin
multimax,multirap
multimax,multivex
multipant,multivent
multirals,multirap
multirap,multisaph
multisaph,mupisaph
multivex,muprivex
multivita,mupivita
multiwell,mupiwell
multizee,mupizee
muoderm,mupiderm
mupiban,mupibro
mupican,mupicare
mupicare,mupigard
mupicare,mupinate
mupicare,mupirocare
mupicent,mupicort
mupicort,mupisoft
mupirex,muprivex
mupirina,mupivita
mupiriv,mupirv
mupiriv,muporig
mupistar,mupisur
muporig,suporin
muprivex,suprinex
musilac,musital
musilac,vesilac
mycept,myrept
mycin,myzin
mycocid,myconil
myfep,myhep
myomil,myotil
myophrine,zyphrine
myovasc,provasc
myracof,myrecef
myrecef,myrecid
myrecef,myrefen
myrecid,myrevit
myrecid,tyricid
myremol,pyredol
mytocin,rytrocin
nacoxib,neocoxib
nahalgesic,nalgesic
nanomet,nanoxel
nanomet,sanomed
nanomet,vancomet
nanoxel,navorel
naplex,naprex
napran,napren
napren,naprex
naprex,naprox
naprocap,napronax
naprokin,naropin
naprokin,nepromin
naprolex,napromed
naprolex,napronax
napromed,neuromed
naprotect,neprotect
naropin,nimopin
naropin,norepin
naropin,nurolin
nasadrin,paradrin
nasalgen,nasalmed
nasalgen,rasagen
nasalif,navaxif
nasalmed,nasamed
nascorb,nyscomb
nasocare,nasomate
nasocare,nystcare
nasocare,ursocare
nasofix,nasoflo
nasofix,nasonex
nasofix,vasorix
nasofree,rashfree
natalbes,natalgen
natragesic,paragesic
natrasol,raptrasol
natriban,natrixam
natricef,nutricee
nauvent,norvent
navelbine,navelin
nebicar,nebilax
nebido,nebigo
nebilax,nebilet
nebilax,nebumax
nebilax,perilax
nebilet,nebulent
nebivol,nepidol
nefral,nefryl
nefral,zefral
neladex,zoladex
nelapine,nexatine
nelapine,zelapine
neldipin,noldicin
neldipin,telmipin
nelstac,neostat
neobloc,nevibloc
neocard,welcard
neocefixim,neocefuxime
neofixime,neoroxime
neoflu,noflu
neomet,newmet
neonate,neoxane
neophen,neopred
neoplatin,neostatin
neostat,neostatin
neothix,neurothix
neoxaban,verxaban
nepalact,nepanac
nephromin,nephrozen
nephromin,nepromin
nephrone,sephrine
nepromin,zipromin
nerfalex,nervaplex
nerfalex,zefalex
nervagest,nervebest
nervamin,servalin
nervamin,vertamin
nervamol,newpamol
nervamol,novamol
nervaplex,novaplex
nervcare,nervcee
nervcare,nervicore
nervcare,neurocare
nervcare,norcare
nervcee,nervite
nervcee,servcef
nerve2,nervex
nervebion,nervebon
nervevital,nervital
nervex,nervx
nervicol,nervicore
nervigo,nervipro
nervimin,nerviton
nervit,zervit
nervron,nervsol
nervron,newpron
netofen,zetifen
neupime,newxime
neuracet,neuromet
neurobase,neurocare
neurobe,neurobiz
neurocare,neuromard
neurocetam,neurotam
neurocil,nurocol
neurofax,neurofed
neurofax,neurotam
neuromard,neuromed
neuromet,neuroseth
neuronergy,neuronerv
neuronov,xefuronov
neuropain,neuroprim
neuroprim,neuropro
neuropro,neuropse
neurorich,neurorite
neurosenz,neuroseth
neurovein,neurovell
neutrasaph,sertrasaph
nevivir,revovir
nevroplex,nutroplex
nexatine,vexamine
nezolife,tazolife
nibexime,nicoxime
nicafar,nicasan
nicafar,udcafar
nicapro,nicardo
nicapro,nicopro
nicapro,udcapro
nicardime,nicardimeds
nicardo,unicard
nicarpine,nicarpure
nicarsaph,nicarsave
nicmeed,normeed
nicocef,nicocin
nicocin,nimopin
nicocin,vycocin
nircaru,norcare
nirixone,viriaxone
nitraphil,sitaphil
nitro,nitron
nitro,xitro
nizolex,onizole
njectxime,njectxone
njectxone,njectzole
nocid,nocof
noclot,noklot
noclot,nuclot
norecent,norvent
noredec,normetec
noren,norten
norephilz,norephin
norephin,noriphen
norephin,rocephin
norepiden,norepin
norepiden,noriden
norepors,omepors
norfine,norfion
norfine,novafine
noriden,noriphen
noriden,norisan
noriden,toridon
noriden,vorigen
norifam,norisan
norifree,vomifree
noriphen,soniphen
norisan,nozinan
norisan,zoresan
norkenz,norvent
normak,normax
normax,normix
normeed,normetec
normeed,norphed
normetec,normitech
normetec,olmetec
normipress,normopres
norplat,norplus
nortemp,portemp
northix,novtrix
norvac,norvasc
norvac,novac
norvatrol,novafrol
nosipon,novixon
novacort,novazart
novaflocin,novatocin
novaflox,novafrol
novaflox,novaplex
novaflox,oraflox
novaglim,novaglip
novalev,novaplex
novamet,novamol
novamet,novomit
novamycin,novatocin
novamycin,oramycin
novapentin,novaplatin
novaplatin,novastatin
novaprazole,novatrazole
novasartan,vivasartan
novasorin,novasporin
novastatin,torvastatin
novatasone,novthasone
novaxone,novixon
novazide,novazidime
novazinc,orazinc
novazine,somazine
novazith,novazithro
novazol,novazolin
novclovir,tobclovir
novexib,novoxin
novirox,novtrix
novixon,novoxin
novixon,zovixol
novomit,novoxin
nozinan,rozitan
numaren,nuparin
numaren,sumapen
nuparin,rupafin
nuparin,suporin
nurica,urica
nurokind,nurolin
nurolin,ursolin
nutribone,nutrilon
nutrifat,nutrimax
nutrilens,nutrilon
nutrilon,nutrimin
nutrimax,nutrimin
nutrimin,nutrizinc
nystacare,nystasave
nystacare,nystcare
nystarex,nystcare
nystrin,vostrin
obcin,ocin
obixine,robixone
obramicin,oramycin
obrex,oprex
obrex,tobrex
ociclox,uniclox
ocin,ozin
octagesic,vitagesic
octanate,optanate
ocubidex,ocumydex
odipin,omipin
ofev,ofex
oflobiz,oflomil
oflodex,ofloxen
oflodex,opiodex
oflomil,oldomil
olan,oxan
olanfar,oranzar
olanzin,olazin
olazin,plaxin
olmeget,olmetec
olmegnan,olmestan
olmepas,olmezar
olmepas,omeptas
olmestan,zymestan
olmetec,olzitec
olmetec,ometech
olmezar,omezar
olxarin,olzadin
omacare,womacarb
omari,oxari
omecare,xymecare
omefil,omehil
omefree,vomifree
omega,omera
omegaven,omesave
omegut,omigut
omep,zomep
omepors,omeptas
omepracirc,omepramarc
omepravin,omeproviv
omeprazole,omeprozone
omerife,omerilz
omerife,omerose
omerife,ometift
omesan,omesar
omesan,ometan
omesar,omezar
ometech,oxytech
ometrol,vimetrol
omezol,omzol
omnivox,ornilox
ompraz,opraz
onafix,onefix
ondaget,ondenget
ondenox,ostenox
oneflex,oniplex
onima,onita
onima,oxima
onita,onitaz
onitaz,onitraz
onitraz,unipraz
opadinex,oradine
opel,xpel
opraz,sopraz
oprizole,zophizole
optador,optamol
optador,optavir
optagen,optanep
optagen,optigent
optagen,orfagen
optagen,zeptagen
optamol,optrazol
opthomox,optimox
optimin,optiquin
optimox,sitimox
optinova,zoplinova
optiwell,otowell
oradine,oratane
oradol,oranol
oraflox,ornilox
oraflox,otoflox
oramed,orimed
oramed,tramed
oranair,oranzar
orancla,oranclear
oranol,pranol
orapen,oxapen
oravacs,toravas
orawell,otowell
oraxime,orxime
orcomox,sucomox
oregamed,pregmed
oregandex,pregadex
orfagen,triagen
orimed,oximed
orimed,primex
orixa,urixa
orlifast,relifast
orsa,ursa
osteomol,osteozol
osteozol,ostiozole
ostonee,ostovel
otron,tron
overt,vert
oxalibil,oxalitin
oxalidex,oxaliget
oxalitin,oxaltin
oxan,oxas
oxanova,roxinova
oxanova,tranova
oxitone,tritone
oxycare,oxycore
oxycare,oxymarc
oxycore,oxynorm
pacetin,vamcetin
pacliget,paloget
paclinano,paclisanz
paclitero,paclitex
padotas,vasotas
paincare,zincare
paincure,paracure
paloget,tazoget
paloget,zologet
paloset,palset
palotron,palvotron
panagon,panamol
pancarzil,pantazil
pancore,panzole
panego,tanego
panlec,pantec
panlox,pannox
panpraz,pantopraz
pantaz,pantazo
pantazo,vactazo
pantobiza,vancobiza
pantobloc,pantoloc
pantobloc,peptobloc
pantocent,pantocin
pantocent,vancocent
pantoel,pantonil
pantoel,pantowell
pantoel,pantrex
pantokem,pantozim
pantokem,vancokem
pantolev,pantoloc
pantolev,panzole
pantoloc,patolop
pantomacid,pantracid
pantomeds,pantomerk
pantomeds,pantomide
pantopraz,pantoprix
pantopraz,pantovaz
pantoprime,pantoprix
pantovaz,pranovaz
pantovic,zanovic
pantowell,vancowell
pantozar,pantozim
pantracid,zantricid
parabie,paralife
paracerol,parcetol
paracon,parafol
paracure,varicure
paradex,pharmdex
paradrin,parapain
paradrin,patadin
parafever,porfever
paragard,parazar
paragard,pregard
paralife,parenlife
parapain,parasan
parapain,propain
parasan,parasave
parasave,parsave
parastan,prestan
paraver,parsave
paraway,pataday
paraxam,paraxib
parazar,potazar
parcetol,racetol
parical,patricol
parical,ranical
parmol,parol
parol,paxol
pataday,patadin
patanol,xalanol
paxel,paxol
paxol,praxol
pediachlor,penachlor
pediair,pediaxil
pediaxil,pediaxime
pegnano,welnano
pelisafe,povisafe
pemiget,pemirex
pemirex,pemtrex
pemirex,venirex
penjenta,perjeta
penodex,phenodex
penodex,sensodex
penodex,zynodex
penradol,pentazol
penradol,peramol
penstal,penthal
penstal,ponstan
pentasa,ventasma
pentasa,zentara
pentaxim,protaxim
pentazol,phenazol
pentazol,retazol
pentolac,ventolax
pentracin,zentrocin
perdinus,peritus
peritus,pyritas
pharmine,phenmine
phenamine,phenmine
phenamine,saphenamine
phenazol,phenycol
phencet,philcet
phenerex,phenodex
phenodex,phenomed
philamin,philamol
philamin,philprin
philcet,philcox
philclox,philcox
philcox,philnor
philprin,philtrix
philstat,philtam
philstat,shinstat
philtam,philvan
philvan,philvasc
phosmax,profmax
phosphomax,phospomar
physicxime,physicxone
phytomen,pytogen
pibitor,pitator
pidogrel,tridogrel
pilldipine,pillrizine
pillxacin,pillxamic
pimax,primax
pioglon,proglin
piotaz,piptaz
piotaz,pizotaz
piperax,pipernix
piperax,pipertaz
piptam,piptaz
pipzomax,pitzomac
piracil,viraxil
piritan,pyritas
pisamor,pitator
pitator,pitztar
pitzomac,pizobac
pizobac,pizotaz
pizobac,prazobac
pizotaz,tazotaz
planicid,platicin
planicid,ranicid
plasid,plasil
plasil,plazol
platecil,platicin
platicin,plaxitin
platihex,platinox
platihex,platixel
platihex,plavihex
platin,plaxin
platixel,platixon
plaxatin,plaxitin
plaxime,plaxone
plaxitin,seaxitin
plazol,plezol
plemalis,plemasin
plemasin,premarin
pletaal,pletaxol
pneumosil,pneumosolv
pneumosil,pneumotyl
poglavit,rolavit
polynerv,solnerv
ponstan,prestan
pontein,potecin
popicin,potecin
porazole,vorzole
potecin,protemin
povide,povidex
povidex,povigen
povigen,privigen
povin,povix
povistat,rovista
povix,rovix
powermint,powervit
pracimed,urcimed
pradaxa,prolaxa
pranol,prinol
pranolol,pratozol
prasenz,predsenz
prasenz,triasenz
prasenz,unasenz
pratozol,protozole
praxid,prazic
praziem,profiem
prazimac,prazobac
prazlax,prazolex
prazlax,prozelax
prazolife,tazolife
prazome,prosome
prazome,razomed
prebasit,pregavit
precedex,pregadex
predbiz,predhil
predbiz,prednaz
predcare,predmore
predcare,predsar
predisyr,predsar
predixone,predzone
predmet,pregmed
predmore,predzone
prednecort,prednicort
predsan,predsenz
predsan,prestan
predzone,presone
pregab,pregav
pregalife,pregasafe
pregard,pregmed
pregmed,propmed
prelat,prenat
prelat,prolat
prenaxon,trenaxin
presone,prosome
presone,sprasone
priadix,priorix
priadix,trianix
priligy,primigyn
primadol,primofol
primadol,promadol
primadol,trimaxol
primax,primex
primax,trimax
primear,primesal
primear,trimezar
primerazole,promeprazole
primex,trimex
primigyn,privigen
primol,prinol
primudine,primuxime
privan,trivan
probelin,proglin
probloc,propbloc
prodipine,varodipine
profalexin,roflexin
profaril,profenil
profen,proxen
profenil,rofunil
profilox,proviflox
profmax,protemax
profocent,profogen
profogen,prokolen
profoly,qprofol
profostar,prolostan
profure,profurex
progefil,progesic
proglin,propain
progliptin,tragliptin
prolaxa,provana
prolia,prolix
promadol,providol
promeddazole,promeprazole
promeprazole,trumeprazole
prometasol,propetason
prometil,prometin
prometin,provestin
promizole,protozole
pronas,provas
pronerv,pronorm
pronerv,provera
pronerv,provinerv
pronorm,urinorm
propain,tropair
propmed,ropimed
propmed,tripmed
proscopan,prospan
prosec,protec
prosmide,rosemide
prostacap,prostacin
prostacap,provitacap
prostaflow,prostoflow
prostam,protam
prostarex,prostaron
prostera,provera
prostriaz,prostride
protec,protecz
protemax,protemin
protemax,prozelax
protozole,tropozole
provana,provasc
provana,provera
provas,provasc
provasc,trivasc
proviclav,roxiclav
provitazee,revitazee
proxen,proxin
proxen,proxxen
prozalac,prozelax
prozin,trozin
psycopin,psycosin
pulmocaz,pulmonac
pulmohex,pulmoped
purifol,rubifol
purogen,pytogen
puroxan,varoxan
pusogard,ursogard
pyredol,pyrekon
pyredol,seredol
pyrex,zyrex
pytogen,zytogem
pzbactam,sybactam
pzbactam,tazbactam
qinolon,tenolon
quadxiclav,qualiclav
qualcet,qualicef
qualicef,qualizef
quinolev,quizole
quinozole,quizole
qurphen,surphen
qursocare,ursocare
rabamycin,retamycin
rabecid,rabemed
rabecid,robecim
rabegen,rabemed
rabem,raben
rabem,raxem
rabemed,razomed
rabemed,rocemed
rabesta,robestar
rabicor,ranicort
racedol,racedril
racedol,rapidol
racedril,racetril
racedril,remedril
racef,racep
racelax,rapelex
racelax,tramelax
racetol,racetril
racetol,rasitol
rafor,rafur
ramal,ramol
ramal,tramal
ramavit,raphvit
ramavit,rolavit
ramavit,tramavic
ramec,ranex
ramec,rasec
ramgesic,rongesic
ramide,raxide
ramipro,trampro
ramitob,rasitol
ramol,tamol
ramtrex,tamtrix
rancit,sancit
ranesan,transan
ranex,ranexa
ranex,tranex
ranexid,tranexid
ranical,ranicid
ranical,raniclav
ranical,xenical
ranicid,ranivic
ranicid,rapicis
ranicort,rapifort
ranicort,unicort
ranipen,tramipen
raniphar,raniphil
ranirex,rynorex
ranirex,venirex
ranitein,ranitemp
ranivic,zanovic
rapcodyl,rexcodyl
rapcodyl,saphcodyl
raphibon,rapidon
raphiodine,saphiodine
rapicis,rapirus
rapidol,rapizole
rapidon,saridon
rapifort,rapzifor
rapizole,regizole
rapizole,tapazole
raplexin,roflexin
ravitam,razytam
ravixol,zovixol
raxem,raxum
raxem,tazem
razine,rizine
razogen,razomed
reax,retax
recaine,resaire
recox,refix
recox,ricox
recox,vecox
redacid,retacid
redacid,rodazid
reducel,redugal
refix,zefix
regabalin,retabaline
regifer,regifix
regifix,regivit
regifix,vesifix
regimol,regison
regisev,regison
regivell,sergivell
regivit,robivit
regixime,regizine
regixime,retaxime
regixime,rogexime
regizine,regizole
regizole,retazole
relenza,reventa
reliefas,relifast
relifast,religrast
relifast,telfast
relifer,reliferon
relizol,retazol
remasta,retastat
remedia,remedril
remedlor,remedon
remedon,residon
remedon,romeron
remedril,rimepril
remifemin,remifen
remifen,rexofen
remifen,zetifen
remucof,repicof
renabal,renoxal
renoket,rotoket
renotrin,senorin
rentrol,septrol
rentrol,ventryl
reone,rexone
reopraz,retapraz
reparil,zepdril
repicof,revicon
repicof,zeticof
resaire,restime
resflox,resolor
residon,residron
residron,revitron
resincal,respinal
respinal,respixl
respinal,resposal
respiro,rezpira
retabion,retabloc
retabloc,rezebloc
retaclav,retacloz
retacnyl,retanyx
retacox2,retacoxib
retactrim,retatrime
retaglim,retaglimet
retaglimet,staglimet
retalac,rexulac
retamide,retaxime
retamxcin,retamycin
retanapril,retapril
retanix,retanyx
retanix,reytanic
retanix,rotarix
retanyst,retanyx
retapenem,seapenem
retaplav,retapraz
retapril,verapril
retasar,retasul
retatrime,retaxime
retavent,retazet
retaxime,retaxone
retazar,rhetizar
retazet,retazith
retazidime,retazidine
retazidime,tazidime
retazol,retazole
retazole,zertazole
retracef,setacef
retracef,terracef
reventa,rozenta
revicon,revitron
revitacee,revitazee
revitazee,vitazee
rexamide,vexamine
rexilan,rexulac
rexilan,roxipan
rexulac,rexulti
rezotam,sezolam
rheuflam,rheuflex
rhinil,rhinol
rhinodec,rhinofen
ridocof,ritocom
rifamox,rifasol
rifamox,vigamox
rifazid,riniazid
rifazid,rivazin
rifazid,rodazid
rifeclav,rifelac
rifoxane,rifoxyn
rimaped,romapen
rinecol,risefol
rinecol,rovecol
rinozine,vinodine
riprocin,rytrocin
risfar,rostar
risgen,rispen
risgen,rosgen
rispemed,rispemind
risperdal,rispermax
rispond,risponz
ristac,rostad
ritalin,ritusin
ritalin,rivazin
ritegesic,vitagesic
rivaban,rivazin
rivaromed,rivaxored
rivazin,xigazin
rivida,rivoxa
rizin,rizine
rizine,trizine
robestar,rocustar
robicarb,roybicarb
robimep,robisef
robimep,ropimed
robivit,rodicit
rocaine,rosamine
rocaine,rovacaine
rocaldin,rovalpin
rocef,zocef
rociem,roxiem
rocimus,roximuf
rocunova,roxinova
rocustar,rocutam
rocustar,rosustat
rodazid,roxavid
roflexin,roflexyn
rolavit,roxavid
romapen,romepen
romapen,sumapen
romepen,romeron
ronpibac,topibac
ropen,rosen
rosalfen,rosufen
rosan,rosen
rosan,rostan
rosen,rosgen
rostar,roztat
rostar,urostar
rosucare,rosucass
rosucare,rosucura
rosucol,rovecol
rosudex,rosufen
rotarix,roxurix
rotelol,rovecol
rovalpin,rovastin
rovastin,rovatim
rovista,rovita
roxicam,roxicef
roxicam,roxiclav
roxicam,roxipan
roxicef,roximuf
roxipan,rozitan
rozuor,rozutor
ruxim,truxim
rylin,tylin
rynorex,zynodex
salbrosin,salbussin
salbucam,salbucass
salbugen,salmogen
salbumin,salbussin
salbunova,salbunox
salbunova,sulbanova
salbunox,salbusol
salbusaph,salbuseth
salbuvan,salusan
salinase,salinate
salmate,salmuto
salmate,salrite
salmed,salumed
salmetide,salmetin
salmetin,salventin
salrite,sylvite
saltaz,saptaz
saltrol,santron
saltrol,septrol
salusan,valugan
salventin,silvertin
salveo,salvex
salvex,silvex
sambactam,sybactam
sambactam,tazbactam
sancox,sanzox
sandine,sildine
sandine,stardine
sanomed,sanovee
sanomed,sevomed
sanomed,vancomed
sanovee,tazovee
sanoxime,stanxime
sanpara,stalpara
santecef,santecet
santezon,santron
santon,santron
santron,savetron
sanxib,stanxib
sapflur,saphflu
saphcee,saphxel
saphdecon,saphdenos
saphdecon,sapheron
saphdecon,saphmicon
saphdramine,saphenamine
saphdryte,saphlyte
saphdryte,saphtrate
saphezine,saphzine
saphlipids,saphlopid
saphlocid,saphtacid
saphlozin,saphnoxin
saphmirate,saphtrate
saphnelo,saphxel
sapholic,saphrolac
saphridarone,saphridone
saphridone,saphvidone
saphril,saphxel
saphrin,suporin
saphrinox,saphrivax
saphtinib,saphtinoin
saphtinib,saphtivit
saphzimet,saphzine
saridon,serixon
saridon,toridon
sartan,saztan
sartan,ysartan
savephrine,sephrine
scheepril,scheeprin
searosu,zenrosu
seaxime,sefpime
seaxime,stanxime
seaxitin,zeuxitin
sedafin,sedafol
sedafol,sevafor
sedalin,sepalon
sedalin,servalin
sedazine,somazine
sefepim,sefpime
sefoxib,semoxil
sefpime,sepime
seif,snif
selamer,telamed
selergy,sylergy
senogen,senorin
senogen,synigen
senorin,tenormin
sensocain,sensorcaine
sensodex,sensomox
sensodex,synvodex
sensoflox,sensomox
sepalon,zepaclon
sephrine,suprine
sepime,supime
seredol,zerodol
seregra,serendra
seregra,vertegra
serenata,serendra
serixon,seroxyn
serixon,setrion
serixon,sitixon
serixon,striaxon
serlev,terlev
seroxat,seroxyn
servcef,setacef
servcef,surecef
severin,severqo
sevo,zefo
sevoflex,sevollen
sevofran,sevorane
sevomed,sevomond
shafurox,syfurox
shegrel,skygrel
sherine,sherizine
sherine,suprine
sherizine,sitrizine
shincef,stancef
shintamet,sitamet
siagra,siagran
siagra,viagra
siagran,silgram
siderfol,siverol
sifrol,sucrol
sildegra,sildora
sildiaz,sildine
sildora,tildopa
silfavex,sulfadex
silkron,silybon
silvertin,silvirin
simet,xomet
simvastatin,simvastin
simvastin,simvasyn
sinedin,sinudrin
sinedin,sitadin
sinucare,sinucass
sinudex,sinumed
sinudex,ziludex
sinulif,sinuzip
sinuphil,sitaphil
sinuplus,sitaplus
sinusaph,sinustap
sinustan,sinustap
sinuvent,soluvent
sioflox,sitiflox
sitadin,soladin
sitadin,stadin
sitaglimin,sitaglizen
sitaglinex,sitaglizen
sitamet,sitampex
sitamet,stagmet
sitiaxone,sytriaxone
sitiaxone,unitiaxone
sitiaxone,viriaxone
sitidol,vitadol
sitiflam,sitiflox
sitiformin,zitformin
sitimax,vitamax
sitipraz,sunipraz
sitirose,sitisone
sitirose,vitarose
sitisone,sitizine
sitixime,sufixime
sitizine,sitrizine
skinall,skindal
slimgen,slimtea
slimgen,soligen
sobromer,sybromex
sodicarb,stricarb
sodiko,sodiqo
sodrogen,soprozen
sofinox,tocinox
soladin,sulidin
solazol,strazol
solben,zolgen
solbina,solifina
solbina,solzinc
solbina,zolvina
solbriz,sulbrim
solif,zolid
solifen,solifina
solifen,sublifen
soligen,synigen
solucent,soluvent
soluvent,voluven
solvamin,solvamox
solvamin,sultamin
somazine,sorzine
somex,ximex
soprozen,syproxen
spamex,spamox
spasdon,spastop
spasmocin,spasmoline
spectra,spectrax
spedra,speeda
spilogen,spiroden
spinofar,spirofar
spiroden,spirolin
staglimet,stagmet
staldol,standol
stalpara,stelara
standol,tandol
stanxib,stanxime
starcef,starcox
starcef,starlev
starclav,starlev
stator,strator
stericort,tricort
sterizol,strazol
sterizol,terizole
strator,strazol
stravas,toravas
stravix,travixa
stravix,ustavix
stravix,xtravit
strazol,strumazol
stricarb,strirab
strobon,strozin
sublimax,sublimaze
succimed,urcimed
sucrosaph,urosaph
sucrostar,urostar
sudomas,zudonas
sufixime,unixime
sugadeel,sugadex
sugadex,sulfadex
sugadex,syguadex
sugamacen,sugamaget
sugamba,sugamex
sulbacin,sultamin
sulbacin,sulvacil
sulbazon,suprazon
sulfachem,sulfakrem
sulmax,supmac
sultamin,sultralin
sunipraz,unipraz
supermint,supramint
suplenex,suprinex
suporin,suprine
supragab,supratab
supramox,supranx
supramox,suprazon
supraznc,suprazon
suprazon,suprezol
surgistat,surixtat
sustachlor,vistachlor
syclopid,syclovir
sycor,xycod
sycor,zydor
sydencin,wudencin
sydencol,sydenzole
syfurox,symulox
symden,symdenx
syneuron,vineuron
synproxin,syproxen
synthocin,synthopen
synvodex,zynodex
syproxen,syropen
systocor,vytocor
tacrohab,tacromax
tafnext,tranext
talafil,tazadil
tambutol,tamdutor
tambutol,trabutol
tamicil,tamirit
tamin,tamina
tamin,tazin
tamirit,tamtrix
tamlo,tamol
tamoxiion,tamoxilon
tamplus,tdlplus
tamsolin,tamsudin
tamsudas,tamsudin
tamsudin,tamsuzen
tamsukem,tamsuzen
tamsunav,tamsusave
tapimycin,trimycin
tarnax,tarnex
tazem,tazim
tazicef,tazicon
tazicon,tazidyn
tazicon,valicon
tazidem,tazidime
tazidem,tazidyn
tazidem,tazodec
tazidine,tazidyn
tazocare,tazosar
tazocilin,tazocin
tazocure,triocure
tazoget,temoget
tazolife,tazolitt
tazolife,tazorife
tazopen,tazopro
tazoprac,tazopro
tazpiracil,tazracil
teagen,teragen
technodap,technozar
telamed,triamed
telatraz,terapraz
telfast,telkazt
telfast,telvost
telgio,telgip
telman,teltan
telmigen,termagen
telmilife,telmitime
telmiphil,telmipin
telmiphil,terbiphil
telmisar,telmizart
telmisar,zermisar
telsicare,vesicare
temozol,trimozol
tempaid,tempmed
tempmed,tripmed
tenemax,tenemed
tenemax,theremax
tenglyn,tenolon
tenoliv,tenolon
tenormin,tezomin
teradox,tieradix
teragen,teralev
teralev,terlev
teramol,teramoxyl
teramol,tetrapol
terasin,terozin
terbifin,terbivid
terclovir,tobclovir
tergecef,terracef
tergecef,threcef
tergecef,zegecef
terozin,tezomin
terracef,terracid
terracef,triacef
terracid,tobracid
texim,toxim
tezomin,tezoxil
tgflox,tiflox
tgxime,tgxone
theracaf,theracim
theracaf,theraclav
thinphil,triophil
thixanase,ticanase
throvix,thyrofix
thymexin,trymerin
thyrofix,thyroxil
ticaalor,tigralor
tidomet,vilomet
tigecare,timocare
tigecid,tigeclin
tigecid,vigocid
tildopa,twindopa
timibest,tribest
timocare,timovate
timoptol,timostal
timoptol,trimotol
timostal,trimostat
tinactin,tolnactin
tiradol,vitadol
tiramas,toravas
tirifex,trifex
toben,tofen
tobracare,tobracor
tobracare,tobrasafe
tobracid,tobracor
tobracor,tobrago
tobradex,tobramet
tobrago,tobraxa
tobrasafe,tobrasaph
topamax,triamax
topibac,totilac
topiclo,zodiclo
topneuter,topneutor
toprasenz,torosenz
toravas,torotas
trabutol,tracutil
tracel,tracen
tracemol,tramexol
tracid,tramid
tracsiban,tractoban
tradolan,tradomal
tral,trap
tral,ural
tramadex,trimedex
tramadin,trimedin
tramafar,tramazac
tramal,traman
tramal,tramxl
traman,tramon
traman,traxan
tramavic,tramazac
tramavic,tranamic
tramazac,tramaze
tramaze,tramcare
tramed,tramid
tramed,tranex
tramexol,trimaxol
tramid,tramide
tramid,tramir
tramid,tranix
tramklor,tramkor
tranamic,tranexamic
tranamic,trenzamic
tranesaph,tranexsaph
tranesaph,trinosaph
tranesave,tranexare
tranex,tranext
tranex,tranez
tranex,tranix
tranex,trunex
tranexagen,tranexamin
tranexagen,tranexare
tranexam,tranexare
tranexare,tranexfree
tranexid,tranexmed
tranexid,trenaxid
tranexmed,tranmed
tranez,tranz
tranhil,tranzil
tranix,trianix
transan,trantran
transtec,transtero
tranxene,tromxene
trapeel,traphen
traphen,tripgen
trefoxin,trenaxin
trenaxid,trenaxin
trenaxin,triaxin
tretinoin,tretinon
trexasaph,triasaph
trexglo,trexiglob
trexil,trexin
triagen,triasenz
trialoc,triasop
trialoc,trigalow
trialoc,triplec
triamax,triamed
triamax,trianix
triamax,trimax
triasaph,triasop
triaxcef,triaxsea
tribac,tribact
tribac,trilac
tribacef,tribact
tribact,tribest
tribact,twinact
trichek,trixchel
trichogen,trichogyl
trichogen,trizogen
triclav,triclir
triclav,triolev
triclav,truclav
tricomb,tricort
triconex,tritone
tricor,tricort
tricort,trimacort
triden,tridep
triderm,triserv
trifam,trifar
trifam,trivan
trifex,trimex
trifixime,trixime
trigel,trigil
trihemic,trizeric
trilac,trilam
trimax,trimex
trimecass,trimevasc
trimedex,trimulex
trimedin,trimycin
trimedin,trymerin
trimestat,trimostat
trimetaz,trimtazz
trimetaz,ximetaz
trimevasc,trivasc
trimex,trunex
trimezar,trimezen
trinsetron,troysetron
triocure,uricure
triolev,triplec
triolev,trizole
triqox,trivox
tritab,tritam
tritam,uritam
trivasc,truvast
trivox,trucox
trixcef,trixchel
trixime,truxima
trixsuer,trixsur
trizogen,trizole
trizon,trozin
tropair,tropsiv
tropican,tropicee
tropin,trozin
trucox,trufix
truxim,truxima
tygepol,tylenol
ulcerex,ulcerix
ultracor,ultramol
ultrafast,ultravist
ultramax,ultramol
unibet,uniket
uniclox,uniflox
uniflox,uriflow
unigan,univan
unigan,unogab
uniket,unomet
unixime,unixone
unofix,urofix
urcia,urcid
urece,urecef
urica,urixa
uricalev,uricare
uricare,ursocare
urisam,uritam
ursocare,ursogard
ursogen,vesogen
ursolec,ursultec
ursomax,ursosan
ursosan,usosan
vaclopsiv,vapclosiv
vagacyte,valcyte
vagacyte,valgancyte
vagilin,vasitin
valatan,valstat
valatan,valugan
valatan,xalatan
valcore,valcyte
valcore,vercore
valdorin,valdoxan
valdoxan,varoxan
valianz,zaliana
valicon,vamicyn
valicon,vasocon
valopram,valsaram
valprex,valpros
valprex,valtrex
valstat,vamstat
valtam,vantam
valtir,valtor
valtir,veltir
valugan,volugen
vamox,viamox
vamstat,vomistat
vancin,vancyn
vancocent,vancocyn
vancocym,vancokem
vancokem,vancokin
vancomarc,vancomax
vancomax,vancosan
vantam,ventam
varoxa,varoxan
varoxan,xaroban
vascor,vasocor
vaselon,vasocon
vaselon,vivelon
vasitin,vasotwin
vasocon,vastacon
vasocor,vytocor
vasotas,vasotec
vasotec,vesetec
vastacon,vastator
vastacon,vistacom
vatacil,vitacal
vecox,venox
vefarol,zefarox
velacom,xalacom
velon,vexon
venacare,zinacare
venacure,vercure
venis,venox
venocare,venocass
venrose,zenrosu
vent,vert
ventacort,ventact
ventam,ventar
ventam,vertam
ventar,vestar
ventek,zentek
ventera,vertegra
ventera,xenteri
ventera,zentara
ventolax,ventolin
ventolin,vincolin
ventress,ventrex
ventress,ventuss
ventrex,ventryl
verahit,verapix
verapix,verapril
vergimine,vertigine
vertamin,vertisin
vertex,virtex
vertigine,vertisin
vesicare,visiocare
vesogen,vigogen
vestar,westar
vexamine,voxamine
vexil,voxil
viacef,vitacef
viamox,vigamox
viamox,vinmox
viatrex,vistrep
vicaxone,viriaxone
vicolax,wincolax
vidime,zidime
vigadexa,vitadex
vigogen,vitagen
vilaptin,vitatin
vildamet,vildatec
vildamet,vilomet
vildatec,zilatec
vildaxil,viraxil
vincolin,vinobin
vineuron,viteron
vinlon,zinlon
vinobin,vinodine
vinodine,visoline
viptriaxone,viriaxone
virex,virtex
virlix,vizlix
vispocaf,vispocef
vispocaf,vispoclav
vispomycin,vistromycin
vistacom,vistamox
vistacom,vitacod
vistaflam,vistaflox
vistaflox,vistamox
vistamox,vistramol
vitablod,vitacod
vitacod,vitacore
vitacore,vitarose
vitadex,vitadol
vitadex,vitamax
vitagen,vitgen
vitamace,vitamax
vitarap,vitares
vitares,vitarose
vitazee,vitazol
vitazee,vitzee
viteron,vivelon
vocozole,vorzole
vometa,zometa
vomistat,vomistop
vorix,voriz
voxib,voxil
wadine,xadine
westa,westar
wincolax,winolap
xalacom,xalanol
xalatrex,xefatrex
xalvos,zalvos
xanor,xantor
xantor,xentor
xelafos,xelares
xelavir,xelevia
xenal,xensal
xenista,xinisia
xglip,xiglip
xiax,ziac
xiflox,xifox
ximebac,ximetaz
ximex,ximvex
ximex,zinex
ximvast,zimvast
xinatrene,zintrene
xipro,xiprox
xipro,xitro
xiprox,ziprox
xolcetam,xolvecetam
xolnic,xoltic
xomet,xonet
xyfol,zydol
xylocaine,xylocare
xylocare,xymecare
xylomid,xylotin
xylotin,xyotin
zadec,zafex
zalimed,zefimed
zanovic,zenovia
zarocin,zirocino
zealor,zeflor
zebesar,zolesar
zebzine,zerzime
zefamax,zynamax
zefarox,zeferom
zefcid,zeffix
zefillin,zusillin
zefir,zefix
zefral,zefrax
zefral,zeftral
zeftral,zestril
zegecef,zekucef
zelan,zelin
zelin,zepim
zemep,zomep
zenovia,zenoxim
zenoxim,zenxime
zenstra,zentara
zenstra,zestra
zentek,zentro
zentrocin,zetrocyn
zenuine,zenxime
zenxime,zexime
zenxime,zinaxime
zepdril,zeporin
zepdril,zestril
zepim,zepime
zepime,zexime
zeprazole,zertazole
zeptadone,zetadone
zeptagen,zeptrigen
zeptriagem,zeptrigen
zerone,zeronem
zerridone,zerrilose
zetrimed,zetrine
ziac,zinc
zidicef,zinacef
zidicef,zolicef
zidolam,zirolac
zilden,zoldem
ziludex,zoladex
zimafen,zinafer
zinacef,zinafer
zinafer,zirofer
zinbee,zincee
zinc,zinck
zincap,zindal
zincare,zinfate
zincavit,zinceevit
zincee,zincet
zincet,zinmet
zincomin,zipromin
zinex,zinox
zinex,zobex
ziprin,zitrin
zipropol,ziproxyl
ziproxin,ziproxyl
ziproxin,zithroxin
zitamet,zitamol
zithmac,zithran
zithmycin,zithrocin
zithroace,zithrovee
zithrol,zithrolab
zithrolab,zithromax
zithromax,zithrox
zithrorich,zithrotech
zithrorich,zithrovic
zithrovee,zithrovic
zithrox,zithroxin
zobid,zolid
zobrixol,zovixol
zocor,zocort
zoldem,zolpem
zoldrocid,zoldromed
zolebend,zolemed
zolechem,zolichek
zoled,zolev
zoled,zolid
zoled,zolmed
zoledra,zoleduo
zoledra,zolentra
zolemed,zolmed
zolemep,zolexemp
zolesar,zolnevar
zolesar,zoresan
zolev,zolevi
zolfree,zoloren
zolgen,zoligen
zolicef,zolichek
zolmed,zolnex
zolodin,zolonic
zolodin,zoloren
zolodin,zylotin
zoloral,zoloren
zondrax,zovirax
zopil,zopip
zopracil,zopralix
zyclor,zyklor
zydip,zydol
zydol,zydor
zyhex,zyrex
zylotin,zylovir
zymar,zymax
zymax,zyvax
zyrex,zytrex
zystal,zystam
zytodex,zytogem
zyvax,zyvox
